x1,y1,x2,y2,class,true_class_name,image,image_path,class_id
39,116,569,375,14,Audi TTS Coupe 2012,00001.jpg,C:/Users/seanf/Desktop/archive/cars_train/cars_train/00001.jpg,0
36,116,868,587,3,Acura TL Sedan 2012,00002.jpg,C:/Users/seanf/Desktop/archive/cars_train/cars_train/00002.jpg,1
85,109,601,381,91,Dodge Dakota Club Cab 2007,00003.jpg,C:/Users/seanf/Desktop/archive/cars_train/cars_train/00003.jpg,2
621,393,1484,1096,134,Hyundai Sonata Hybrid Sedan 2012,00004.jpg,C:/Users/seanf/Desktop/archive/cars_train/cars_train/00004.jpg,3
14,36,133,99,106,Ford F-450 Super Duty Crew Cab 2012,00005.jpg,C:/Users/seanf/Desktop/archive/cars_train/cars_train/00005.jpg,4
259,289,515,416,123,Geo Metro Convertible 1993,00006.jpg,C:/Users/seanf/Desktop/archive/cars_train/cars_train/00006.jpg,5
88,80,541,397,89,Dodge Journey SUV 2012,00007.jpg,C:/Users/seanf/Desktop/archive/cars_train/cars_train/00007.jpg,6
73,79,591,410,96,Dodge Charger Sedan 2012,00008.jpg,C:/Users/seanf/Desktop/archive/cars_train/cars_train/00008.jpg,7
20,126,1269,771,167,Mitsubishi Lancer Sedan 2012,00009.jpg,C:/Users/seanf/Desktop/archive/cars_train/cars_train/00009.jpg,8
21,110,623,367,58,Chevrolet Traverse SUV 2012,00010.jpg,C:/Users/seanf/Desktop/archive/cars_train/cars_train/00010.jpg,9
51,93,601,393,49,Buick Verano Sedan 2012,00011.jpg,C:/Users/seanf/Desktop/archive/cars_train/cars_train/00011.jpg,10
6,62,499,286,186,Toyota Sequoia SUV 2012,00012.jpg,C:/Users/seanf/Desktop/archive/cars_train/cars_train/00012.jpg,11
30,36,418,307,135,Hyundai Elantra Sedan 2007,00013.jpg,C:/Users/seanf/Desktop/archive/cars_train/cars_train/00013.jpg,12
31,246,778,540,85,Dodge Caravan Minivan 1997,00014.jpg,C:/Users/seanf/Desktop/archive/cars_train/cars_train/00014.jpg,13
32,77,589,379,193,Volvo C30 Hatchback 2012,00015.jpg,C:/Users/seanf/Desktop/archive/cars_train/cars_train/00015.jpg,14
27,49,611,396,172,Plymouth Neon Coupe 1999,00016.jpg,C:/Users/seanf/Desktop/archive/cars_train/cars_train/00016.jpg,15
39,52,233,150,14,Audi TTS Coupe 2012,00017.jpg,C:/Users/seanf/Desktop/archive/cars_train/cars_train/00017.jpg,0
3,8,190,147,73,Chevrolet Malibu Sedan 2007,00018.jpg,C:/Users/seanf/Desktop/archive/cars_train/cars_train/00018.jpg,16
247,287,1366,761,192,Volkswagen Beetle Hatchback 2012,00019.jpg,C:/Users/seanf/Desktop/archive/cars_train/cars_train/00019.jpg,17
17,281,961,596,57,Chevrolet Corvette Ron Fellows Edition Z06 2007,00020.jpg,C:/Users/seanf/Desktop/archive/cars_train/cars_train/00020.jpg,18
17,156,695,375,79,Chrysler 300 SRT-8 2010,00021.jpg,C:/Users/seanf/Desktop/archive/cars_train/cars_train/00021.jpg,19
212,538,1893,1131,36,BMW M6 Convertible 2010,00022.jpg,C:/Users/seanf/Desktop/archive/cars_train/cars_train/00022.jpg,20
11,28,476,234,120,GMC Yukon Hybrid SUV 2012,00023.jpg,C:/Users/seanf/Desktop/archive/cars_train/cars_train/00023.jpg,21
53,126,973,621,170,Nissan Juke Hatchback 2012,00024.jpg,C:/Users/seanf/Desktop/archive/cars_train/cars_train/00024.jpg,22
34,87,567,343,194,Volvo 240 Sedan 1993,00025.jpg,C:/Users/seanf/Desktop/archive/cars_train/cars_train/00025.jpg,23
30,174,598,379,134,Hyundai Sonata Hybrid Sedan 2012,00026.jpg,C:/Users/seanf/Desktop/archive/cars_train/cars_train/00026.jpg,3
80,107,606,336,184,Suzuki SX4 Sedan 2012,00027.jpg,C:/Users/seanf/Desktop/archive/cars_train/cars_train/00027.jpg,24
45,115,585,382,86,Dodge Ram Pickup 3500 Crew Cab 2010,00028.jpg,C:/Users/seanf/Desktop/archive/cars_train/cars_train/00028.jpg,25
28,139,1564,1126,180,Spyker C8 Coupe 2009,00029.jpg,C:/Users/seanf/Desktop/archive/cars_train/cars_train/00029.jpg,26
82,109,874,521,194,Volvo 240 Sedan 1993,00030.jpg,C:/Users/seanf/Desktop/archive/cars_train/cars_train/00030.jpg,23
55,318,446,564,154,Land Rover Range Rover SUV 2012,00031.jpg,C:/Users/seanf/Desktop/archive/cars_train/cars_train/00031.jpg,27
12,31,471,350,139,Hyundai Elantra Touring Hatchback 2012,00032.jpg,C:/Users/seanf/Desktop/archive/cars_train/cars_train/00032.jpg,28
34,197,1011,656,66,Chevrolet Cobalt SS 2010,00033.jpg,C:/Users/seanf/Desktop/archive/cars_train/cars_train/00033.jpg,29
37,63,614,397,133,Hyundai Veracruz SUV 2012,00034.jpg,C:/Users/seanf/Desktop/archive/cars_train/cars_train/00034.jpg,30
223,87,1111,670,154,Land Rover Range Rover SUV 2012,00035.jpg,C:/Users/seanf/Desktop/archive/cars_train/cars_train/00035.jpg,27
138,41,521,223,104,Ferrari 458 Italia Coupe 2012,00036.jpg,C:/Users/seanf/Desktop/archive/cars_train/cars_train/00036.jpg,31
31,87,616,344,38,BMW Z4 Convertible 2012,00037.jpg,C:/Users/seanf/Desktop/archive/cars_train/cars_train/00037.jpg,32
16,89,459,326,97,Dodge Charger SRT-8 2009,00038.jpg,C:/Users/seanf/Desktop/archive/cars_train/cars_train/00038.jpg,33
53,113,614,350,105,Fisker Karma Sedan 2012,00039.jpg,C:/Users/seanf/Desktop/archive/cars_train/cars_train/00039.jpg,34
214,110,660,403,142,Infiniti QX56 SUV 2011,00040.jpg,C:/Users/seanf/Desktop/archive/cars_train/cars_train/00040.jpg,35
61,55,566,408,13,Audi A5 Coupe 2012,00041.jpg,C:/Users/seanf/Desktop/archive/cars_train/cars_train/00041.jpg,36
28,61,622,371,191,Volkswagen Golf Hatchback 1991,00042.jpg,C:/Users/seanf/Desktop/archive/cars_train/cars_train/00042.jpg,37
22,39,588,362,119,GMC Savana Van 2012,00043.jpg,C:/Users/seanf/Desktop/archive/cars_train/cars_train/00043.jpg,38
220,193,537,364,38,BMW Z4 Convertible 2012,00044.jpg,C:/Users/seanf/Desktop/archive/cars_train/cars_train/00044.jpg,32
12,108,489,297,186,Toyota Sequoia SUV 2012,00045.jpg,C:/Users/seanf/Desktop/archive/cars_train/cars_train/00045.jpg,11
28,80,759,466,25,Audi TT RS Coupe 2012,00046.jpg,C:/Users/seanf/Desktop/archive/cars_train/cars_train/00046.jpg,39
84,248,1102,899,194,Volvo 240 Sedan 1993,00047.jpg,C:/Users/seanf/Desktop/archive/cars_train/cars_train/00047.jpg,23
142,69,753,451,177,Rolls-Royce Phantom Sedan 2012,00048.jpg,C:/Users/seanf/Desktop/archive/cars_train/cars_train/00048.jpg,40
166,543,887,903,173,Porsche Panamera Sedan 2012,00049.jpg,C:/Users/seanf/Desktop/archive/cars_train/cars_train/00049.jpg,41
20,96,564,341,42,Bentley Continental GT Coupe 2012,00050.jpg,C:/Users/seanf/Desktop/archive/cars_train/cars_train/00050.jpg,42
41,181,607,465,91,Dodge Dakota Club Cab 2007,00051.jpg,C:/Users/seanf/Desktop/archive/cars_train/cars_train/00051.jpg,2
39,29,774,395,148,Jeep Grand Cherokee SUV 2012,00052.jpg,C:/Users/seanf/Desktop/archive/cars_train/cars_train/00052.jpg,43
161,191,425,307,15,Audi R8 Coupe 2012,00053.jpg,C:/Users/seanf/Desktop/archive/cars_train/cars_train/00053.jpg,44
58,562,1528,1081,97,Dodge Charger SRT-8 2009,00054.jpg,C:/Users/seanf/Desktop/archive/cars_train/cars_train/00054.jpg,33
80,120,582,391,42,Bentley Continental GT Coupe 2012,00055.jpg,C:/Users/seanf/Desktop/archive/cars_train/cars_train/00055.jpg,42
32,48,472,267,53,Cadillac Escalade EXT Crew Cab 2007,00056.jpg,C:/Users/seanf/Desktop/archive/cars_train/cars_train/00056.jpg,45
260,138,972,439,44,Bentley Continental Flying Spur Sedan 2007,00057.jpg,C:/Users/seanf/Desktop/archive/cars_train/cars_train/00057.jpg,46
11,35,256,173,65,Chevrolet Avalanche Crew Cab 2012,00058.jpg,C:/Users/seanf/Desktop/archive/cars_train/cars_train/00058.jpg,47
68,91,607,354,90,Dodge Dakota Crew Cab 2010,00059.jpg,C:/Users/seanf/Desktop/archive/cars_train/cars_train/00059.jpg,48
129,120,345,269,124,HUMMER H3T Crew Cab 2010,00060.jpg,C:/Users/seanf/Desktop/archive/cars_train/cars_train/00060.jpg,49
11,104,1011,742,114,Ford F-150 Regular Cab 2007,00061.jpg,C:/Users/seanf/Desktop/archive/cars_train/cars_train/00061.jpg,50
19,21,425,265,190,Volkswagen Golf Hatchback 2012,00062.jpg,C:/Users/seanf/Desktop/archive/cars_train/cars_train/00062.jpg,51
175,330,928,647,101,Ferrari FF Coupe 2012,00063.jpg,C:/Users/seanf/Desktop/archive/cars_train/cars_train/00063.jpg,52
97,39,925,700,187,Toyota Camry Sedan 2012,00064.jpg,C:/Users/seanf/Desktop/archive/cars_train/cars_train/00064.jpg,53
63,175,417,320,8,Aston Martin V8 Vantage Convertible 2012,00065.jpg,C:/Users/seanf/Desktop/archive/cars_train/cars_train/00065.jpg,54
30,39,221,125,17,Audi 100 Sedan 1994,00066.jpg,C:/Users/seanf/Desktop/archive/cars_train/cars_train/00066.jpg,55
129,89,594,432,111,Ford Ranger SuperCab 2011,00067.jpg,C:/Users/seanf/Desktop/archive/cars_train/cars_train/00067.jpg,56
32,43,598,350,122,GMC Canyon Extended Cab 2012,00068.jpg,C:/Users/seanf/Desktop/archive/cars_train/cars_train/00068.jpg,57
142,124,675,445,5,Acura TSX Sedan 2012,00069.jpg,C:/Users/seanf/Desktop/archive/cars_train/cars_train/00069.jpg,58
220,313,1054,976,29,BMW 3 Series Sedan 2012,00070.jpg,C:/Users/seanf/Desktop/archive/cars_train/cars_train/00070.jpg,59
8,12,639,299,126,Honda Odyssey Minivan 2012,00071.jpg,C:/Users/seanf/Desktop/archive/cars_train/cars_train/00071.jpg,60
92,271,1178,749,94,Dodge Durango SUV 2012,00072.jpg,C:/Users/seanf/Desktop/archive/cars_train/cars_train/00072.jpg,61
15,12,314,230,106,Ford F-450 Super Duty Crew Cab 2012,00073.jpg,C:/Users/seanf/Desktop/archive/cars_train/cars_train/00073.jpg,4
14,12,309,223,106,Ford F-450 Super Duty Crew Cab 2012,00074.jpg,C:/Users/seanf/Desktop/archive/cars_train/cars_train/00074.jpg,4
45,74,522,253,188,Toyota Corolla Sedan 2012,00075.jpg,C:/Users/seanf/Desktop/archive/cars_train/cars_train/00075.jpg,62
12,27,284,166,59,Chevrolet Camaro Convertible 2012,00076.jpg,C:/Users/seanf/Desktop/archive/cars_train/cars_train/00076.jpg,63
25,25,3502,2017,110,Ford Edge SUV 2012,00077.jpg,C:/Users/seanf/Desktop/archive/cars_train/cars_train/00077.jpg,64
36,88,611,417,43,Bentley Continental GT Coupe 2007,00078.jpg,C:/Users/seanf/Desktop/archive/cars_train/cars_train/00078.jpg,65
165,126,749,425,133,Hyundai Veracruz SUV 2012,00079.jpg,C:/Users/seanf/Desktop/archive/cars_train/cars_train/00079.jpg,30
20,21,292,217,111,Ford Ranger SuperCab 2011,00080.jpg,C:/Users/seanf/Desktop/archive/cars_train/cars_train/00080.jpg,56
10,55,540,271,8,Aston Martin V8 Vantage Convertible 2012,00081.jpg,C:/Users/seanf/Desktop/archive/cars_train/cars_train/00081.jpg,54
63,113,597,413,192,Volkswagen Beetle Hatchback 2012,00082.jpg,C:/Users/seanf/Desktop/archive/cars_train/cars_train/00082.jpg,17
55,48,294,205,18,Audi 100 Wagon 1994,00083.jpg,C:/Users/seanf/Desktop/archive/cars_train/cars_train/00083.jpg,66
27,67,620,474,116,Ford E-Series Wagon Van 2012,00084.jpg,C:/Users/seanf/Desktop/archive/cars_train/cars_train/00084.jpg,67
15,80,629,402,49,Buick Verano Sedan 2012,00085.jpg,C:/Users/seanf/Desktop/archive/cars_train/cars_train/00085.jpg,10
119,300,1416,871,145,Jeep Patriot SUV 2012,00086.jpg,C:/Users/seanf/Desktop/archive/cars_train/cars_train/00086.jpg,68
17,36,455,215,49,Buick Verano Sedan 2012,00087.jpg,C:/Users/seanf/Desktop/archive/cars_train/cars_train/00087.jpg,10
171,176,2373,1751,170,Nissan Juke Hatchback 2012,00088.jpg,C:/Users/seanf/Desktop/archive/cars_train/cars_train/00088.jpg,22
49,195,1003,617,20,Audi S6 Sedan 2011,00089.jpg,C:/Users/seanf/Desktop/archive/cars_train/cars_train/00089.jpg,69
5,43,296,211,114,Ford F-150 Regular Cab 2007,00090.jpg,C:/Users/seanf/Desktop/archive/cars_train/cars_train/00090.jpg,50
49,57,494,419,165,Mercedes-Benz S-Class Sedan 2012,00091.jpg,C:/Users/seanf/Desktop/archive/cars_train/cars_train/00091.jpg,70
101,84,492,272,138,Hyundai Sonata Sedan 2012,00092.jpg,C:/Users/seanf/Desktop/archive/cars_train/cars_train/00092.jpg,71
23,53,258,144,175,Rolls-Royce Phantom Drophead Coupe Convertible 2012,00093.jpg,C:/Users/seanf/Desktop/archive/cars_train/cars_train/00093.jpg,72
19,60,783,440,112,Ford GT Coupe 2006,00094.jpg,C:/Users/seanf/Desktop/archive/cars_train/cars_train/00094.jpg,73
110,171,1213,648,122,GMC Canyon Extended Cab 2012,00095.jpg,C:/Users/seanf/Desktop/archive/cars_train/cars_train/00095.jpg,57
39,67,346,206,104,Ferrari 458 Italia Coupe 2012,00096.jpg,C:/Users/seanf/Desktop/archive/cars_train/cars_train/00096.jpg,31
3,7,76,50,57,Chevrolet Corvette Ron Fellows Edition Z06 2007,00097.jpg,C:/Users/seanf/Desktop/archive/cars_train/cars_train/00097.jpg,18
65,37,578,360,51,Cadillac CTS-V Sedan 2012,00098.jpg,C:/Users/seanf/Desktop/archive/cars_train/cars_train/00098.jpg,74
27,60,486,364,37,BMW X3 SUV 2012,00099.jpg,C:/Users/seanf/Desktop/archive/cars_train/cars_train/00099.jpg,75
22,180,454,355,71,Chevrolet Express Van 2007,00100.jpg,C:/Users/seanf/Desktop/archive/cars_train/cars_train/00100.jpg,76
70,39,940,742,193,Volvo C30 Hatchback 2012,00101.jpg,C:/Users/seanf/Desktop/archive/cars_train/cars_train/00101.jpg,14
99,130,396,222,105,Fisker Karma Sedan 2012,00102.jpg,C:/Users/seanf/Desktop/archive/cars_train/cars_train/00102.jpg,34
85,107,609,381,61,Chevrolet Impala Sedan 2007,00103.jpg,C:/Users/seanf/Desktop/archive/cars_train/cars_train/00103.jpg,77
1,76,480,315,74,Chevrolet Silverado 1500 Extended Cab 2012,00104.jpg,C:/Users/seanf/Desktop/archive/cars_train/cars_train/00104.jpg,78
57,266,967,623,133,Hyundai Veracruz SUV 2012,00105.jpg,C:/Users/seanf/Desktop/archive/cars_train/cars_train/00105.jpg,30
69,75,236,161,162,Mercedes-Benz C-Class Sedan 2012,00106.jpg,C:/Users/seanf/Desktop/archive/cars_train/cars_train/00106.jpg,79
24,17,249,163,131,Hyundai Santa Fe SUV 2012,00107.jpg,C:/Users/seanf/Desktop/archive/cars_train/cars_train/00107.jpg,80
7,27,212,147,88,Dodge Sprinter Cargo Van 2009,00108.jpg,C:/Users/seanf/Desktop/archive/cars_train/cars_train/00108.jpg,81
18,14,248,168,121,GMC Acadia SUV 2012,00109.jpg,C:/Users/seanf/Desktop/archive/cars_train/cars_train/00109.jpg,82
19,2,591,387,180,Spyker C8 Coupe 2009,00110.jpg,C:/Users/seanf/Desktop/archive/cars_train/cars_train/00110.jpg,26
52,6,759,513,180,Spyker C8 Coupe 2009,00111.jpg,C:/Users/seanf/Desktop/archive/cars_train/cars_train/00111.jpg,26
231,103,430,226,137,Hyundai Genesis Sedan 2012,00112.jpg,C:/Users/seanf/Desktop/archive/cars_train/cars_train/00112.jpg,83
91,148,700,582,133,Hyundai Veracruz SUV 2012,00113.jpg,C:/Users/seanf/Desktop/archive/cars_train/cars_train/00113.jpg,30
19,72,624,397,71,Chevrolet Express Van 2007,00114.jpg,C:/Users/seanf/Desktop/archive/cars_train/cars_train/00114.jpg,76
26,90,376,243,83,Dodge Caliber Wagon 2012,00115.jpg,C:/Users/seanf/Desktop/archive/cars_train/cars_train/00115.jpg,84
132,120,667,401,110,Ford Edge SUV 2012,00116.jpg,C:/Users/seanf/Desktop/archive/cars_train/cars_train/00116.jpg,64
84,44,663,342,42,Bentley Continental GT Coupe 2012,00117.jpg,C:/Users/seanf/Desktop/archive/cars_train/cars_train/00117.jpg,42
87,235,591,412,177,Rolls-Royce Phantom Sedan 2012,00118.jpg,C:/Users/seanf/Desktop/archive/cars_train/cars_train/00118.jpg,40
173,370,1207,960,147,Jeep Liberty SUV 2012,00119.jpg,C:/Users/seanf/Desktop/archive/cars_train/cars_train/00119.jpg,85
3,19,195,114,161,Mercedes-Benz 300-Class Convertible 1993,00120.jpg,C:/Users/seanf/Desktop/archive/cars_train/cars_train/00120.jpg,86
49,143,487,455,109,Ford Expedition EL SUV 2009,00121.jpg,C:/Users/seanf/Desktop/archive/cars_train/cars_train/00121.jpg,87
72,67,233,176,28,BMW 1 Series Coupe 2012,00122.jpg,C:/Users/seanf/Desktop/archive/cars_train/cars_train/00122.jpg,88
151,568,1954,1271,144,Jaguar XK XKR 2012,00123.jpg,C:/Users/seanf/Desktop/archive/cars_train/cars_train/00123.jpg,89
14,88,271,178,53,Cadillac Escalade EXT Crew Cab 2007,00124.jpg,C:/Users/seanf/Desktop/archive/cars_train/cars_train/00124.jpg,45
135,761,1894,1353,29,BMW 3 Series Sedan 2012,00125.jpg,C:/Users/seanf/Desktop/archive/cars_train/cars_train/00125.jpg,59
44,123,778,487,66,Chevrolet Cobalt SS 2010,00126.jpg,C:/Users/seanf/Desktop/archive/cars_train/cars_train/00126.jpg,29
69,103,537,322,79,Chrysler 300 SRT-8 2010,00127.jpg,C:/Users/seanf/Desktop/archive/cars_train/cars_train/00127.jpg,19
86,78,355,284,13,Audi A5 Coupe 2012,00128.jpg,C:/Users/seanf/Desktop/archive/cars_train/cars_train/00128.jpg,36
50,80,592,273,136,Hyundai Accent Sedan 2012,00129.jpg,C:/Users/seanf/Desktop/archive/cars_train/cars_train/00129.jpg,90
95,161,543,368,143,Isuzu Ascender SUV 2008,00130.jpg,C:/Users/seanf/Desktop/archive/cars_train/cars_train/00130.jpg,91
275,195,863,474,171,Nissan 240SX Coupe 1998,00131.jpg,C:/Users/seanf/Desktop/archive/cars_train/cars_train/00131.jpg,92
99,78,557,389,89,Dodge Journey SUV 2012,00132.jpg,C:/Users/seanf/Desktop/archive/cars_train/cars_train/00132.jpg,6
11,126,426,360,135,Hyundai Elantra Sedan 2007,00133.jpg,C:/Users/seanf/Desktop/archive/cars_train/cars_train/00133.jpg,12
1,2,267,185,161,Mercedes-Benz 300-Class Convertible 1993,00134.jpg,C:/Users/seanf/Desktop/archive/cars_train/cars_train/00134.jpg,86
19,735,2669,2192,58,Chevrolet Traverse SUV 2012,00135.jpg,C:/Users/seanf/Desktop/archive/cars_train/cars_train/00135.jpg,9
21,35,279,195,122,GMC Canyon Extended Cab 2012,00136.jpg,C:/Users/seanf/Desktop/archive/cars_train/cars_train/00136.jpg,57
45,99,593,403,178,Scion xD Hatchback 2012,00137.jpg,C:/Users/seanf/Desktop/archive/cars_train/cars_train/00137.jpg,93
130,282,1425,900,56,Chevrolet Corvette ZR1 2012,00138.jpg,C:/Users/seanf/Desktop/archive/cars_train/cars_train/00138.jpg,94
72,215,628,481,184,Suzuki SX4 Sedan 2012,00139.jpg,C:/Users/seanf/Desktop/archive/cars_train/cars_train/00139.jpg,24
62,95,633,434,191,Volkswagen Golf Hatchback 1991,00140.jpg,C:/Users/seanf/Desktop/archive/cars_train/cars_train/00140.jpg,37
13,106,476,260,40,Bentley Arnage Sedan 2009,00141.jpg,C:/Users/seanf/Desktop/archive/cars_train/cars_train/00141.jpg,95
78,300,952,633,60,Chevrolet HHR SS 2010,00142.jpg,C:/Users/seanf/Desktop/archive/cars_train/cars_train/00142.jpg,96
72,51,566,412,155,Land Rover LR2 SUV 2012,00143.jpg,C:/Users/seanf/Desktop/archive/cars_train/cars_train/00143.jpg,97
66,59,283,202,71,Chevrolet Express Van 2007,00144.jpg,C:/Users/seanf/Desktop/archive/cars_train/cars_train/00144.jpg,76
135,36,1181,885,140,Hyundai Azera Sedan 2012,00145.jpg,C:/Users/seanf/Desktop/archive/cars_train/cars_train/00145.jpg,98
2,5,298,162,42,Bentley Continental GT Coupe 2012,00146.jpg,C:/Users/seanf/Desktop/archive/cars_train/cars_train/00146.jpg,42
8,12,770,309,76,Chrysler Aspen SUV 2009,00147.jpg,C:/Users/seanf/Desktop/archive/cars_train/cars_train/00147.jpg,99
24,78,608,379,187,Toyota Camry Sedan 2012,00148.jpg,C:/Users/seanf/Desktop/archive/cars_train/cars_train/00148.jpg,53
34,1,242,179,86,Dodge Ram Pickup 3500 Crew Cab 2010,00149.jpg,C:/Users/seanf/Desktop/archive/cars_train/cars_train/00149.jpg,25
11,208,596,386,8,Aston Martin V8 Vantage Convertible 2012,00150.jpg,C:/Users/seanf/Desktop/archive/cars_train/cars_train/00150.jpg,54
8,37,294,150,5,Acura TSX Sedan 2012,00151.jpg,C:/Users/seanf/Desktop/archive/cars_train/cars_train/00151.jpg,58
23,66,499,311,47,Buick Regal GS 2012,00152.jpg,C:/Users/seanf/Desktop/archive/cars_train/cars_train/00152.jpg,100
6,138,627,361,30,BMW 3 Series Wagon 2012,00153.jpg,C:/Users/seanf/Desktop/archive/cars_train/cars_train/00153.jpg,101
17,105,385,243,18,Audi 100 Wagon 1994,00154.jpg,C:/Users/seanf/Desktop/archive/cars_train/cars_train/00154.jpg,66
76,4,1585,1120,149,Jeep Compass SUV 2012,00155.jpg,C:/Users/seanf/Desktop/archive/cars_train/cars_train/00155.jpg,102
22,21,211,139,174,Ram C/V Cargo Van Minivan 2012,00156.jpg,C:/Users/seanf/Desktop/archive/cars_train/cars_train/00156.jpg,103
32,130,973,661,138,Hyundai Sonata Sedan 2012,00157.jpg,C:/Users/seanf/Desktop/archive/cars_train/cars_train/00157.jpg,71
75,236,1196,846,179,Spyker C8 Convertible 2009,00158.jpg,C:/Users/seanf/Desktop/archive/cars_train/cars_train/00158.jpg,104
37,139,988,694,24,Audi S4 Sedan 2007,00159.jpg,C:/Users/seanf/Desktop/archive/cars_train/cars_train/00159.jpg,105
114,46,546,287,42,Bentley Continental GT Coupe 2012,00160.jpg,C:/Users/seanf/Desktop/archive/cars_train/cars_train/00160.jpg,42
12,83,629,354,73,Chevrolet Malibu Sedan 2007,00161.jpg,C:/Users/seanf/Desktop/archive/cars_train/cars_train/00161.jpg,16
38,66,548,385,176,Rolls-Royce Ghost Sedan 2012,00162.jpg,C:/Users/seanf/Desktop/archive/cars_train/cars_train/00162.jpg,106
46,84,661,428,1,AM General Hummer SUV 2000,00163.jpg,C:/Users/seanf/Desktop/archive/cars_train/cars_train/00163.jpg,107
13,29,239,174,37,BMW X3 SUV 2012,00164.jpg,C:/Users/seanf/Desktop/archive/cars_train/cars_train/00164.jpg,75
27,65,490,220,36,BMW M6 Convertible 2010,00165.jpg,C:/Users/seanf/Desktop/archive/cars_train/cars_train/00165.jpg,20
4,69,402,245,108,Ford Freestar Minivan 2007,00166.jpg,C:/Users/seanf/Desktop/archive/cars_train/cars_train/00166.jpg,108
19,27,429,258,41,Bentley Mulsanne Sedan 2011,00167.jpg,C:/Users/seanf/Desktop/archive/cars_train/cars_train/00167.jpg,109
110,96,565,389,40,Bentley Arnage Sedan 2009,00168.jpg,C:/Users/seanf/Desktop/archive/cars_train/cars_train/00168.jpg,95
2,22,140,81,119,GMC Savana Van 2012,00169.jpg,C:/Users/seanf/Desktop/archive/cars_train/cars_train/00169.jpg,38
48,71,615,453,119,GMC Savana Van 2012,00170.jpg,C:/Users/seanf/Desktop/archive/cars_train/cars_train/00170.jpg,38
41,42,262,170,19,Audi TT Hatchback 2011,00171.jpg,C:/Users/seanf/Desktop/archive/cars_train/cars_train/00171.jpg,110
6,108,493,267,163,Mercedes-Benz SL-Class Coupe 2009,00172.jpg,C:/Users/seanf/Desktop/archive/cars_train/cars_train/00172.jpg,111
26,61,508,342,120,GMC Yukon Hybrid SUV 2012,00173.jpg,C:/Users/seanf/Desktop/archive/cars_train/cars_train/00173.jpg,21
13,29,249,159,54,Chevrolet Silverado 1500 Hybrid Crew Cab 2012,00174.jpg,C:/Users/seanf/Desktop/archive/cars_train/cars_train/00174.jpg,112
69,120,739,502,116,Ford E-Series Wagon Van 2012,00175.jpg,C:/Users/seanf/Desktop/archive/cars_train/cars_train/00175.jpg,67
45,85,1005,558,66,Chevrolet Cobalt SS 2010,00176.jpg,C:/Users/seanf/Desktop/archive/cars_train/cars_train/00176.jpg,29
98,22,650,302,50,Buick Enclave SUV 2012,00177.jpg,C:/Users/seanf/Desktop/archive/cars_train/cars_train/00177.jpg,113
5,28,285,148,122,GMC Canyon Extended Cab 2012,00178.jpg,C:/Users/seanf/Desktop/archive/cars_train/cars_train/00178.jpg,57
42,113,601,439,155,Land Rover LR2 SUV 2012,00179.jpg,C:/Users/seanf/Desktop/archive/cars_train/cars_train/00179.jpg,97
3,40,297,157,142,Infiniti QX56 SUV 2011,00180.jpg,C:/Users/seanf/Desktop/archive/cars_train/cars_train/00180.jpg,35
84,256,913,752,68,Chevrolet TrailBlazer SS 2009,00181.jpg,C:/Users/seanf/Desktop/archive/cars_train/cars_train/00181.jpg,114
43,226,1001,630,170,Nissan Juke Hatchback 2012,00182.jpg,C:/Users/seanf/Desktop/archive/cars_train/cars_train/00182.jpg,22
2,9,196,125,161,Mercedes-Benz 300-Class Convertible 1993,00183.jpg,C:/Users/seanf/Desktop/archive/cars_train/cars_train/00183.jpg,86
34,51,604,344,161,Mercedes-Benz 300-Class Convertible 1993,00184.jpg,C:/Users/seanf/Desktop/archive/cars_train/cars_train/00184.jpg,86
24,35,620,438,133,Hyundai Veracruz SUV 2012,00185.jpg,C:/Users/seanf/Desktop/archive/cars_train/cars_train/00185.jpg,30
6,72,255,178,125,HUMMER H2 SUT Crew Cab 2009,00186.jpg,C:/Users/seanf/Desktop/archive/cars_train/cars_train/00186.jpg,115
4,408,1600,934,160,McLaren MP4-12C Coupe 2012,00187.jpg,C:/Users/seanf/Desktop/archive/cars_train/cars_train/00187.jpg,116
25,162,1241,764,93,Dodge Challenger SRT8 2011,00188.jpg,C:/Users/seanf/Desktop/archive/cars_train/cars_train/00188.jpg,117
18,15,583,421,183,Suzuki SX4 Hatchback 2012,00189.jpg,C:/Users/seanf/Desktop/archive/cars_train/cars_train/00189.jpg,118
198,416,1271,935,45,Bugatti Veyron 16.4 Convertible 2009,00190.jpg,C:/Users/seanf/Desktop/archive/cars_train/cars_train/00190.jpg,119
129,75,654,422,143,Isuzu Ascender SUV 2008,00191.jpg,C:/Users/seanf/Desktop/archive/cars_train/cars_train/00191.jpg,91
37,24,259,212,189,Toyota 4Runner SUV 2012,00192.jpg,C:/Users/seanf/Desktop/archive/cars_train/cars_train/00192.jpg,120
82,107,990,723,48,Buick Rainier SUV 2007,00193.jpg,C:/Users/seanf/Desktop/archive/cars_train/cars_train/00193.jpg,121
187,327,1211,769,176,Rolls-Royce Ghost Sedan 2012,00194.jpg,C:/Users/seanf/Desktop/archive/cars_train/cars_train/00194.jpg,106
150,339,1313,771,77,Chrysler Sebring Convertible 2010,00195.jpg,C:/Users/seanf/Desktop/archive/cars_train/cars_train/00195.jpg,122
26,46,266,213,190,Volkswagen Golf Hatchback 2012,00196.jpg,C:/Users/seanf/Desktop/archive/cars_train/cars_train/00196.jpg,51
47,102,492,371,110,Ford Edge SUV 2012,00197.jpg,C:/Users/seanf/Desktop/archive/cars_train/cars_train/00197.jpg,64
91,121,574,357,6,Acura Integra Type R 2001,00198.jpg,C:/Users/seanf/Desktop/archive/cars_train/cars_train/00198.jpg,123
151,298,1285,835,191,Volkswagen Golf Hatchback 1991,00199.jpg,C:/Users/seanf/Desktop/archive/cars_train/cars_train/00199.jpg,37
30,55,301,187,16,Audi V8 Sedan 1994,00200.jpg,C:/Users/seanf/Desktop/archive/cars_train/cars_train/00200.jpg,124
21,1,386,200,12,Audi RS 4 Convertible 2008,00201.jpg,C:/Users/seanf/Desktop/archive/cars_train/cars_train/00201.jpg,125
233,217,1228,807,90,Dodge Dakota Crew Cab 2010,00202.jpg,C:/Users/seanf/Desktop/archive/cars_train/cars_train/00202.jpg,48
30,167,945,545,188,Toyota Corolla Sedan 2012,00203.jpg,C:/Users/seanf/Desktop/archive/cars_train/cars_train/00203.jpg,62
11,61,284,151,128,Honda Accord Coupe 2012,00204.jpg,C:/Users/seanf/Desktop/archive/cars_train/cars_train/00204.jpg,126
29,70,612,356,23,Audi S4 Sedan 2012,00205.jpg,C:/Users/seanf/Desktop/archive/cars_train/cars_train/00205.jpg,127
117,222,558,434,11,Aston Martin Virage Coupe 2012,00206.jpg,C:/Users/seanf/Desktop/archive/cars_train/cars_train/00206.jpg,128
31,119,438,258,93,Dodge Challenger SRT8 2011,00207.jpg,C:/Users/seanf/Desktop/archive/cars_train/cars_train/00207.jpg,117
26,151,360,256,8,Aston Martin V8 Vantage Convertible 2012,00208.jpg,C:/Users/seanf/Desktop/archive/cars_train/cars_train/00208.jpg,54
58,136,973,636,63,Chevrolet Sonic Sedan 2012,00209.jpg,C:/Users/seanf/Desktop/archive/cars_train/cars_train/00209.jpg,129
8,80,639,366,173,Porsche Panamera Sedan 2012,00210.jpg,C:/Users/seanf/Desktop/archive/cars_train/cars_train/00210.jpg,41
11,47,598,365,176,Rolls-Royce Ghost Sedan 2012,00211.jpg,C:/Users/seanf/Desktop/archive/cars_train/cars_train/00211.jpg,106
8,20,254,155,72,Chevrolet Monte Carlo Coupe 2007,00212.jpg,C:/Users/seanf/Desktop/archive/cars_train/cars_train/00212.jpg,130
37,62,261,191,195,Volvo XC90 SUV 2007,00213.jpg,C:/Users/seanf/Desktop/archive/cars_train/cars_train/00213.jpg,131
70,78,915,640,114,Ford F-150 Regular Cab 2007,00214.jpg,C:/Users/seanf/Desktop/archive/cars_train/cars_train/00214.jpg,50
38,50,221,138,72,Chevrolet Monte Carlo Coupe 2007,00215.jpg,C:/Users/seanf/Desktop/archive/cars_train/cars_train/00215.jpg,130
21,45,133,88,119,GMC Savana Van 2012,00216.jpg,C:/Users/seanf/Desktop/archive/cars_train/cars_train/00216.jpg,38
45,39,594,444,18,Audi 100 Wagon 1994,00217.jpg,C:/Users/seanf/Desktop/archive/cars_train/cars_train/00217.jpg,66
39,94,337,245,77,Chrysler Sebring Convertible 2010,00218.jpg,C:/Users/seanf/Desktop/archive/cars_train/cars_train/00218.jpg,122
89,1,597,316,18,Audi 100 Wagon 1994,00219.jpg,C:/Users/seanf/Desktop/archive/cars_train/cars_train/00219.jpg,66
16,103,462,347,107,Ford Mustang Convertible 2007,00220.jpg,C:/Users/seanf/Desktop/archive/cars_train/cars_train/00220.jpg,132
29,21,477,299,10,Aston Martin Virage Convertible 2012,00221.jpg,C:/Users/seanf/Desktop/archive/cars_train/cars_train/00221.jpg,133
89,58,545,338,196,smart fortwo Convertible 2012,00222.jpg,C:/Users/seanf/Desktop/archive/cars_train/cars_train/00222.jpg,134
42,115,299,288,99,FIAT 500 Abarth 2012,00223.jpg,C:/Users/seanf/Desktop/archive/cars_train/cars_train/00223.jpg,135
19,10,177,134,88,Dodge Sprinter Cargo Van 2009,00224.jpg,C:/Users/seanf/Desktop/archive/cars_train/cars_train/00224.jpg,81
20,50,463,313,121,GMC Acadia SUV 2012,00225.jpg,C:/Users/seanf/Desktop/archive/cars_train/cars_train/00225.jpg,82
46,15,202,156,111,Ford Ranger SuperCab 2011,00226.jpg,C:/Users/seanf/Desktop/archive/cars_train/cars_train/00226.jpg,56
36,63,613,397,61,Chevrolet Impala Sedan 2007,00227.jpg,C:/Users/seanf/Desktop/archive/cars_train/cars_train/00227.jpg,77
237,156,896,365,141,Infiniti G Coupe IPL 2012,00228.jpg,C:/Users/seanf/Desktop/archive/cars_train/cars_train/00228.jpg,136
5,46,255,138,136,Hyundai Accent Sedan 2012,00229.jpg,C:/Users/seanf/Desktop/archive/cars_train/cars_train/00229.jpg,90
223,542,3692,2478,183,Suzuki SX4 Hatchback 2012,00230.jpg,C:/Users/seanf/Desktop/archive/cars_train/cars_train/00230.jpg,118
73,109,606,374,106,Ford F-450 Super Duty Crew Cab 2012,00231.jpg,C:/Users/seanf/Desktop/archive/cars_train/cars_train/00231.jpg,4
15,110,544,381,84,Dodge Caliber Wagon 2007,00232.jpg,C:/Users/seanf/Desktop/archive/cars_train/cars_train/00232.jpg,137
276,124,1495,951,194,Volvo 240 Sedan 1993,00233.jpg,C:/Users/seanf/Desktop/archive/cars_train/cars_train/00233.jpg,23
99,364,1211,954,132,Hyundai Tucson SUV 2012,00234.jpg,C:/Users/seanf/Desktop/archive/cars_train/cars_train/00234.jpg,138
59,63,549,404,111,Ford Ranger SuperCab 2011,00235.jpg,C:/Users/seanf/Desktop/archive/cars_train/cars_train/00235.jpg,56
19,138,571,424,7,Acura ZDX Hatchback 2012,00236.jpg,C:/Users/seanf/Desktop/archive/cars_train/cars_train/00236.jpg,139
11,10,396,265,65,Chevrolet Avalanche Crew Cab 2012,00237.jpg,C:/Users/seanf/Desktop/archive/cars_train/cars_train/00237.jpg,47
163,91,527,346,26,BMW ActiveHybrid 5 Sedan 2012,00238.jpg,C:/Users/seanf/Desktop/archive/cars_train/cars_train/00238.jpg,140
4,19,255,172,16,Audi V8 Sedan 1994,00239.jpg,C:/Users/seanf/Desktop/archive/cars_train/cars_train/00239.jpg,124
45,60,251,171,138,Hyundai Sonata Sedan 2012,00240.jpg,C:/Users/seanf/Desktop/archive/cars_train/cars_train/00240.jpg,71
32,59,1011,709,170,Nissan Juke Hatchback 2012,00241.jpg,C:/Users/seanf/Desktop/archive/cars_train/cars_train/00241.jpg,22
10,53,273,167,102,Ferrari California Convertible 2012,00242.jpg,C:/Users/seanf/Desktop/archive/cars_train/cars_train/00242.jpg,141
270,228,727,416,168,Nissan Leaf Hatchback 2012,00243.jpg,C:/Users/seanf/Desktop/archive/cars_train/cars_train/00243.jpg,142
21,93,479,331,7,Acura ZDX Hatchback 2012,00244.jpg,C:/Users/seanf/Desktop/archive/cars_train/cars_train/00244.jpg,139
22,59,536,238,61,Chevrolet Impala Sedan 2007,00245.jpg,C:/Users/seanf/Desktop/archive/cars_train/cars_train/00245.jpg,77
1,317,1280,945,167,Mitsubishi Lancer Sedan 2012,00246.jpg,C:/Users/seanf/Desktop/archive/cars_train/cars_train/00246.jpg,8
47,125,850,468,137,Hyundai Genesis Sedan 2012,00247.jpg,C:/Users/seanf/Desktop/archive/cars_train/cars_train/00247.jpg,83
52,167,508,387,177,Rolls-Royce Phantom Sedan 2012,00248.jpg,C:/Users/seanf/Desktop/archive/cars_train/cars_train/00248.jpg,40
6,155,631,450,153,Lamborghini Diablo Coupe 2001,00249.jpg,C:/Users/seanf/Desktop/archive/cars_train/cars_train/00249.jpg,143
11,35,246,186,190,Volkswagen Golf Hatchback 2012,00250.jpg,C:/Users/seanf/Desktop/archive/cars_train/cars_train/00250.jpg,51
576,466,2994,1953,167,Mitsubishi Lancer Sedan 2012,00251.jpg,C:/Users/seanf/Desktop/archive/cars_train/cars_train/00251.jpg,8
37,50,253,158,105,Fisker Karma Sedan 2012,00252.jpg,C:/Users/seanf/Desktop/archive/cars_train/cars_train/00252.jpg,34
51,105,579,335,50,Buick Enclave SUV 2012,00253.jpg,C:/Users/seanf/Desktop/archive/cars_train/cars_train/00253.jpg,113
21,11,296,141,131,Hyundai Santa Fe SUV 2012,00254.jpg,C:/Users/seanf/Desktop/archive/cars_train/cars_train/00254.jpg,80
29,78,734,396,6,Acura Integra Type R 2001,00255.jpg,C:/Users/seanf/Desktop/archive/cars_train/cars_train/00255.jpg,123
85,215,776,511,21,Audi S5 Convertible 2012,00256.jpg,C:/Users/seanf/Desktop/archive/cars_train/cars_train/00256.jpg,144
23,146,617,329,31,BMW 6 Series Convertible 2007,00257.jpg,C:/Users/seanf/Desktop/archive/cars_train/cars_train/00257.jpg,145
34,86,227,166,51,Cadillac CTS-V Sedan 2012,00258.jpg,C:/Users/seanf/Desktop/archive/cars_train/cars_train/00258.jpg,74
75,254,2514,1929,187,Toyota Camry Sedan 2012,00259.jpg,C:/Users/seanf/Desktop/archive/cars_train/cars_train/00259.jpg,53
28,164,698,417,134,Hyundai Sonata Hybrid Sedan 2012,00260.jpg,C:/Users/seanf/Desktop/archive/cars_train/cars_train/00260.jpg,3
32,79,378,221,16,Audi V8 Sedan 1994,00261.jpg,C:/Users/seanf/Desktop/archive/cars_train/cars_train/00261.jpg,124
158,132,501,293,103,Ferrari 458 Italia Convertible 2012,00262.jpg,C:/Users/seanf/Desktop/archive/cars_train/cars_train/00262.jpg,146
177,299,730,673,40,Bentley Arnage Sedan 2009,00263.jpg,C:/Users/seanf/Desktop/archive/cars_train/cars_train/00263.jpg,95
42,72,472,299,69,Chevrolet Silverado 2500HD Regular Cab 2012,00264.jpg,C:/Users/seanf/Desktop/archive/cars_train/cars_train/00264.jpg,147
15,74,387,195,55,Chevrolet Corvette Convertible 2012,00265.jpg,C:/Users/seanf/Desktop/archive/cars_train/cars_train/00265.jpg,148
22,300,786,552,17,Audi 100 Sedan 1994,00266.jpg,C:/Users/seanf/Desktop/archive/cars_train/cars_train/00266.jpg,55
25,133,620,374,46,Bugatti Veyron 16.4 Coupe 2009,00267.jpg,C:/Users/seanf/Desktop/archive/cars_train/cars_train/00267.jpg,149
49,53,596,398,74,Chevrolet Silverado 1500 Extended Cab 2012,00268.jpg,C:/Users/seanf/Desktop/archive/cars_train/cars_train/00268.jpg,78
29,192,605,391,185,Tesla Model S Sedan 2012,00269.jpg,C:/Users/seanf/Desktop/archive/cars_train/cars_train/00269.jpg,150
15,70,357,186,122,GMC Canyon Extended Cab 2012,00270.jpg,C:/Users/seanf/Desktop/archive/cars_train/cars_train/00270.jpg,57
11,23,141,80,174,Ram C/V Cargo Van Minivan 2012,00271.jpg,C:/Users/seanf/Desktop/archive/cars_train/cars_train/00271.jpg,103
8,1,590,327,100,FIAT 500 Convertible 2012,00272.jpg,C:/Users/seanf/Desktop/archive/cars_train/cars_train/00272.jpg,151
37,65,458,321,69,Chevrolet Silverado 2500HD Regular Cab 2012,00273.jpg,C:/Users/seanf/Desktop/archive/cars_train/cars_train/00273.jpg,147
31,69,435,310,20,Audi S6 Sedan 2011,00274.jpg,C:/Users/seanf/Desktop/archive/cars_train/cars_train/00274.jpg,69
165,183,495,358,130,Hyundai Veloster Hatchback 2012,00275.jpg,C:/Users/seanf/Desktop/archive/cars_train/cars_train/00275.jpg,152
75,93,529,360,132,Hyundai Tucson SUV 2012,00276.jpg,C:/Users/seanf/Desktop/archive/cars_train/cars_train/00276.jpg,138
72,193,926,613,173,Porsche Panamera Sedan 2012,00277.jpg,C:/Users/seanf/Desktop/archive/cars_train/cars_train/00277.jpg,41
1,38,251,135,156,Lincoln Town Car Sedan 2011,00278.jpg,C:/Users/seanf/Desktop/archive/cars_train/cars_train/00278.jpg,153
16,31,553,297,47,Buick Regal GS 2012,00279.jpg,C:/Users/seanf/Desktop/archive/cars_train/cars_train/00279.jpg,100
3,33,261,176,107,Ford Mustang Convertible 2007,00280.jpg,C:/Users/seanf/Desktop/archive/cars_train/cars_train/00280.jpg,132
214,240,387,342,151,Lamborghini Aventador Coupe 2012,00281.jpg,C:/Users/seanf/Desktop/archive/cars_train/cars_train/00281.jpg,154
20,97,460,356,61,Chevrolet Impala Sedan 2007,00282.jpg,C:/Users/seanf/Desktop/archive/cars_train/cars_train/00282.jpg,77
112,190,664,342,105,Fisker Karma Sedan 2012,00283.jpg,C:/Users/seanf/Desktop/archive/cars_train/cars_train/00283.jpg,34
49,101,942,619,94,Dodge Durango SUV 2012,00284.jpg,C:/Users/seanf/Desktop/archive/cars_train/cars_train/00284.jpg,61
7,20,634,298,194,Volvo 240 Sedan 1993,00285.jpg,C:/Users/seanf/Desktop/archive/cars_train/cars_train/00285.jpg,23
116,143,769,713,195,Volvo XC90 SUV 2007,00286.jpg,C:/Users/seanf/Desktop/archive/cars_train/cars_train/00286.jpg,131
56,299,1266,721,91,Dodge Dakota Club Cab 2007,00287.jpg,C:/Users/seanf/Desktop/archive/cars_train/cars_train/00287.jpg,2
60,46,258,138,189,Toyota 4Runner SUV 2012,00288.jpg,C:/Users/seanf/Desktop/archive/cars_train/cars_train/00288.jpg,120
205,197,741,425,15,Audi R8 Coupe 2012,00289.jpg,C:/Users/seanf/Desktop/archive/cars_train/cars_train/00289.jpg,44
68,30,620,506,140,Hyundai Azera Sedan 2012,00290.jpg,C:/Users/seanf/Desktop/archive/cars_train/cars_train/00290.jpg,98
27,147,573,471,142,Infiniti QX56 SUV 2011,00291.jpg,C:/Users/seanf/Desktop/archive/cars_train/cars_train/00291.jpg,35
133,73,806,251,10,Aston Martin Virage Convertible 2012,00292.jpg,C:/Users/seanf/Desktop/archive/cars_train/cars_train/00292.jpg,133
24,27,936,380,104,Ferrari 458 Italia Coupe 2012,00293.jpg,C:/Users/seanf/Desktop/archive/cars_train/cars_train/00293.jpg,31
11,141,629,386,48,Buick Rainier SUV 2007,00294.jpg,C:/Users/seanf/Desktop/archive/cars_train/cars_train/00294.jpg,121
150,114,524,433,50,Buick Enclave SUV 2012,00295.jpg,C:/Users/seanf/Desktop/archive/cars_train/cars_train/00295.jpg,113
18,115,618,456,120,GMC Yukon Hybrid SUV 2012,00296.jpg,C:/Users/seanf/Desktop/archive/cars_train/cars_train/00296.jpg,21
56,157,639,455,87,Dodge Ram Pickup 3500 Quad Cab 2009,00297.jpg,C:/Users/seanf/Desktop/archive/cars_train/cars_train/00297.jpg,155
49,67,362,245,177,Rolls-Royce Phantom Sedan 2012,00298.jpg,C:/Users/seanf/Desktop/archive/cars_train/cars_train/00298.jpg,40
24,66,982,711,147,Jeep Liberty SUV 2012,00299.jpg,C:/Users/seanf/Desktop/archive/cars_train/cars_train/00299.jpg,85
41,103,994,692,169,Nissan NV Passenger Van 2012,00300.jpg,C:/Users/seanf/Desktop/archive/cars_train/cars_train/00300.jpg,156
52,36,247,189,121,GMC Acadia SUV 2012,00301.jpg,C:/Users/seanf/Desktop/archive/cars_train/cars_train/00301.jpg,82
1,37,296,171,19,Audi TT Hatchback 2011,00302.jpg,C:/Users/seanf/Desktop/archive/cars_train/cars_train/00302.jpg,110
6,47,297,193,31,BMW 6 Series Convertible 2007,00303.jpg,C:/Users/seanf/Desktop/archive/cars_train/cars_train/00303.jpg,145
14,29,235,168,156,Lincoln Town Car Sedan 2011,00304.jpg,C:/Users/seanf/Desktop/archive/cars_train/cars_train/00304.jpg,153
37,21,169,122,143,Isuzu Ascender SUV 2008,00305.jpg,C:/Users/seanf/Desktop/archive/cars_train/cars_train/00305.jpg,91
37,125,582,456,83,Dodge Caliber Wagon 2012,00306.jpg,C:/Users/seanf/Desktop/archive/cars_train/cars_train/00306.jpg,84
171,63,1187,894,58,Chevrolet Traverse SUV 2012,00307.jpg,C:/Users/seanf/Desktop/archive/cars_train/cars_train/00307.jpg,9
16,136,775,418,6,Acura Integra Type R 2001,00308.jpg,C:/Users/seanf/Desktop/archive/cars_train/cars_train/00308.jpg,123
50,122,589,338,127,Honda Odyssey Minivan 2007,00309.jpg,C:/Users/seanf/Desktop/archive/cars_train/cars_train/00309.jpg,157
36,43,407,319,131,Hyundai Santa Fe SUV 2012,00310.jpg,C:/Users/seanf/Desktop/archive/cars_train/cars_train/00310.jpg,80
1,69,280,228,15,Audi R8 Coupe 2012,00311.jpg,C:/Users/seanf/Desktop/archive/cars_train/cars_train/00311.jpg,44
53,79,627,464,73,Chevrolet Malibu Sedan 2007,00312.jpg,C:/Users/seanf/Desktop/archive/cars_train/cars_train/00312.jpg,16
13,44,477,289,24,Audi S4 Sedan 2007,00313.jpg,C:/Users/seanf/Desktop/archive/cars_train/cars_train/00313.jpg,105
33,71,615,435,87,Dodge Ram Pickup 3500 Quad Cab 2009,00314.jpg,C:/Users/seanf/Desktop/archive/cars_train/cars_train/00314.jpg,155
555,278,1543,1207,170,Nissan Juke Hatchback 2012,00315.jpg,C:/Users/seanf/Desktop/archive/cars_train/cars_train/00315.jpg,22
10,29,276,164,123,Geo Metro Convertible 1993,00316.jpg,C:/Users/seanf/Desktop/archive/cars_train/cars_train/00316.jpg,5
2,48,300,202,158,Maybach Landaulet Convertible 2012,00317.jpg,C:/Users/seanf/Desktop/archive/cars_train/cars_train/00317.jpg,158
73,159,445,376,11,Aston Martin Virage Coupe 2012,00318.jpg,C:/Users/seanf/Desktop/archive/cars_train/cars_train/00318.jpg,128
38,8,564,402,47,Buick Regal GS 2012,00319.jpg,C:/Users/seanf/Desktop/archive/cars_train/cars_train/00319.jpg,100
42,17,440,282,7,Acura ZDX Hatchback 2012,00320.jpg,C:/Users/seanf/Desktop/archive/cars_train/cars_train/00320.jpg,139
42,63,593,397,94,Dodge Durango SUV 2012,00321.jpg,C:/Users/seanf/Desktop/archive/cars_train/cars_train/00321.jpg,61
9,304,1009,677,75,Chevrolet Silverado 1500 Regular Cab 2012,00322.jpg,C:/Users/seanf/Desktop/archive/cars_train/cars_train/00322.jpg,159
161,263,632,415,182,Suzuki Kizashi Sedan 2012,00323.jpg,C:/Users/seanf/Desktop/archive/cars_train/cars_train/00323.jpg,160
15,26,199,123,186,Toyota Sequoia SUV 2012,00324.jpg,C:/Users/seanf/Desktop/archive/cars_train/cars_train/00324.jpg,11
12,21,285,142,128,Honda Accord Coupe 2012,00325.jpg,C:/Users/seanf/Desktop/archive/cars_train/cars_train/00325.jpg,126
29,28,432,249,193,Volvo C30 Hatchback 2012,00326.jpg,C:/Users/seanf/Desktop/archive/cars_train/cars_train/00326.jpg,14
2,6,546,298,180,Spyker C8 Coupe 2009,00327.jpg,C:/Users/seanf/Desktop/archive/cars_train/cars_train/00327.jpg,26
41,49,244,176,62,Chevrolet Tahoe Hybrid SUV 2012,00328.jpg,C:/Users/seanf/Desktop/archive/cars_train/cars_train/00328.jpg,161
10,105,660,475,114,Ford F-150 Regular Cab 2007,00329.jpg,C:/Users/seanf/Desktop/archive/cars_train/cars_train/00329.jpg,50
168,92,333,305,166,Mercedes-Benz Sprinter Van 2012,00330.jpg,C:/Users/seanf/Desktop/archive/cars_train/cars_train/00330.jpg,162
26,81,596,391,181,Suzuki Aerio Sedan 2007,00331.jpg,C:/Users/seanf/Desktop/archive/cars_train/cars_train/00331.jpg,163
76,247,396,396,101,Ferrari FF Coupe 2012,00332.jpg,C:/Users/seanf/Desktop/archive/cars_train/cars_train/00332.jpg,52
30,110,472,316,103,Ferrari 458 Italia Convertible 2012,00333.jpg,C:/Users/seanf/Desktop/archive/cars_train/cars_train/00333.jpg,146
179,300,1403,894,22,Audi S5 Coupe 2012,00334.jpg,C:/Users/seanf/Desktop/archive/cars_train/cars_train/00334.jpg,164
23,31,236,176,125,HUMMER H2 SUT Crew Cab 2009,00335.jpg,C:/Users/seanf/Desktop/archive/cars_train/cars_train/00335.jpg,115
309,598,1767,995,112,Ford GT Coupe 2006,00336.jpg,C:/Users/seanf/Desktop/archive/cars_train/cars_train/00336.jpg,73
45,55,530,308,38,BMW Z4 Convertible 2012,00337.jpg,C:/Users/seanf/Desktop/archive/cars_train/cars_train/00337.jpg,32
14,129,441,360,106,Ford F-450 Super Duty Crew Cab 2012,00338.jpg,C:/Users/seanf/Desktop/archive/cars_train/cars_train/00338.jpg,4
39,5,234,174,56,Chevrolet Corvette ZR1 2012,00339.jpg,C:/Users/seanf/Desktop/archive/cars_train/cars_train/00339.jpg,94
139,152,488,305,9,Aston Martin V8 Vantage Coupe 2012,00340.jpg,C:/Users/seanf/Desktop/archive/cars_train/cars_train/00340.jpg,165
62,116,974,610,67,Chevrolet Malibu Hybrid Sedan 2010,00341.jpg,C:/Users/seanf/Desktop/archive/cars_train/cars_train/00341.jpg,166
152,195,502,436,169,Nissan NV Passenger Van 2012,00342.jpg,C:/Users/seanf/Desktop/archive/cars_train/cars_train/00342.jpg,156
63,36,760,504,147,Jeep Liberty SUV 2012,00343.jpg,C:/Users/seanf/Desktop/archive/cars_train/cars_train/00343.jpg,85
36,59,770,397,145,Jeep Patriot SUV 2012,00344.jpg,C:/Users/seanf/Desktop/archive/cars_train/cars_train/00344.jpg,68
26,13,234,194,113,Ford F-150 Regular Cab 2012,00345.jpg,C:/Users/seanf/Desktop/archive/cars_train/cars_train/00345.jpg,167
112,21,2859,1928,63,Chevrolet Sonic Sedan 2012,00346.jpg,C:/Users/seanf/Desktop/archive/cars_train/cars_train/00346.jpg,129
100,190,907,691,145,Jeep Patriot SUV 2012,00347.jpg,C:/Users/seanf/Desktop/archive/cars_train/cars_train/00347.jpg,68
14,59,522,266,55,Chevrolet Corvette Convertible 2012,00348.jpg,C:/Users/seanf/Desktop/archive/cars_train/cars_train/00348.jpg,148
42,82,956,685,89,Dodge Journey SUV 2012,00349.jpg,C:/Users/seanf/Desktop/archive/cars_train/cars_train/00349.jpg,6
17,52,247,158,86,Dodge Ram Pickup 3500 Crew Cab 2010,00350.jpg,C:/Users/seanf/Desktop/archive/cars_train/cars_train/00350.jpg,25
13,108,454,305,42,Bentley Continental GT Coupe 2012,00351.jpg,C:/Users/seanf/Desktop/archive/cars_train/cars_train/00351.jpg,42
107,40,433,240,143,Isuzu Ascender SUV 2008,00352.jpg,C:/Users/seanf/Desktop/archive/cars_train/cars_train/00352.jpg,91
3,60,499,289,117,Ford Fiesta Sedan 2012,00353.jpg,C:/Users/seanf/Desktop/archive/cars_train/cars_train/00353.jpg,168
44,212,984,596,57,Chevrolet Corvette Ron Fellows Edition Z06 2007,00354.jpg,C:/Users/seanf/Desktop/archive/cars_train/cars_train/00354.jpg,18
28,93,1011,675,170,Nissan Juke Hatchback 2012,00355.jpg,C:/Users/seanf/Desktop/archive/cars_train/cars_train/00355.jpg,22
187,313,1381,1087,115,Ford Focus Sedan 2007,00356.jpg,C:/Users/seanf/Desktop/archive/cars_train/cars_train/00356.jpg,169
31,47,415,255,39,Bentley Continental Supersports Conv. Convertible 2012,00357.jpg,C:/Users/seanf/Desktop/archive/cars_train/cars_train/00357.jpg,170
53,116,562,353,29,BMW 3 Series Sedan 2012,00358.jpg,C:/Users/seanf/Desktop/archive/cars_train/cars_train/00358.jpg,59
27,71,630,422,58,Chevrolet Traverse SUV 2012,00359.jpg,C:/Users/seanf/Desktop/archive/cars_train/cars_train/00359.jpg,9
12,23,245,176,70,Chevrolet Silverado 1500 Classic Extended Cab 2007,00360.jpg,C:/Users/seanf/Desktop/archive/cars_train/cars_train/00360.jpg,171
17,64,941,620,119,GMC Savana Van 2012,00361.jpg,C:/Users/seanf/Desktop/archive/cars_train/cars_train/00361.jpg,38
108,121,539,357,50,Buick Enclave SUV 2012,00362.jpg,C:/Users/seanf/Desktop/archive/cars_train/cars_train/00362.jpg,113
14,60,402,300,128,Honda Accord Coupe 2012,00363.jpg,C:/Users/seanf/Desktop/archive/cars_train/cars_train/00363.jpg,126
15,47,286,184,53,Cadillac Escalade EXT Crew Cab 2007,00364.jpg,C:/Users/seanf/Desktop/archive/cars_train/cars_train/00364.jpg,45
17,82,630,496,53,Cadillac Escalade EXT Crew Cab 2007,00365.jpg,C:/Users/seanf/Desktop/archive/cars_train/cars_train/00365.jpg,45
67,55,508,338,32,BMW X5 SUV 2007,00366.jpg,C:/Users/seanf/Desktop/archive/cars_train/cars_train/00366.jpg,172
30,118,618,334,177,Rolls-Royce Phantom Sedan 2012,00367.jpg,C:/Users/seanf/Desktop/archive/cars_train/cars_train/00367.jpg,40
14,76,292,195,59,Chevrolet Camaro Convertible 2012,00368.jpg,C:/Users/seanf/Desktop/archive/cars_train/cars_train/00368.jpg,63
40,52,603,357,128,Honda Accord Coupe 2012,00369.jpg,C:/Users/seanf/Desktop/archive/cars_train/cars_train/00369.jpg,126
57,148,568,363,10,Aston Martin Virage Convertible 2012,00370.jpg,C:/Users/seanf/Desktop/archive/cars_train/cars_train/00370.jpg,133
5,56,430,245,83,Dodge Caliber Wagon 2012,00371.jpg,C:/Users/seanf/Desktop/archive/cars_train/cars_train/00371.jpg,84
2,190,371,490,168,Nissan Leaf Hatchback 2012,00372.jpg,C:/Users/seanf/Desktop/archive/cars_train/cars_train/00372.jpg,142
243,318,805,629,172,Plymouth Neon Coupe 1999,00373.jpg,C:/Users/seanf/Desktop/archive/cars_train/cars_train/00373.jpg,15
9,184,740,499,6,Acura Integra Type R 2001,00374.jpg,C:/Users/seanf/Desktop/archive/cars_train/cars_train/00374.jpg,123
122,48,697,401,176,Rolls-Royce Ghost Sedan 2012,00375.jpg,C:/Users/seanf/Desktop/archive/cars_train/cars_train/00375.jpg,106
74,187,917,734,135,Hyundai Elantra Sedan 2007,00376.jpg,C:/Users/seanf/Desktop/archive/cars_train/cars_train/00376.jpg,12
20,48,624,453,133,Hyundai Veracruz SUV 2012,00377.jpg,C:/Users/seanf/Desktop/archive/cars_train/cars_train/00377.jpg,30
16,25,290,215,156,Lincoln Town Car Sedan 2011,00378.jpg,C:/Users/seanf/Desktop/archive/cars_train/cars_train/00378.jpg,153
119,194,942,586,54,Chevrolet Silverado 1500 Hybrid Crew Cab 2012,00379.jpg,C:/Users/seanf/Desktop/archive/cars_train/cars_train/00379.jpg,112
137,76,600,370,99,FIAT 500 Abarth 2012,00380.jpg,C:/Users/seanf/Desktop/archive/cars_train/cars_train/00380.jpg,135
66,88,455,322,125,HUMMER H2 SUT Crew Cab 2009,00381.jpg,C:/Users/seanf/Desktop/archive/cars_train/cars_train/00381.jpg,115
4,55,494,365,146,Jeep Wrangler SUV 2012,00382.jpg,C:/Users/seanf/Desktop/archive/cars_train/cars_train/00382.jpg,173
80,1,549,431,58,Chevrolet Traverse SUV 2012,00383.jpg,C:/Users/seanf/Desktop/archive/cars_train/cars_train/00383.jpg,9
51,87,489,290,59,Chevrolet Camaro Convertible 2012,00384.jpg,C:/Users/seanf/Desktop/archive/cars_train/cars_train/00384.jpg,63
217,199,631,358,141,Infiniti G Coupe IPL 2012,00385.jpg,C:/Users/seanf/Desktop/archive/cars_train/cars_train/00385.jpg,136
65,321,1232,828,56,Chevrolet Corvette ZR1 2012,00386.jpg,C:/Users/seanf/Desktop/archive/cars_train/cars_train/00386.jpg,94
47,150,1007,635,63,Chevrolet Sonic Sedan 2012,00387.jpg,C:/Users/seanf/Desktop/archive/cars_train/cars_train/00387.jpg,129
18,53,244,175,131,Hyundai Santa Fe SUV 2012,00388.jpg,C:/Users/seanf/Desktop/archive/cars_train/cars_train/00388.jpg,80
5,96,409,262,48,Buick Rainier SUV 2007,00389.jpg,C:/Users/seanf/Desktop/archive/cars_train/cars_train/00389.jpg,121
14,21,782,487,160,McLaren MP4-12C Coupe 2012,00390.jpg,C:/Users/seanf/Desktop/archive/cars_train/cars_train/00390.jpg,116
433,262,1339,985,166,Mercedes-Benz Sprinter Van 2012,00391.jpg,C:/Users/seanf/Desktop/archive/cars_train/cars_train/00391.jpg,162
62,220,992,667,4,Acura TL Type-S 2008,00392.jpg,C:/Users/seanf/Desktop/archive/cars_train/cars_train/00392.jpg,174
110,266,986,700,195,Volvo XC90 SUV 2007,00393.jpg,C:/Users/seanf/Desktop/archive/cars_train/cars_train/00393.jpg,131
229,126,624,345,147,Jeep Liberty SUV 2012,00394.jpg,C:/Users/seanf/Desktop/archive/cars_train/cars_train/00394.jpg,85
58,45,205,165,131,Hyundai Santa Fe SUV 2012,00395.jpg,C:/Users/seanf/Desktop/archive/cars_train/cars_train/00395.jpg,80
21,99,442,295,165,Mercedes-Benz S-Class Sedan 2012,00396.jpg,C:/Users/seanf/Desktop/archive/cars_train/cars_train/00396.jpg,70
30,29,282,164,23,Audi S4 Sedan 2012,00397.jpg,C:/Users/seanf/Desktop/archive/cars_train/cars_train/00397.jpg,127
29,93,408,242,40,Bentley Arnage Sedan 2009,00398.jpg,C:/Users/seanf/Desktop/archive/cars_train/cars_train/00398.jpg,95
121,108,655,387,26,BMW ActiveHybrid 5 Sedan 2012,00399.jpg,C:/Users/seanf/Desktop/archive/cars_train/cars_train/00399.jpg,140
32,51,260,153,181,Suzuki Aerio Sedan 2007,00400.jpg,C:/Users/seanf/Desktop/archive/cars_train/cars_train/00400.jpg,163
24,78,366,232,88,Dodge Sprinter Cargo Van 2009,00401.jpg,C:/Users/seanf/Desktop/archive/cars_train/cars_train/00401.jpg,81
1,18,392,240,17,Audi 100 Sedan 1994,00402.jpg,C:/Users/seanf/Desktop/archive/cars_train/cars_train/00402.jpg,55
299,199,1415,894,110,Ford Edge SUV 2012,00403.jpg,C:/Users/seanf/Desktop/archive/cars_train/cars_train/00403.jpg,64
30,132,724,361,180,Spyker C8 Coupe 2009,00404.jpg,C:/Users/seanf/Desktop/archive/cars_train/cars_train/00404.jpg,26
42,37,624,328,10,Aston Martin Virage Convertible 2012,00405.jpg,C:/Users/seanf/Desktop/archive/cars_train/cars_train/00405.jpg,133
1,157,990,640,75,Chevrolet Silverado 1500 Regular Cab 2012,00406.jpg,C:/Users/seanf/Desktop/archive/cars_train/cars_train/00406.jpg,159
19,136,498,329,59,Chevrolet Camaro Convertible 2012,00407.jpg,C:/Users/seanf/Desktop/archive/cars_train/cars_train/00407.jpg,63
49,76,343,266,19,Audi TT Hatchback 2011,00408.jpg,C:/Users/seanf/Desktop/archive/cars_train/cars_train/00408.jpg,110
21,66,605,463,189,Toyota 4Runner SUV 2012,00409.jpg,C:/Users/seanf/Desktop/archive/cars_train/cars_train/00409.jpg,120
31,119,404,248,5,Acura TSX Sedan 2012,00410.jpg,C:/Users/seanf/Desktop/archive/cars_train/cars_train/00410.jpg,58
52,47,586,260,14,Audi TTS Coupe 2012,00411.jpg,C:/Users/seanf/Desktop/archive/cars_train/cars_train/00411.jpg,0
195,372,1908,1339,176,Rolls-Royce Ghost Sedan 2012,00412.jpg,C:/Users/seanf/Desktop/archive/cars_train/cars_train/00412.jpg,106
33,150,613,401,80,Chrysler Crossfire Convertible 2008,00413.jpg,C:/Users/seanf/Desktop/archive/cars_train/cars_train/00413.jpg,175
316,344,1269,891,86,Dodge Ram Pickup 3500 Crew Cab 2010,00414.jpg,C:/Users/seanf/Desktop/archive/cars_train/cars_train/00414.jpg,25
81,552,1917,1153,55,Chevrolet Corvette Convertible 2012,00415.jpg,C:/Users/seanf/Desktop/archive/cars_train/cars_train/00415.jpg,148
122,157,921,587,112,Ford GT Coupe 2006,00416.jpg,C:/Users/seanf/Desktop/archive/cars_train/cars_train/00416.jpg,73
63,69,603,385,50,Buick Enclave SUV 2012,00417.jpg,C:/Users/seanf/Desktop/archive/cars_train/cars_train/00417.jpg,113
12,70,388,273,57,Chevrolet Corvette Ron Fellows Edition Z06 2007,00418.jpg,C:/Users/seanf/Desktop/archive/cars_train/cars_train/00418.jpg,18
50,89,584,387,73,Chevrolet Malibu Sedan 2007,00419.jpg,C:/Users/seanf/Desktop/archive/cars_train/cars_train/00419.jpg,16
71,64,425,328,99,FIAT 500 Abarth 2012,00420.jpg,C:/Users/seanf/Desktop/archive/cars_train/cars_train/00420.jpg,135
71,158,690,341,152,Lamborghini Gallardo LP 570-4 Superleggera 2012,00421.jpg,C:/Users/seanf/Desktop/archive/cars_train/cars_train/00421.jpg,176
32,74,277,203,162,Mercedes-Benz C-Class Sedan 2012,00422.jpg,C:/Users/seanf/Desktop/archive/cars_train/cars_train/00422.jpg,79
69,59,637,461,85,Dodge Caravan Minivan 1997,00423.jpg,C:/Users/seanf/Desktop/archive/cars_train/cars_train/00423.jpg,13
22,83,415,322,5,Acura TSX Sedan 2012,00424.jpg,C:/Users/seanf/Desktop/archive/cars_train/cars_train/00424.jpg,58
48,36,572,300,7,Acura ZDX Hatchback 2012,00425.jpg,C:/Users/seanf/Desktop/archive/cars_train/cars_train/00425.jpg,139
85,318,1223,863,194,Volvo 240 Sedan 1993,00426.jpg,C:/Users/seanf/Desktop/archive/cars_train/cars_train/00426.jpg,23
33,128,581,458,117,Ford Fiesta Sedan 2012,00427.jpg,C:/Users/seanf/Desktop/archive/cars_train/cars_train/00427.jpg,168
33,102,595,429,179,Spyker C8 Convertible 2009,00428.jpg,C:/Users/seanf/Desktop/archive/cars_train/cars_train/00428.jpg,104
83,182,573,402,73,Chevrolet Malibu Sedan 2007,00429.jpg,C:/Users/seanf/Desktop/archive/cars_train/cars_train/00429.jpg,16
82,74,589,340,185,Tesla Model S Sedan 2012,00430.jpg,C:/Users/seanf/Desktop/archive/cars_train/cars_train/00430.jpg,150
47,201,534,426,187,Toyota Camry Sedan 2012,00431.jpg,C:/Users/seanf/Desktop/archive/cars_train/cars_train/00431.jpg,53
54,128,429,353,163,Mercedes-Benz SL-Class Coupe 2009,00432.jpg,C:/Users/seanf/Desktop/archive/cars_train/cars_train/00432.jpg,111
58,189,879,642,164,Mercedes-Benz E-Class Sedan 2012,00433.jpg,C:/Users/seanf/Desktop/archive/cars_train/cars_train/00433.jpg,177
18,50,280,162,171,Nissan 240SX Coupe 1998,00434.jpg,C:/Users/seanf/Desktop/archive/cars_train/cars_train/00434.jpg,92
20,75,606,325,64,Chevrolet Express Cargo Van 2007,00435.jpg,C:/Users/seanf/Desktop/archive/cars_train/cars_train/00435.jpg,178
20,51,271,180,51,Cadillac CTS-V Sedan 2012,00436.jpg,C:/Users/seanf/Desktop/archive/cars_train/cars_train/00436.jpg,74
19,67,412,314,99,FIAT 500 Abarth 2012,00437.jpg,C:/Users/seanf/Desktop/archive/cars_train/cars_train/00437.jpg,135
52,94,543,323,26,BMW ActiveHybrid 5 Sedan 2012,00438.jpg,C:/Users/seanf/Desktop/archive/cars_train/cars_train/00438.jpg,140
11,89,644,415,49,Buick Verano Sedan 2012,00439.jpg,C:/Users/seanf/Desktop/archive/cars_train/cars_train/00439.jpg,10
12,60,456,306,107,Ford Mustang Convertible 2007,00440.jpg,C:/Users/seanf/Desktop/archive/cars_train/cars_train/00440.jpg,132
30,35,382,235,115,Ford Focus Sedan 2007,00441.jpg,C:/Users/seanf/Desktop/archive/cars_train/cars_train/00441.jpg,169
53,56,391,278,190,Volkswagen Golf Hatchback 2012,00442.jpg,C:/Users/seanf/Desktop/archive/cars_train/cars_train/00442.jpg,51
37,60,218,144,143,Isuzu Ascender SUV 2008,00443.jpg,C:/Users/seanf/Desktop/archive/cars_train/cars_train/00443.jpg,91
4,4,377,277,79,Chrysler 300 SRT-8 2010,00444.jpg,C:/Users/seanf/Desktop/archive/cars_train/cars_train/00444.jpg,19
121,169,1387,775,180,Spyker C8 Coupe 2009,00445.jpg,C:/Users/seanf/Desktop/archive/cars_train/cars_train/00445.jpg,26
17,41,465,293,24,Audi S4 Sedan 2007,00446.jpg,C:/Users/seanf/Desktop/archive/cars_train/cars_train/00446.jpg,105
43,110,462,296,162,Mercedes-Benz C-Class Sedan 2012,00447.jpg,C:/Users/seanf/Desktop/archive/cars_train/cars_train/00447.jpg,79
37,67,617,437,178,Scion xD Hatchback 2012,00448.jpg,C:/Users/seanf/Desktop/archive/cars_train/cars_train/00448.jpg,93
66,117,506,289,180,Spyker C8 Coupe 2009,00449.jpg,C:/Users/seanf/Desktop/archive/cars_train/cars_train/00449.jpg,26
57,59,506,288,15,Audi R8 Coupe 2012,00450.jpg,C:/Users/seanf/Desktop/archive/cars_train/cars_train/00450.jpg,44
66,90,507,385,189,Toyota 4Runner SUV 2012,00451.jpg,C:/Users/seanf/Desktop/archive/cars_train/cars_train/00451.jpg,120
59,42,256,165,108,Ford Freestar Minivan 2007,00452.jpg,C:/Users/seanf/Desktop/archive/cars_train/cars_train/00452.jpg,108
65,91,391,278,121,GMC Acadia SUV 2012,00453.jpg,C:/Users/seanf/Desktop/archive/cars_train/cars_train/00453.jpg,82
251,299,1423,901,49,Buick Verano Sedan 2012,00454.jpg,C:/Users/seanf/Desktop/archive/cars_train/cars_train/00454.jpg,10
434,136,1528,829,194,Volvo 240 Sedan 1993,00455.jpg,C:/Users/seanf/Desktop/archive/cars_train/cars_train/00455.jpg,23
79,63,285,171,42,Bentley Continental GT Coupe 2012,00456.jpg,C:/Users/seanf/Desktop/archive/cars_train/cars_train/00456.jpg,42
79,91,600,456,118,GMC Terrain SUV 2012,00457.jpg,C:/Users/seanf/Desktop/archive/cars_train/cars_train/00457.jpg,179
16,96,483,277,108,Ford Freestar Minivan 2007,00458.jpg,C:/Users/seanf/Desktop/archive/cars_train/cars_train/00458.jpg,108
39,81,597,465,84,Dodge Caliber Wagon 2007,00459.jpg,C:/Users/seanf/Desktop/archive/cars_train/cars_train/00459.jpg,137
95,139,886,541,182,Suzuki Kizashi Sedan 2012,00460.jpg,C:/Users/seanf/Desktop/archive/cars_train/cars_train/00460.jpg,160
111,2,553,350,179,Spyker C8 Convertible 2009,00461.jpg,C:/Users/seanf/Desktop/archive/cars_train/cars_train/00461.jpg,104
5,8,83,58,1,AM General Hummer SUV 2000,00462.jpg,C:/Users/seanf/Desktop/archive/cars_train/cars_train/00462.jpg,107
113,75,1551,1136,89,Dodge Journey SUV 2012,00463.jpg,C:/Users/seanf/Desktop/archive/cars_train/cars_train/00463.jpg,6
72,216,884,579,133,Hyundai Veracruz SUV 2012,00464.jpg,C:/Users/seanf/Desktop/archive/cars_train/cars_train/00464.jpg,30
53,115,565,380,187,Toyota Camry Sedan 2012,00465.jpg,C:/Users/seanf/Desktop/archive/cars_train/cars_train/00465.jpg,53
104,261,511,480,178,Scion xD Hatchback 2012,00466.jpg,C:/Users/seanf/Desktop/archive/cars_train/cars_train/00466.jpg,93
47,92,209,178,14,Audi TTS Coupe 2012,00467.jpg,C:/Users/seanf/Desktop/archive/cars_train/cars_train/00467.jpg,0
1,18,300,147,111,Ford Ranger SuperCab 2011,00468.jpg,C:/Users/seanf/Desktop/archive/cars_train/cars_train/00468.jpg,56
13,88,483,259,93,Dodge Challenger SRT8 2011,00469.jpg,C:/Users/seanf/Desktop/archive/cars_train/cars_train/00469.jpg,117
4,9,409,193,92,Dodge Magnum Wagon 2008,00470.jpg,C:/Users/seanf/Desktop/archive/cars_train/cars_train/00470.jpg,180
3,7,253,165,18,Audi 100 Wagon 1994,00471.jpg,C:/Users/seanf/Desktop/archive/cars_train/cars_train/00471.jpg,66
34,315,1832,905,140,Hyundai Azera Sedan 2012,00472.jpg,C:/Users/seanf/Desktop/archive/cars_train/cars_train/00472.jpg,98
18,38,249,178,65,Chevrolet Avalanche Crew Cab 2012,00473.jpg,C:/Users/seanf/Desktop/archive/cars_train/cars_train/00473.jpg,47
70,125,389,340,129,Honda Accord Sedan 2012,00474.jpg,C:/Users/seanf/Desktop/archive/cars_train/cars_train/00474.jpg,181
21,85,793,389,183,Suzuki SX4 Hatchback 2012,00475.jpg,C:/Users/seanf/Desktop/archive/cars_train/cars_train/00475.jpg,118
95,125,585,390,141,Infiniti G Coupe IPL 2012,00476.jpg,C:/Users/seanf/Desktop/archive/cars_train/cars_train/00476.jpg,136
160,175,923,623,124,HUMMER H3T Crew Cab 2010,00477.jpg,C:/Users/seanf/Desktop/archive/cars_train/cars_train/00477.jpg,49
9,7,98,81,174,Ram C/V Cargo Van Minivan 2012,00478.jpg,C:/Users/seanf/Desktop/archive/cars_train/cars_train/00478.jpg,103
133,38,691,514,120,GMC Yukon Hybrid SUV 2012,00479.jpg,C:/Users/seanf/Desktop/archive/cars_train/cars_train/00479.jpg,21
29,46,239,134,109,Ford Expedition EL SUV 2009,00480.jpg,C:/Users/seanf/Desktop/archive/cars_train/cars_train/00480.jpg,87
6,44,270,175,15,Audi R8 Coupe 2012,00481.jpg,C:/Users/seanf/Desktop/archive/cars_train/cars_train/00481.jpg,44
80,91,589,429,184,Suzuki SX4 Sedan 2012,00482.jpg,C:/Users/seanf/Desktop/archive/cars_train/cars_train/00482.jpg,24
18,26,623,342,90,Dodge Dakota Crew Cab 2010,00483.jpg,C:/Users/seanf/Desktop/archive/cars_train/cars_train/00483.jpg,48
29,62,509,288,126,Honda Odyssey Minivan 2012,00484.jpg,C:/Users/seanf/Desktop/archive/cars_train/cars_train/00484.jpg,60
70,118,401,299,77,Chrysler Sebring Convertible 2010,00485.jpg,C:/Users/seanf/Desktop/archive/cars_train/cars_train/00485.jpg,122
43,74,587,399,58,Chevrolet Traverse SUV 2012,00486.jpg,C:/Users/seanf/Desktop/archive/cars_train/cars_train/00486.jpg,9
8,23,296,167,48,Buick Rainier SUV 2007,00487.jpg,C:/Users/seanf/Desktop/archive/cars_train/cars_train/00487.jpg,121
28,35,207,139,56,Chevrolet Corvette ZR1 2012,00488.jpg,C:/Users/seanf/Desktop/archive/cars_train/cars_train/00488.jpg,94
55,78,454,272,105,Fisker Karma Sedan 2012,00489.jpg,C:/Users/seanf/Desktop/archive/cars_train/cars_train/00489.jpg,34
21,51,233,163,29,BMW 3 Series Sedan 2012,00490.jpg,C:/Users/seanf/Desktop/archive/cars_train/cars_train/00490.jpg,59
37,14,358,288,121,GMC Acadia SUV 2012,00491.jpg,C:/Users/seanf/Desktop/archive/cars_train/cars_train/00491.jpg,82
13,108,612,386,61,Chevrolet Impala Sedan 2007,00492.jpg,C:/Users/seanf/Desktop/archive/cars_train/cars_train/00492.jpg,77
19,116,700,400,114,Ford F-150 Regular Cab 2007,00493.jpg,C:/Users/seanf/Desktop/archive/cars_train/cars_train/00493.jpg,50
39,337,1239,711,173,Porsche Panamera Sedan 2012,00494.jpg,C:/Users/seanf/Desktop/archive/cars_train/cars_train/00494.jpg,41
111,98,863,766,86,Dodge Ram Pickup 3500 Crew Cab 2010,00495.jpg,C:/Users/seanf/Desktop/archive/cars_train/cars_train/00495.jpg,25
24,132,1021,734,81,Chrysler PT Cruiser Convertible 2008,00496.jpg,C:/Users/seanf/Desktop/archive/cars_train/cars_train/00496.jpg,182
6,79,470,287,185,Tesla Model S Sedan 2012,00497.jpg,C:/Users/seanf/Desktop/archive/cars_train/cars_train/00497.jpg,150
78,102,560,368,119,GMC Savana Van 2012,00498.jpg,C:/Users/seanf/Desktop/archive/cars_train/cars_train/00498.jpg,38
12,31,412,249,159,Mazda Tribute SUV 2011,00499.jpg,C:/Users/seanf/Desktop/archive/cars_train/cars_train/00499.jpg,183
11,10,291,212,84,Dodge Caliber Wagon 2007,00500.jpg,C:/Users/seanf/Desktop/archive/cars_train/cars_train/00500.jpg,137
4,30,146,86,161,Mercedes-Benz 300-Class Convertible 1993,00501.jpg,C:/Users/seanf/Desktop/archive/cars_train/cars_train/00501.jpg,86
1,11,101,84,88,Dodge Sprinter Cargo Van 2009,00502.jpg,C:/Users/seanf/Desktop/archive/cars_train/cars_train/00502.jpg,81
11,48,491,237,9,Aston Martin V8 Vantage Coupe 2012,00503.jpg,C:/Users/seanf/Desktop/archive/cars_train/cars_train/00503.jpg,165
45,63,237,138,129,Honda Accord Sedan 2012,00504.jpg,C:/Users/seanf/Desktop/archive/cars_train/cars_train/00504.jpg,181
49,88,226,172,129,Honda Accord Sedan 2012,00505.jpg,C:/Users/seanf/Desktop/archive/cars_train/cars_train/00505.jpg,181
26,185,764,610,167,Mitsubishi Lancer Sedan 2012,00506.jpg,C:/Users/seanf/Desktop/archive/cars_train/cars_train/00506.jpg,8
139,206,590,395,130,Hyundai Veloster Hatchback 2012,00507.jpg,C:/Users/seanf/Desktop/archive/cars_train/cars_train/00507.jpg,152
85,237,1561,1052,167,Mitsubishi Lancer Sedan 2012,00508.jpg,C:/Users/seanf/Desktop/archive/cars_train/cars_train/00508.jpg,8
64,130,554,341,21,Audi S5 Convertible 2012,00509.jpg,C:/Users/seanf/Desktop/archive/cars_train/cars_train/00509.jpg,144
10,73,613,388,114,Ford F-150 Regular Cab 2007,00510.jpg,C:/Users/seanf/Desktop/archive/cars_train/cars_train/00510.jpg,50
74,43,569,407,99,FIAT 500 Abarth 2012,00511.jpg,C:/Users/seanf/Desktop/archive/cars_train/cars_train/00511.jpg,135
27,61,265,160,104,Ferrari 458 Italia Coupe 2012,00512.jpg,C:/Users/seanf/Desktop/archive/cars_train/cars_train/00512.jpg,31
12,164,533,351,40,Bentley Arnage Sedan 2009,00513.jpg,C:/Users/seanf/Desktop/archive/cars_train/cars_train/00513.jpg,95
18,22,292,163,109,Ford Expedition EL SUV 2009,00514.jpg,C:/Users/seanf/Desktop/archive/cars_train/cars_train/00514.jpg,87
17,70,282,166,162,Mercedes-Benz C-Class Sedan 2012,00515.jpg,C:/Users/seanf/Desktop/archive/cars_train/cars_train/00515.jpg,79
18,99,613,427,53,Cadillac Escalade EXT Crew Cab 2007,00516.jpg,C:/Users/seanf/Desktop/archive/cars_train/cars_train/00516.jpg,45
20,205,1008,694,43,Bentley Continental GT Coupe 2007,00517.jpg,C:/Users/seanf/Desktop/archive/cars_train/cars_train/00517.jpg,65
34,57,237,178,109,Ford Expedition EL SUV 2009,00518.jpg,C:/Users/seanf/Desktop/archive/cars_train/cars_train/00518.jpg,87
7,39,254,177,162,Mercedes-Benz C-Class Sedan 2012,00519.jpg,C:/Users/seanf/Desktop/archive/cars_train/cars_train/00519.jpg,79
14,59,253,142,67,Chevrolet Malibu Hybrid Sedan 2010,00520.jpg,C:/Users/seanf/Desktop/archive/cars_train/cars_train/00520.jpg,166
122,196,512,439,153,Lamborghini Diablo Coupe 2001,00521.jpg,C:/Users/seanf/Desktop/archive/cars_train/cars_train/00521.jpg,143
6,7,94,68,1,AM General Hummer SUV 2000,00522.jpg,C:/Users/seanf/Desktop/archive/cars_train/cars_train/00522.jpg,107
33,151,1000,528,115,Ford Focus Sedan 2007,00523.jpg,C:/Users/seanf/Desktop/archive/cars_train/cars_train/00523.jpg,169
38,98,590,353,126,Honda Odyssey Minivan 2012,00524.jpg,C:/Users/seanf/Desktop/archive/cars_train/cars_train/00524.jpg,60
116,148,391,318,76,Chrysler Aspen SUV 2009,00525.jpg,C:/Users/seanf/Desktop/archive/cars_train/cars_train/00525.jpg,99
26,78,245,161,108,Ford Freestar Minivan 2007,00526.jpg,C:/Users/seanf/Desktop/archive/cars_train/cars_train/00526.jpg,108
56,3,736,271,191,Volkswagen Golf Hatchback 1991,00527.jpg,C:/Users/seanf/Desktop/archive/cars_train/cars_train/00527.jpg,37
38,74,213,162,121,GMC Acadia SUV 2012,00528.jpg,C:/Users/seanf/Desktop/archive/cars_train/cars_train/00528.jpg,82
45,44,563,415,61,Chevrolet Impala Sedan 2007,00529.jpg,C:/Users/seanf/Desktop/archive/cars_train/cars_train/00529.jpg,77
25,32,236,180,161,Mercedes-Benz 300-Class Convertible 1993,00530.jpg,C:/Users/seanf/Desktop/archive/cars_train/cars_train/00530.jpg,86
167,396,1945,1016,141,Infiniti G Coupe IPL 2012,00531.jpg,C:/Users/seanf/Desktop/archive/cars_train/cars_train/00531.jpg,136
26,139,607,343,80,Chrysler Crossfire Convertible 2008,00532.jpg,C:/Users/seanf/Desktop/archive/cars_train/cars_train/00532.jpg,175
40,68,487,263,135,Hyundai Elantra Sedan 2007,00533.jpg,C:/Users/seanf/Desktop/archive/cars_train/cars_train/00533.jpg,12
17,120,563,359,139,Hyundai Elantra Touring Hatchback 2012,00534.jpg,C:/Users/seanf/Desktop/archive/cars_train/cars_train/00534.jpg,28
508,240,1379,955,154,Land Rover Range Rover SUV 2012,00535.jpg,C:/Users/seanf/Desktop/archive/cars_train/cars_train/00535.jpg,27
29,116,593,409,54,Chevrolet Silverado 1500 Hybrid Crew Cab 2012,00536.jpg,C:/Users/seanf/Desktop/archive/cars_train/cars_train/00536.jpg,112
1,328,758,773,172,Plymouth Neon Coupe 1999,00537.jpg,C:/Users/seanf/Desktop/archive/cars_train/cars_train/00537.jpg,15
56,214,1544,755,107,Ford Mustang Convertible 2007,00538.jpg,C:/Users/seanf/Desktop/archive/cars_train/cars_train/00538.jpg,132
30,11,413,316,139,Hyundai Elantra Touring Hatchback 2012,00539.jpg,C:/Users/seanf/Desktop/archive/cars_train/cars_train/00539.jpg,28
3,39,300,128,72,Chevrolet Monte Carlo Coupe 2007,00540.jpg,C:/Users/seanf/Desktop/archive/cars_train/cars_train/00540.jpg,130
12,52,275,208,122,GMC Canyon Extended Cab 2012,00541.jpg,C:/Users/seanf/Desktop/archive/cars_train/cars_train/00541.jpg,57
25,78,600,421,86,Dodge Ram Pickup 3500 Crew Cab 2010,00542.jpg,C:/Users/seanf/Desktop/archive/cars_train/cars_train/00542.jpg,25
8,79,397,240,186,Toyota Sequoia SUV 2012,00543.jpg,C:/Users/seanf/Desktop/archive/cars_train/cars_train/00543.jpg,11
9,72,633,359,179,Spyker C8 Convertible 2009,00544.jpg,C:/Users/seanf/Desktop/archive/cars_train/cars_train/00544.jpg,104
5,569,2040,1468,147,Jeep Liberty SUV 2012,00545.jpg,C:/Users/seanf/Desktop/archive/cars_train/cars_train/00545.jpg,85
40,114,350,285,34,BMW M3 Coupe 2012,00546.jpg,C:/Users/seanf/Desktop/archive/cars_train/cars_train/00546.jpg,184
63,110,592,351,47,Buick Regal GS 2012,00547.jpg,C:/Users/seanf/Desktop/archive/cars_train/cars_train/00547.jpg,100
11,36,247,175,13,Audi A5 Coupe 2012,00548.jpg,C:/Users/seanf/Desktop/archive/cars_train/cars_train/00548.jpg,36
8,5,547,267,13,Audi A5 Coupe 2012,00549.jpg,C:/Users/seanf/Desktop/archive/cars_train/cars_train/00549.jpg,36
11,130,394,257,98,Eagle Talon Hatchback 1998,00550.jpg,C:/Users/seanf/Desktop/archive/cars_train/cars_train/00550.jpg,185
227,315,766,532,42,Bentley Continental GT Coupe 2012,00551.jpg,C:/Users/seanf/Desktop/archive/cars_train/cars_train/00551.jpg,42
4,41,281,148,46,Bugatti Veyron 16.4 Coupe 2009,00552.jpg,C:/Users/seanf/Desktop/archive/cars_train/cars_train/00552.jpg,149
16,95,628,339,187,Toyota Camry Sedan 2012,00553.jpg,C:/Users/seanf/Desktop/archive/cars_train/cars_train/00553.jpg,53
41,38,299,190,138,Hyundai Sonata Sedan 2012,00554.jpg,C:/Users/seanf/Desktop/archive/cars_train/cars_train/00554.jpg,71
37,89,603,317,144,Jaguar XK XKR 2012,00555.jpg,C:/Users/seanf/Desktop/archive/cars_train/cars_train/00555.jpg,89
101,254,938,605,163,Mercedes-Benz SL-Class Coupe 2009,00556.jpg,C:/Users/seanf/Desktop/archive/cars_train/cars_train/00556.jpg,111
117,15,723,513,184,Suzuki SX4 Sedan 2012,00557.jpg,C:/Users/seanf/Desktop/archive/cars_train/cars_train/00557.jpg,24
54,49,528,336,82,Daewoo Nubira Wagon 2002,00558.jpg,C:/Users/seanf/Desktop/archive/cars_train/cars_train/00558.jpg,186
20,65,612,409,162,Mercedes-Benz C-Class Sedan 2012,00559.jpg,C:/Users/seanf/Desktop/archive/cars_train/cars_train/00559.jpg,79
7,85,250,191,107,Ford Mustang Convertible 2007,00560.jpg,C:/Users/seanf/Desktop/archive/cars_train/cars_train/00560.jpg,132
151,169,573,425,21,Audi S5 Convertible 2012,00561.jpg,C:/Users/seanf/Desktop/archive/cars_train/cars_train/00561.jpg,144
65,95,368,241,59,Chevrolet Camaro Convertible 2012,00562.jpg,C:/Users/seanf/Desktop/archive/cars_train/cars_train/00562.jpg,63
9,78,899,520,130,Hyundai Veloster Hatchback 2012,00563.jpg,C:/Users/seanf/Desktop/archive/cars_train/cars_train/00563.jpg,152
45,86,600,355,72,Chevrolet Monte Carlo Coupe 2007,00564.jpg,C:/Users/seanf/Desktop/archive/cars_train/cars_train/00564.jpg,130
187,117,649,492,183,Suzuki SX4 Hatchback 2012,00565.jpg,C:/Users/seanf/Desktop/archive/cars_train/cars_train/00565.jpg,118
520,373,1582,1043,29,BMW 3 Series Sedan 2012,00566.jpg,C:/Users/seanf/Desktop/archive/cars_train/cars_train/00566.jpg,59
19,34,247,159,92,Dodge Magnum Wagon 2008,00567.jpg,C:/Users/seanf/Desktop/archive/cars_train/cars_train/00567.jpg,180
30,128,402,307,138,Hyundai Sonata Sedan 2012,00568.jpg,C:/Users/seanf/Desktop/archive/cars_train/cars_train/00568.jpg,71
25,234,1179,675,58,Chevrolet Traverse SUV 2012,00569.jpg,C:/Users/seanf/Desktop/archive/cars_train/cars_train/00569.jpg,9
10,44,239,193,125,HUMMER H2 SUT Crew Cab 2009,00570.jpg,C:/Users/seanf/Desktop/archive/cars_train/cars_train/00570.jpg,115
18,34,255,182,131,Hyundai Santa Fe SUV 2012,00571.jpg,C:/Users/seanf/Desktop/archive/cars_train/cars_train/00571.jpg,80
78,245,896,604,183,Suzuki SX4 Hatchback 2012,00572.jpg,C:/Users/seanf/Desktop/archive/cars_train/cars_train/00572.jpg,118
141,525,1803,1854,170,Nissan Juke Hatchback 2012,00573.jpg,C:/Users/seanf/Desktop/archive/cars_train/cars_train/00573.jpg,22
117,95,612,362,82,Daewoo Nubira Wagon 2002,00574.jpg,C:/Users/seanf/Desktop/archive/cars_train/cars_train/00574.jpg,186
13,75,632,446,121,GMC Acadia SUV 2012,00575.jpg,C:/Users/seanf/Desktop/archive/cars_train/cars_train/00575.jpg,82
20,24,232,156,119,GMC Savana Van 2012,00576.jpg,C:/Users/seanf/Desktop/archive/cars_train/cars_train/00576.jpg,38
51,97,669,286,71,Chevrolet Express Van 2007,00577.jpg,C:/Users/seanf/Desktop/archive/cars_train/cars_train/00577.jpg,76
177,229,931,789,12,Audi RS 4 Convertible 2008,00578.jpg,C:/Users/seanf/Desktop/archive/cars_train/cars_train/00578.jpg,125
71,82,368,267,33,BMW X6 SUV 2012,00579.jpg,C:/Users/seanf/Desktop/archive/cars_train/cars_train/00579.jpg,187
49,241,1573,1075,191,Volkswagen Golf Hatchback 1991,00580.jpg,C:/Users/seanf/Desktop/archive/cars_train/cars_train/00580.jpg,37
310,322,1121,691,49,Buick Verano Sedan 2012,00581.jpg,C:/Users/seanf/Desktop/archive/cars_train/cars_train/00581.jpg,10
2,11,222,115,138,Hyundai Sonata Sedan 2012,00582.jpg,C:/Users/seanf/Desktop/archive/cars_train/cars_train/00582.jpg,71
107,66,566,314,193,Volvo C30 Hatchback 2012,00583.jpg,C:/Users/seanf/Desktop/archive/cars_train/cars_train/00583.jpg,14
133,95,827,540,185,Tesla Model S Sedan 2012,00584.jpg,C:/Users/seanf/Desktop/archive/cars_train/cars_train/00584.jpg,150
388,220,1340,975,89,Dodge Journey SUV 2012,00585.jpg,C:/Users/seanf/Desktop/archive/cars_train/cars_train/00585.jpg,6
31,105,246,194,190,Volkswagen Golf Hatchback 2012,00586.jpg,C:/Users/seanf/Desktop/archive/cars_train/cars_train/00586.jpg,51
23,90,504,289,152,Lamborghini Gallardo LP 570-4 Superleggera 2012,00587.jpg,C:/Users/seanf/Desktop/archive/cars_train/cars_train/00587.jpg,176
12,56,247,155,76,Chrysler Aspen SUV 2009,00588.jpg,C:/Users/seanf/Desktop/archive/cars_train/cars_train/00588.jpg,99
41,140,558,325,41,Bentley Mulsanne Sedan 2011,00589.jpg,C:/Users/seanf/Desktop/archive/cars_train/cars_train/00589.jpg,109
9,16,299,204,181,Suzuki Aerio Sedan 2007,00590.jpg,C:/Users/seanf/Desktop/archive/cars_train/cars_train/00590.jpg,163
66,36,573,446,50,Buick Enclave SUV 2012,00591.jpg,C:/Users/seanf/Desktop/archive/cars_train/cars_train/00591.jpg,113
62,128,615,389,34,BMW M3 Coupe 2012,00592.jpg,C:/Users/seanf/Desktop/archive/cars_train/cars_train/00592.jpg,184
13,31,245,155,80,Chrysler Crossfire Convertible 2008,00593.jpg,C:/Users/seanf/Desktop/archive/cars_train/cars_train/00593.jpg,175
33,85,596,395,174,Ram C/V Cargo Van Minivan 2012,00594.jpg,C:/Users/seanf/Desktop/archive/cars_train/cars_train/00594.jpg,103
91,143,582,410,69,Chevrolet Silverado 2500HD Regular Cab 2012,00595.jpg,C:/Users/seanf/Desktop/archive/cars_train/cars_train/00595.jpg,147
9,53,212,132,123,Geo Metro Convertible 1993,00596.jpg,C:/Users/seanf/Desktop/archive/cars_train/cars_train/00596.jpg,5
62,162,607,458,75,Chevrolet Silverado 1500 Regular Cab 2012,00597.jpg,C:/Users/seanf/Desktop/archive/cars_train/cars_train/00597.jpg,159
25,84,280,198,28,BMW 1 Series Coupe 2012,00598.jpg,C:/Users/seanf/Desktop/archive/cars_train/cars_train/00598.jpg,88
33,56,408,294,186,Toyota Sequoia SUV 2012,00599.jpg,C:/Users/seanf/Desktop/archive/cars_train/cars_train/00599.jpg,11
47,14,360,181,20,Audi S6 Sedan 2011,00600.jpg,C:/Users/seanf/Desktop/archive/cars_train/cars_train/00600.jpg,69
28,55,974,675,63,Chevrolet Sonic Sedan 2012,00601.jpg,C:/Users/seanf/Desktop/archive/cars_train/cars_train/00601.jpg,129
29,24,591,388,20,Audi S6 Sedan 2011,00602.jpg,C:/Users/seanf/Desktop/archive/cars_train/cars_train/00602.jpg,69
4,16,213,118,16,Audi V8 Sedan 1994,00603.jpg,C:/Users/seanf/Desktop/archive/cars_train/cars_train/00603.jpg,124
59,155,734,459,77,Chrysler Sebring Convertible 2010,00604.jpg,C:/Users/seanf/Desktop/archive/cars_train/cars_train/00604.jpg,122
117,376,1610,1048,160,McLaren MP4-12C Coupe 2012,00605.jpg,C:/Users/seanf/Desktop/archive/cars_train/cars_train/00605.jpg,116
99,72,894,675,98,Eagle Talon Hatchback 1998,00606.jpg,C:/Users/seanf/Desktop/archive/cars_train/cars_train/00606.jpg,185
73,195,570,449,59,Chevrolet Camaro Convertible 2012,00607.jpg,C:/Users/seanf/Desktop/archive/cars_train/cars_train/00607.jpg,63
254,283,922,469,150,Lamborghini Reventon Coupe 2008,00608.jpg,C:/Users/seanf/Desktop/archive/cars_train/cars_train/00608.jpg,188
19,33,223,128,123,Geo Metro Convertible 1993,00609.jpg,C:/Users/seanf/Desktop/archive/cars_train/cars_train/00609.jpg,5
395,247,1812,1254,145,Jeep Patriot SUV 2012,00610.jpg,C:/Users/seanf/Desktop/archive/cars_train/cars_train/00610.jpg,68
19,83,618,384,80,Chrysler Crossfire Convertible 2008,00611.jpg,C:/Users/seanf/Desktop/archive/cars_train/cars_train/00611.jpg,175
33,98,594,391,79,Chrysler 300 SRT-8 2010,00612.jpg,C:/Users/seanf/Desktop/archive/cars_train/cars_train/00612.jpg,19
24,72,589,481,169,Nissan NV Passenger Van 2012,00613.jpg,C:/Users/seanf/Desktop/archive/cars_train/cars_train/00613.jpg,156
1,18,1022,692,115,Ford Focus Sedan 2007,00614.jpg,C:/Users/seanf/Desktop/archive/cars_train/cars_train/00614.jpg,169
76,135,965,665,75,Chevrolet Silverado 1500 Regular Cab 2012,00615.jpg,C:/Users/seanf/Desktop/archive/cars_train/cars_train/00615.jpg,159
61,66,737,430,98,Eagle Talon Hatchback 1998,00616.jpg,C:/Users/seanf/Desktop/archive/cars_train/cars_train/00616.jpg,185
39,83,617,477,124,HUMMER H3T Crew Cab 2010,00617.jpg,C:/Users/seanf/Desktop/archive/cars_train/cars_train/00617.jpg,49
42,216,998,619,89,Dodge Journey SUV 2012,00618.jpg,C:/Users/seanf/Desktop/archive/cars_train/cars_train/00618.jpg,6
50,37,308,210,123,Geo Metro Convertible 1993,00619.jpg,C:/Users/seanf/Desktop/archive/cars_train/cars_train/00619.jpg,5
107,110,994,717,58,Chevrolet Traverse SUV 2012,00620.jpg,C:/Users/seanf/Desktop/archive/cars_train/cars_train/00620.jpg,9
10,28,791,520,145,Jeep Patriot SUV 2012,00621.jpg,C:/Users/seanf/Desktop/archive/cars_train/cars_train/00621.jpg,68
35,64,549,375,52,Cadillac SRX SUV 2012,00622.jpg,C:/Users/seanf/Desktop/archive/cars_train/cars_train/00622.jpg,189
33,142,612,396,36,BMW M6 Convertible 2010,00623.jpg,C:/Users/seanf/Desktop/archive/cars_train/cars_train/00623.jpg,20
52,58,446,231,84,Dodge Caliber Wagon 2007,00624.jpg,C:/Users/seanf/Desktop/archive/cars_train/cars_train/00624.jpg,137
12,41,652,341,133,Hyundai Veracruz SUV 2012,00625.jpg,C:/Users/seanf/Desktop/archive/cars_train/cars_train/00625.jpg,30
30,44,384,243,54,Chevrolet Silverado 1500 Hybrid Crew Cab 2012,00626.jpg,C:/Users/seanf/Desktop/archive/cars_train/cars_train/00626.jpg,112
143,89,390,238,137,Hyundai Genesis Sedan 2012,00627.jpg,C:/Users/seanf/Desktop/archive/cars_train/cars_train/00627.jpg,83
16,20,291,220,91,Dodge Dakota Club Cab 2007,00628.jpg,C:/Users/seanf/Desktop/archive/cars_train/cars_train/00628.jpg,2
3,10,259,193,131,Hyundai Santa Fe SUV 2012,00629.jpg,C:/Users/seanf/Desktop/archive/cars_train/cars_train/00629.jpg,80
133,79,660,551,76,Chrysler Aspen SUV 2009,00630.jpg,C:/Users/seanf/Desktop/archive/cars_train/cars_train/00630.jpg,99
11,8,270,160,5,Acura TSX Sedan 2012,00631.jpg,C:/Users/seanf/Desktop/archive/cars_train/cars_train/00631.jpg,58
59,224,869,575,24,Audi S4 Sedan 2007,00632.jpg,C:/Users/seanf/Desktop/archive/cars_train/cars_train/00632.jpg,105
84,285,599,699,157,MINI Cooper Roadster Convertible 2012,00633.jpg,C:/Users/seanf/Desktop/archive/cars_train/cars_train/00633.jpg,190
15,31,286,148,9,Aston Martin V8 Vantage Coupe 2012,00634.jpg,C:/Users/seanf/Desktop/archive/cars_train/cars_train/00634.jpg,165
60,91,727,405,9,Aston Martin V8 Vantage Coupe 2012,00635.jpg,C:/Users/seanf/Desktop/archive/cars_train/cars_train/00635.jpg,165
37,51,370,268,153,Lamborghini Diablo Coupe 2001,00636.jpg,C:/Users/seanf/Desktop/archive/cars_train/cars_train/00636.jpg,143
69,43,868,467,101,Ferrari FF Coupe 2012,00637.jpg,C:/Users/seanf/Desktop/archive/cars_train/cars_train/00637.jpg,52
3,41,258,157,13,Audi A5 Coupe 2012,00638.jpg,C:/Users/seanf/Desktop/archive/cars_train/cars_train/00638.jpg,36
44,125,668,483,37,BMW X3 SUV 2012,00639.jpg,C:/Users/seanf/Desktop/archive/cars_train/cars_train/00639.jpg,75
33,177,583,422,150,Lamborghini Reventon Coupe 2008,00640.jpg,C:/Users/seanf/Desktop/archive/cars_train/cars_train/00640.jpg,188
14,113,599,417,182,Suzuki Kizashi Sedan 2012,00641.jpg,C:/Users/seanf/Desktop/archive/cars_train/cars_train/00641.jpg,160
37,54,261,175,23,Audi S4 Sedan 2012,00642.jpg,C:/Users/seanf/Desktop/archive/cars_train/cars_train/00642.jpg,127
35,118,573,332,194,Volvo 240 Sedan 1993,00643.jpg,C:/Users/seanf/Desktop/archive/cars_train/cars_train/00643.jpg,23
55,138,588,349,109,Ford Expedition EL SUV 2009,00644.jpg,C:/Users/seanf/Desktop/archive/cars_train/cars_train/00644.jpg,87
20,13,301,113,69,Chevrolet Silverado 2500HD Regular Cab 2012,00645.jpg,C:/Users/seanf/Desktop/archive/cars_train/cars_train/00645.jpg,147
8,38,266,146,83,Dodge Caliber Wagon 2012,00646.jpg,C:/Users/seanf/Desktop/archive/cars_train/cars_train/00646.jpg,84
169,428,1393,1001,51,Cadillac CTS-V Sedan 2012,00647.jpg,C:/Users/seanf/Desktop/archive/cars_train/cars_train/00647.jpg,74
14,60,223,138,136,Hyundai Accent Sedan 2012,00648.jpg,C:/Users/seanf/Desktop/archive/cars_train/cars_train/00648.jpg,90
64,153,818,423,140,Hyundai Azera Sedan 2012,00649.jpg,C:/Users/seanf/Desktop/archive/cars_train/cars_train/00649.jpg,98
64,136,439,329,32,BMW X5 SUV 2007,00650.jpg,C:/Users/seanf/Desktop/archive/cars_train/cars_train/00650.jpg,172
8,147,782,511,182,Suzuki Kizashi Sedan 2012,00651.jpg,C:/Users/seanf/Desktop/archive/cars_train/cars_train/00651.jpg,160
6,21,318,140,142,Infiniti QX56 SUV 2011,00652.jpg,C:/Users/seanf/Desktop/archive/cars_train/cars_train/00652.jpg,35
15,46,194,109,16,Audi V8 Sedan 1994,00653.jpg,C:/Users/seanf/Desktop/archive/cars_train/cars_train/00653.jpg,124
55,61,799,445,61,Chevrolet Impala Sedan 2007,00654.jpg,C:/Users/seanf/Desktop/archive/cars_train/cars_train/00654.jpg,77
82,185,928,579,175,Rolls-Royce Phantom Drophead Coupe Convertible 2012,00655.jpg,C:/Users/seanf/Desktop/archive/cars_train/cars_train/00655.jpg,72
43,75,445,252,185,Tesla Model S Sedan 2012,00656.jpg,C:/Users/seanf/Desktop/archive/cars_train/cars_train/00656.jpg,150
6,15,271,160,38,BMW Z4 Convertible 2012,00657.jpg,C:/Users/seanf/Desktop/archive/cars_train/cars_train/00657.jpg,32
192,235,1260,878,164,Mercedes-Benz E-Class Sedan 2012,00658.jpg,C:/Users/seanf/Desktop/archive/cars_train/cars_train/00658.jpg,177
136,308,893,710,127,Honda Odyssey Minivan 2007,00659.jpg,C:/Users/seanf/Desktop/archive/cars_train/cars_train/00659.jpg,157
173,132,497,296,11,Aston Martin Virage Coupe 2012,00660.jpg,C:/Users/seanf/Desktop/archive/cars_train/cars_train/00660.jpg,128
8,71,421,285,61,Chevrolet Impala Sedan 2007,00661.jpg,C:/Users/seanf/Desktop/archive/cars_train/cars_train/00661.jpg,77
47,57,612,455,125,HUMMER H2 SUT Crew Cab 2009,00662.jpg,C:/Users/seanf/Desktop/archive/cars_train/cars_train/00662.jpg,115
49,91,675,322,84,Dodge Caliber Wagon 2007,00663.jpg,C:/Users/seanf/Desktop/archive/cars_train/cars_train/00663.jpg,137
31,66,619,425,29,BMW 3 Series Sedan 2012,00664.jpg,C:/Users/seanf/Desktop/archive/cars_train/cars_train/00664.jpg,59
12,46,239,154,156,Lincoln Town Car Sedan 2011,00665.jpg,C:/Users/seanf/Desktop/archive/cars_train/cars_train/00665.jpg,153
127,137,673,352,184,Suzuki SX4 Sedan 2012,00666.jpg,C:/Users/seanf/Desktop/archive/cars_train/cars_train/00666.jpg,24
21,44,453,318,135,Hyundai Elantra Sedan 2007,00667.jpg,C:/Users/seanf/Desktop/archive/cars_train/cars_train/00667.jpg,12
14,48,256,164,80,Chrysler Crossfire Convertible 2008,00668.jpg,C:/Users/seanf/Desktop/archive/cars_train/cars_train/00668.jpg,175
12,41,246,186,70,Chevrolet Silverado 1500 Classic Extended Cab 2007,00669.jpg,C:/Users/seanf/Desktop/archive/cars_train/cars_train/00669.jpg,171
97,49,455,326,2,Acura RL Sedan 2012,00670.jpg,C:/Users/seanf/Desktop/archive/cars_train/cars_train/00670.jpg,191
24,91,506,270,137,Hyundai Genesis Sedan 2012,00671.jpg,C:/Users/seanf/Desktop/archive/cars_train/cars_train/00671.jpg,83
50,16,226,184,119,GMC Savana Van 2012,00672.jpg,C:/Users/seanf/Desktop/archive/cars_train/cars_train/00672.jpg,38
25,1,259,189,86,Dodge Ram Pickup 3500 Crew Cab 2010,00673.jpg,C:/Users/seanf/Desktop/archive/cars_train/cars_train/00673.jpg,25
5,16,153,102,119,GMC Savana Van 2012,00674.jpg,C:/Users/seanf/Desktop/archive/cars_train/cars_train/00674.jpg,38
103,289,1049,584,38,BMW Z4 Convertible 2012,00675.jpg,C:/Users/seanf/Desktop/archive/cars_train/cars_train/00675.jpg,32
35,107,620,389,61,Chevrolet Impala Sedan 2007,00676.jpg,C:/Users/seanf/Desktop/archive/cars_train/cars_train/00676.jpg,77
11,34,217,140,100,FIAT 500 Convertible 2012,00677.jpg,C:/Users/seanf/Desktop/archive/cars_train/cars_train/00677.jpg,151
105,400,978,692,27,BMW 1 Series Convertible 2012,00678.jpg,C:/Users/seanf/Desktop/archive/cars_train/cars_train/00678.jpg,192
190,229,681,454,101,Ferrari FF Coupe 2012,00679.jpg,C:/Users/seanf/Desktop/archive/cars_train/cars_train/00679.jpg,52
59,52,247,155,136,Hyundai Accent Sedan 2012,00680.jpg,C:/Users/seanf/Desktop/archive/cars_train/cars_train/00680.jpg,90
5,32,588,340,20,Audi S6 Sedan 2011,00681.jpg,C:/Users/seanf/Desktop/archive/cars_train/cars_train/00681.jpg,69
11,15,297,201,90,Dodge Dakota Crew Cab 2010,00682.jpg,C:/Users/seanf/Desktop/archive/cars_train/cars_train/00682.jpg,48
108,1,550,295,185,Tesla Model S Sedan 2012,00683.jpg,C:/Users/seanf/Desktop/archive/cars_train/cars_train/00683.jpg,150
68,37,698,446,25,Audi TT RS Coupe 2012,00684.jpg,C:/Users/seanf/Desktop/archive/cars_train/cars_train/00684.jpg,39
260,498,1700,1030,137,Hyundai Genesis Sedan 2012,00685.jpg,C:/Users/seanf/Desktop/archive/cars_train/cars_train/00685.jpg,83
30,52,385,190,15,Audi R8 Coupe 2012,00686.jpg,C:/Users/seanf/Desktop/archive/cars_train/cars_train/00686.jpg,44
167,84,854,575,140,Hyundai Azera Sedan 2012,00687.jpg,C:/Users/seanf/Desktop/archive/cars_train/cars_train/00687.jpg,98
75,6,864,628,140,Hyundai Azera Sedan 2012,00688.jpg,C:/Users/seanf/Desktop/archive/cars_train/cars_train/00688.jpg,98
59,63,369,293,24,Audi S4 Sedan 2007,00689.jpg,C:/Users/seanf/Desktop/archive/cars_train/cars_train/00689.jpg,105
111,55,346,217,12,Audi RS 4 Convertible 2008,00690.jpg,C:/Users/seanf/Desktop/archive/cars_train/cars_train/00690.jpg,125
84,189,573,376,2,Acura RL Sedan 2012,00691.jpg,C:/Users/seanf/Desktop/archive/cars_train/cars_train/00691.jpg,191
48,45,589,320,58,Chevrolet Traverse SUV 2012,00692.jpg,C:/Users/seanf/Desktop/archive/cars_train/cars_train/00692.jpg,9
64,103,934,617,86,Dodge Ram Pickup 3500 Crew Cab 2010,00693.jpg,C:/Users/seanf/Desktop/archive/cars_train/cars_train/00693.jpg,25
14,43,221,150,62,Chevrolet Tahoe Hybrid SUV 2012,00694.jpg,C:/Users/seanf/Desktop/archive/cars_train/cars_train/00694.jpg,161
87,80,567,458,111,Ford Ranger SuperCab 2011,00695.jpg,C:/Users/seanf/Desktop/archive/cars_train/cars_train/00695.jpg,56
2,73,567,331,122,GMC Canyon Extended Cab 2012,00696.jpg,C:/Users/seanf/Desktop/archive/cars_train/cars_train/00696.jpg,57
16,55,560,382,4,Acura TL Type-S 2008,00697.jpg,C:/Users/seanf/Desktop/archive/cars_train/cars_train/00697.jpg,174
29,24,219,151,51,Cadillac CTS-V Sedan 2012,00698.jpg,C:/Users/seanf/Desktop/archive/cars_train/cars_train/00698.jpg,74
37,36,609,376,129,Honda Accord Sedan 2012,00699.jpg,C:/Users/seanf/Desktop/archive/cars_train/cars_train/00699.jpg,181
93,101,404,274,5,Acura TSX Sedan 2012,00700.jpg,C:/Users/seanf/Desktop/archive/cars_train/cars_train/00700.jpg,58
22,49,276,181,31,BMW 6 Series Convertible 2007,00701.jpg,C:/Users/seanf/Desktop/archive/cars_train/cars_train/00701.jpg,145
567,449,1428,988,138,Hyundai Sonata Sedan 2012,00702.jpg,C:/Users/seanf/Desktop/archive/cars_train/cars_train/00702.jpg,71
21,137,472,337,115,Ford Focus Sedan 2007,00703.jpg,C:/Users/seanf/Desktop/archive/cars_train/cars_train/00703.jpg,169
11,29,631,435,137,Hyundai Genesis Sedan 2012,00704.jpg,C:/Users/seanf/Desktop/archive/cars_train/cars_train/00704.jpg,83
17,8,343,248,95,Dodge Durango SUV 2007,00705.jpg,C:/Users/seanf/Desktop/archive/cars_train/cars_train/00705.jpg,193
13,20,626,446,145,Jeep Patriot SUV 2012,00706.jpg,C:/Users/seanf/Desktop/archive/cars_train/cars_train/00706.jpg,68
26,32,677,418,1,AM General Hummer SUV 2000,00707.jpg,C:/Users/seanf/Desktop/archive/cars_train/cars_train/00707.jpg,107
102,298,903,609,164,Mercedes-Benz E-Class Sedan 2012,00708.jpg,C:/Users/seanf/Desktop/archive/cars_train/cars_train/00708.jpg,177
129,256,729,498,36,BMW M6 Convertible 2010,00709.jpg,C:/Users/seanf/Desktop/archive/cars_train/cars_train/00709.jpg,20
13,34,272,147,46,Bugatti Veyron 16.4 Coupe 2009,00710.jpg,C:/Users/seanf/Desktop/archive/cars_train/cars_train/00710.jpg,149
29,19,623,405,169,Nissan NV Passenger Van 2012,00711.jpg,C:/Users/seanf/Desktop/archive/cars_train/cars_train/00711.jpg,156
457,414,1308,951,149,Jeep Compass SUV 2012,00712.jpg,C:/Users/seanf/Desktop/archive/cars_train/cars_train/00712.jpg,102
58,82,966,720,86,Dodge Ram Pickup 3500 Crew Cab 2010,00713.jpg,C:/Users/seanf/Desktop/archive/cars_train/cars_train/00713.jpg,25
75,121,603,370,60,Chevrolet HHR SS 2010,00714.jpg,C:/Users/seanf/Desktop/archive/cars_train/cars_train/00714.jpg,96
47,89,690,441,114,Ford F-150 Regular Cab 2007,00715.jpg,C:/Users/seanf/Desktop/archive/cars_train/cars_train/00715.jpg,50
8,91,257,189,38,BMW Z4 Convertible 2012,00716.jpg,C:/Users/seanf/Desktop/archive/cars_train/cars_train/00716.jpg,32
21,31,609,359,106,Ford F-450 Super Duty Crew Cab 2012,00717.jpg,C:/Users/seanf/Desktop/archive/cars_train/cars_train/00717.jpg,4
296,222,1121,607,145,Jeep Patriot SUV 2012,00718.jpg,C:/Users/seanf/Desktop/archive/cars_train/cars_train/00718.jpg,68
118,93,380,317,184,Suzuki SX4 Sedan 2012,00719.jpg,C:/Users/seanf/Desktop/archive/cars_train/cars_train/00719.jpg,24
10,62,152,117,80,Chrysler Crossfire Convertible 2008,00720.jpg,C:/Users/seanf/Desktop/archive/cars_train/cars_train/00720.jpg,175
74,231,418,360,117,Ford Fiesta Sedan 2012,00721.jpg,C:/Users/seanf/Desktop/archive/cars_train/cars_train/00721.jpg,168
62,102,565,405,74,Chevrolet Silverado 1500 Extended Cab 2012,00722.jpg,C:/Users/seanf/Desktop/archive/cars_train/cars_train/00722.jpg,78
25,241,751,524,19,Audi TT Hatchback 2011,00723.jpg,C:/Users/seanf/Desktop/archive/cars_train/cars_train/00723.jpg,110
100,27,238,125,51,Cadillac CTS-V Sedan 2012,00724.jpg,C:/Users/seanf/Desktop/archive/cars_train/cars_train/00724.jpg,74
206,55,808,570,63,Chevrolet Sonic Sedan 2012,00725.jpg,C:/Users/seanf/Desktop/archive/cars_train/cars_train/00725.jpg,129
7,85,246,182,165,Mercedes-Benz S-Class Sedan 2012,00726.jpg,C:/Users/seanf/Desktop/archive/cars_train/cars_train/00726.jpg,70
1,31,208,92,151,Lamborghini Aventador Coupe 2012,00727.jpg,C:/Users/seanf/Desktop/archive/cars_train/cars_train/00727.jpg,154
38,66,266,181,73,Chevrolet Malibu Sedan 2007,00728.jpg,C:/Users/seanf/Desktop/archive/cars_train/cars_train/00728.jpg,16
64,160,420,347,129,Honda Accord Sedan 2012,00729.jpg,C:/Users/seanf/Desktop/archive/cars_train/cars_train/00729.jpg,181
30,56,619,395,159,Mazda Tribute SUV 2011,00730.jpg,C:/Users/seanf/Desktop/archive/cars_train/cars_train/00730.jpg,183
30,37,608,331,103,Ferrari 458 Italia Convertible 2012,00731.jpg,C:/Users/seanf/Desktop/archive/cars_train/cars_train/00731.jpg,146
40,349,571,613,41,Bentley Mulsanne Sedan 2011,00732.jpg,C:/Users/seanf/Desktop/archive/cars_train/cars_train/00732.jpg,109
289,136,555,306,24,Audi S4 Sedan 2007,00733.jpg,C:/Users/seanf/Desktop/archive/cars_train/cars_train/00733.jpg,105
16,157,778,520,165,Mercedes-Benz S-Class Sedan 2012,00734.jpg,C:/Users/seanf/Desktop/archive/cars_train/cars_train/00734.jpg,70
10,60,894,506,130,Hyundai Veloster Hatchback 2012,00735.jpg,C:/Users/seanf/Desktop/archive/cars_train/cars_train/00735.jpg,152
18,4,428,251,179,Spyker C8 Convertible 2009,00736.jpg,C:/Users/seanf/Desktop/archive/cars_train/cars_train/00736.jpg,104
39,12,216,187,88,Dodge Sprinter Cargo Van 2009,00737.jpg,C:/Users/seanf/Desktop/archive/cars_train/cars_train/00737.jpg,81
42,153,602,389,55,Chevrolet Corvette Convertible 2012,00738.jpg,C:/Users/seanf/Desktop/archive/cars_train/cars_train/00738.jpg,148
29,86,601,373,58,Chevrolet Traverse SUV 2012,00739.jpg,C:/Users/seanf/Desktop/archive/cars_train/cars_train/00739.jpg,9
37,77,582,342,3,Acura TL Sedan 2012,00740.jpg,C:/Users/seanf/Desktop/archive/cars_train/cars_train/00740.jpg,1
41,81,629,410,111,Ford Ranger SuperCab 2011,00741.jpg,C:/Users/seanf/Desktop/archive/cars_train/cars_train/00741.jpg,56
5,25,271,177,5,Acura TSX Sedan 2012,00742.jpg,C:/Users/seanf/Desktop/archive/cars_train/cars_train/00742.jpg,58
45,115,627,455,87,Dodge Ram Pickup 3500 Quad Cab 2009,00743.jpg,C:/Users/seanf/Desktop/archive/cars_train/cars_train/00743.jpg,155
51,52,541,364,137,Hyundai Genesis Sedan 2012,00744.jpg,C:/Users/seanf/Desktop/archive/cars_train/cars_train/00744.jpg,83
32,72,591,386,61,Chevrolet Impala Sedan 2007,00745.jpg,C:/Users/seanf/Desktop/archive/cars_train/cars_train/00745.jpg,77
10,18,242,181,41,Bentley Mulsanne Sedan 2011,00746.jpg,C:/Users/seanf/Desktop/archive/cars_train/cars_train/00746.jpg,109
213,307,763,557,167,Mitsubishi Lancer Sedan 2012,00747.jpg,C:/Users/seanf/Desktop/archive/cars_train/cars_train/00747.jpg,8
54,39,392,188,69,Chevrolet Silverado 2500HD Regular Cab 2012,00748.jpg,C:/Users/seanf/Desktop/archive/cars_train/cars_train/00748.jpg,147
15,36,271,154,44,Bentley Continental Flying Spur Sedan 2007,00749.jpg,C:/Users/seanf/Desktop/archive/cars_train/cars_train/00749.jpg,46
17,70,370,257,24,Audi S4 Sedan 2007,00750.jpg,C:/Users/seanf/Desktop/archive/cars_train/cars_train/00750.jpg,105
66,247,978,527,55,Chevrolet Corvette Convertible 2012,00751.jpg,C:/Users/seanf/Desktop/archive/cars_train/cars_train/00751.jpg,148
305,270,1439,959,168,Nissan Leaf Hatchback 2012,00752.jpg,C:/Users/seanf/Desktop/archive/cars_train/cars_train/00752.jpg,142
68,128,549,419,106,Ford F-450 Super Duty Crew Cab 2012,00753.jpg,C:/Users/seanf/Desktop/archive/cars_train/cars_train/00753.jpg,4
60,2,578,440,95,Dodge Durango SUV 2007,00754.jpg,C:/Users/seanf/Desktop/archive/cars_train/cars_train/00754.jpg,193
30,32,593,296,12,Audi RS 4 Convertible 2008,00755.jpg,C:/Users/seanf/Desktop/archive/cars_train/cars_train/00755.jpg,125
21,47,580,344,153,Lamborghini Diablo Coupe 2001,00756.jpg,C:/Users/seanf/Desktop/archive/cars_train/cars_train/00756.jpg,143
85,118,379,290,124,HUMMER H3T Crew Cab 2010,00757.jpg,C:/Users/seanf/Desktop/archive/cars_train/cars_train/00757.jpg,49
30,154,771,502,49,Buick Verano Sedan 2012,00758.jpg,C:/Users/seanf/Desktop/archive/cars_train/cars_train/00758.jpg,10
25,99,602,388,47,Buick Regal GS 2012,00759.jpg,C:/Users/seanf/Desktop/archive/cars_train/cars_train/00759.jpg,100
100,5,1179,862,170,Nissan Juke Hatchback 2012,00760.jpg,C:/Users/seanf/Desktop/archive/cars_train/cars_train/00760.jpg,22
57,131,570,397,87,Dodge Ram Pickup 3500 Quad Cab 2009,00761.jpg,C:/Users/seanf/Desktop/archive/cars_train/cars_train/00761.jpg,155
6,106,611,372,172,Plymouth Neon Coupe 1999,00762.jpg,C:/Users/seanf/Desktop/archive/cars_train/cars_train/00762.jpg,15
66,176,588,362,174,Ram C/V Cargo Van Minivan 2012,00763.jpg,C:/Users/seanf/Desktop/archive/cars_train/cars_train/00763.jpg,103
8,106,391,262,165,Mercedes-Benz S-Class Sedan 2012,00764.jpg,C:/Users/seanf/Desktop/archive/cars_train/cars_train/00764.jpg,70
6,24,297,153,21,Audi S5 Convertible 2012,00765.jpg,C:/Users/seanf/Desktop/archive/cars_train/cars_train/00765.jpg,144
18,92,532,297,174,Ram C/V Cargo Van Minivan 2012,00766.jpg,C:/Users/seanf/Desktop/archive/cars_train/cars_train/00766.jpg,103
106,73,805,546,22,Audi S5 Coupe 2012,00767.jpg,C:/Users/seanf/Desktop/archive/cars_train/cars_train/00767.jpg,164
9,33,246,161,82,Daewoo Nubira Wagon 2002,00768.jpg,C:/Users/seanf/Desktop/archive/cars_train/cars_train/00768.jpg,186
61,222,959,569,61,Chevrolet Impala Sedan 2007,00769.jpg,C:/Users/seanf/Desktop/archive/cars_train/cars_train/00769.jpg,77
21,45,772,547,24,Audi S4 Sedan 2007,00770.jpg,C:/Users/seanf/Desktop/archive/cars_train/cars_train/00770.jpg,105
22,59,626,412,168,Nissan Leaf Hatchback 2012,00771.jpg,C:/Users/seanf/Desktop/archive/cars_train/cars_train/00771.jpg,142
30,31,611,453,20,Audi S6 Sedan 2011,00772.jpg,C:/Users/seanf/Desktop/archive/cars_train/cars_train/00772.jpg,69
33,50,197,150,1,AM General Hummer SUV 2000,00773.jpg,C:/Users/seanf/Desktop/archive/cars_train/cars_train/00773.jpg,107
45,199,615,432,91,Dodge Dakota Club Cab 2007,00774.jpg,C:/Users/seanf/Desktop/archive/cars_train/cars_train/00774.jpg,2
82,99,565,351,138,Hyundai Sonata Sedan 2012,00775.jpg,C:/Users/seanf/Desktop/archive/cars_train/cars_train/00775.jpg,71
15,45,639,420,119,GMC Savana Van 2012,00776.jpg,C:/Users/seanf/Desktop/archive/cars_train/cars_train/00776.jpg,38
18,40,491,283,120,GMC Yukon Hybrid SUV 2012,00777.jpg,C:/Users/seanf/Desktop/archive/cars_train/cars_train/00777.jpg,21
60,17,455,322,180,Spyker C8 Coupe 2009,00778.jpg,C:/Users/seanf/Desktop/archive/cars_train/cars_train/00778.jpg,26
17,121,555,384,68,Chevrolet TrailBlazer SS 2009,00779.jpg,C:/Users/seanf/Desktop/archive/cars_train/cars_train/00779.jpg,114
36,63,478,234,18,Audi 100 Wagon 1994,00780.jpg,C:/Users/seanf/Desktop/archive/cars_train/cars_train/00780.jpg,66
38,6,595,476,88,Dodge Sprinter Cargo Van 2009,00781.jpg,C:/Users/seanf/Desktop/archive/cars_train/cars_train/00781.jpg,81
68,95,593,319,101,Ferrari FF Coupe 2012,00782.jpg,C:/Users/seanf/Desktop/archive/cars_train/cars_train/00782.jpg,52
156,255,955,619,79,Chrysler 300 SRT-8 2010,00783.jpg,C:/Users/seanf/Desktop/archive/cars_train/cars_train/00783.jpg,19
42,163,725,382,103,Ferrari 458 Italia Convertible 2012,00784.jpg,C:/Users/seanf/Desktop/archive/cars_train/cars_train/00784.jpg,146
19,96,469,266,22,Audi S5 Coupe 2012,00785.jpg,C:/Users/seanf/Desktop/archive/cars_train/cars_train/00785.jpg,164
13,32,774,529,191,Volkswagen Golf Hatchback 1991,00786.jpg,C:/Users/seanf/Desktop/archive/cars_train/cars_train/00786.jpg,37
114,128,800,432,141,Infiniti G Coupe IPL 2012,00787.jpg,C:/Users/seanf/Desktop/archive/cars_train/cars_train/00787.jpg,136
30,105,294,233,115,Ford Focus Sedan 2007,00788.jpg,C:/Users/seanf/Desktop/archive/cars_train/cars_train/00788.jpg,169
23,25,245,150,162,Mercedes-Benz C-Class Sedan 2012,00789.jpg,C:/Users/seanf/Desktop/archive/cars_train/cars_train/00789.jpg,79
124,406,1546,1120,131,Hyundai Santa Fe SUV 2012,00790.jpg,C:/Users/seanf/Desktop/archive/cars_train/cars_train/00790.jpg,80
9,61,334,199,135,Hyundai Elantra Sedan 2007,00791.jpg,C:/Users/seanf/Desktop/archive/cars_train/cars_train/00791.jpg,12
155,59,532,361,35,BMW M5 Sedan 2010,00792.jpg,C:/Users/seanf/Desktop/archive/cars_train/cars_train/00792.jpg,194
7,50,394,261,24,Audi S4 Sedan 2007,00793.jpg,C:/Users/seanf/Desktop/archive/cars_train/cars_train/00793.jpg,105
23,102,408,265,139,Hyundai Elantra Touring Hatchback 2012,00794.jpg,C:/Users/seanf/Desktop/archive/cars_train/cars_train/00794.jpg,28
9,30,251,169,51,Cadillac CTS-V Sedan 2012,00795.jpg,C:/Users/seanf/Desktop/archive/cars_train/cars_train/00795.jpg,74
38,213,564,436,184,Suzuki SX4 Sedan 2012,00796.jpg,C:/Users/seanf/Desktop/archive/cars_train/cars_train/00796.jpg,24
135,62,922,611,191,Volkswagen Golf Hatchback 1991,00797.jpg,C:/Users/seanf/Desktop/archive/cars_train/cars_train/00797.jpg,37
10,1,576,261,27,BMW 1 Series Convertible 2012,00798.jpg,C:/Users/seanf/Desktop/archive/cars_train/cars_train/00798.jpg,192
11,96,625,387,172,Plymouth Neon Coupe 1999,00799.jpg,C:/Users/seanf/Desktop/archive/cars_train/cars_train/00799.jpg,15
3,73,211,148,107,Ford Mustang Convertible 2007,00800.jpg,C:/Users/seanf/Desktop/archive/cars_train/cars_train/00800.jpg,132
57,158,351,296,103,Ferrari 458 Italia Convertible 2012,00801.jpg,C:/Users/seanf/Desktop/archive/cars_train/cars_train/00801.jpg,146
45,140,357,247,163,Mercedes-Benz SL-Class Coupe 2009,00802.jpg,C:/Users/seanf/Desktop/archive/cars_train/cars_train/00802.jpg,111
36,36,549,457,24,Audi S4 Sedan 2007,00803.jpg,C:/Users/seanf/Desktop/archive/cars_train/cars_train/00803.jpg,105
78,31,570,419,166,Mercedes-Benz Sprinter Van 2012,00804.jpg,C:/Users/seanf/Desktop/archive/cars_train/cars_train/00804.jpg,162
15,32,296,149,190,Volkswagen Golf Hatchback 2012,00805.jpg,C:/Users/seanf/Desktop/archive/cars_train/cars_train/00805.jpg,51
79,171,713,385,92,Dodge Magnum Wagon 2008,00806.jpg,C:/Users/seanf/Desktop/archive/cars_train/cars_train/00806.jpg,180
13,87,630,401,121,GMC Acadia SUV 2012,00807.jpg,C:/Users/seanf/Desktop/archive/cars_train/cars_train/00807.jpg,82
9,46,141,94,119,GMC Savana Van 2012,00808.jpg,C:/Users/seanf/Desktop/archive/cars_train/cars_train/00808.jpg,38
58,13,579,414,160,McLaren MP4-12C Coupe 2012,00809.jpg,C:/Users/seanf/Desktop/archive/cars_train/cars_train/00809.jpg,116
66,18,237,185,111,Ford Ranger SuperCab 2011,00810.jpg,C:/Users/seanf/Desktop/archive/cars_train/cars_train/00810.jpg,56
49,114,577,367,117,Ford Fiesta Sedan 2012,00811.jpg,C:/Users/seanf/Desktop/archive/cars_train/cars_train/00811.jpg,168
1,63,480,315,68,Chevrolet TrailBlazer SS 2009,00812.jpg,C:/Users/seanf/Desktop/archive/cars_train/cars_train/00812.jpg,114
32,93,941,696,139,Hyundai Elantra Touring Hatchback 2012,00813.jpg,C:/Users/seanf/Desktop/archive/cars_train/cars_train/00813.jpg,28
17,35,234,167,82,Daewoo Nubira Wagon 2002,00814.jpg,C:/Users/seanf/Desktop/archive/cars_train/cars_train/00814.jpg,186
34,74,473,273,137,Hyundai Genesis Sedan 2012,00815.jpg,C:/Users/seanf/Desktop/archive/cars_train/cars_train/00815.jpg,83
12,34,139,78,57,Chevrolet Corvette Ron Fellows Edition Z06 2007,00816.jpg,C:/Users/seanf/Desktop/archive/cars_train/cars_train/00816.jpg,18
28,96,477,317,143,Isuzu Ascender SUV 2008,00817.jpg,C:/Users/seanf/Desktop/archive/cars_train/cars_train/00817.jpg,91
57,220,673,468,160,McLaren MP4-12C Coupe 2012,00818.jpg,C:/Users/seanf/Desktop/archive/cars_train/cars_train/00818.jpg,116
8,17,388,287,135,Hyundai Elantra Sedan 2007,00819.jpg,C:/Users/seanf/Desktop/archive/cars_train/cars_train/00819.jpg,12
30,116,963,523,63,Chevrolet Sonic Sedan 2012,00820.jpg,C:/Users/seanf/Desktop/archive/cars_train/cars_train/00820.jpg,129
37,153,411,299,78,Chrysler Town and Country Minivan 2012,00821.jpg,C:/Users/seanf/Desktop/archive/cars_train/cars_train/00821.jpg,195
391,169,859,401,152,Lamborghini Gallardo LP 570-4 Superleggera 2012,00822.jpg,C:/Users/seanf/Desktop/archive/cars_train/cars_train/00822.jpg,176
15,24,144,72,62,Chevrolet Tahoe Hybrid SUV 2012,00823.jpg,C:/Users/seanf/Desktop/archive/cars_train/cars_train/00823.jpg,161
174,243,846,546,114,Ford F-150 Regular Cab 2007,00824.jpg,C:/Users/seanf/Desktop/archive/cars_train/cars_train/00824.jpg,50
3,57,455,287,23,Audi S4 Sedan 2012,00825.jpg,C:/Users/seanf/Desktop/archive/cars_train/cars_train/00825.jpg,127
120,90,610,359,110,Ford Edge SUV 2012,00826.jpg,C:/Users/seanf/Desktop/archive/cars_train/cars_train/00826.jpg,64
165,123,645,366,132,Hyundai Tucson SUV 2012,00827.jpg,C:/Users/seanf/Desktop/archive/cars_train/cars_train/00827.jpg,138
4,91,600,308,163,Mercedes-Benz SL-Class Coupe 2009,00828.jpg,C:/Users/seanf/Desktop/archive/cars_train/cars_train/00828.jpg,111
191,332,1027,663,63,Chevrolet Sonic Sedan 2012,00829.jpg,C:/Users/seanf/Desktop/archive/cars_train/cars_train/00829.jpg,129
159,131,533,356,52,Cadillac SRX SUV 2012,00830.jpg,C:/Users/seanf/Desktop/archive/cars_train/cars_train/00830.jpg,189
51,55,618,377,61,Chevrolet Impala Sedan 2007,00831.jpg,C:/Users/seanf/Desktop/archive/cars_train/cars_train/00831.jpg,77
14,5,246,188,113,Ford F-150 Regular Cab 2012,00832.jpg,C:/Users/seanf/Desktop/archive/cars_train/cars_train/00832.jpg,167
102,85,463,360,135,Hyundai Elantra Sedan 2007,00833.jpg,C:/Users/seanf/Desktop/archive/cars_train/cars_train/00833.jpg,12
26,113,612,372,120,GMC Yukon Hybrid SUV 2012,00834.jpg,C:/Users/seanf/Desktop/archive/cars_train/cars_train/00834.jpg,21
80,158,453,345,24,Audi S4 Sedan 2007,00835.jpg,C:/Users/seanf/Desktop/archive/cars_train/cars_train/00835.jpg,105
27,125,425,311,177,Rolls-Royce Phantom Sedan 2012,00836.jpg,C:/Users/seanf/Desktop/archive/cars_train/cars_train/00836.jpg,40
44,112,633,374,78,Chrysler Town and Country Minivan 2012,00837.jpg,C:/Users/seanf/Desktop/archive/cars_train/cars_train/00837.jpg,195
20,224,988,644,193,Volvo C30 Hatchback 2012,00838.jpg,C:/Users/seanf/Desktop/archive/cars_train/cars_train/00838.jpg,14
35,19,614,435,146,Jeep Wrangler SUV 2012,00839.jpg,C:/Users/seanf/Desktop/archive/cars_train/cars_train/00839.jpg,173
105,104,626,312,58,Chevrolet Traverse SUV 2012,00840.jpg,C:/Users/seanf/Desktop/archive/cars_train/cars_train/00840.jpg,9
41,67,432,286,151,Lamborghini Aventador Coupe 2012,00841.jpg,C:/Users/seanf/Desktop/archive/cars_train/cars_train/00841.jpg,154
42,147,753,414,114,Ford F-150 Regular Cab 2007,00842.jpg,C:/Users/seanf/Desktop/archive/cars_train/cars_train/00842.jpg,50
17,31,342,242,159,Mazda Tribute SUV 2011,00843.jpg,C:/Users/seanf/Desktop/archive/cars_train/cars_train/00843.jpg,183
30,15,639,419,171,Nissan 240SX Coupe 1998,00844.jpg,C:/Users/seanf/Desktop/archive/cars_train/cars_train/00844.jpg,92
52,16,246,168,188,Toyota Corolla Sedan 2012,00845.jpg,C:/Users/seanf/Desktop/archive/cars_train/cars_train/00845.jpg,62
39,119,558,434,86,Dodge Ram Pickup 3500 Crew Cab 2010,00846.jpg,C:/Users/seanf/Desktop/archive/cars_train/cars_train/00846.jpg,25
56,23,415,334,159,Mazda Tribute SUV 2011,00847.jpg,C:/Users/seanf/Desktop/archive/cars_train/cars_train/00847.jpg,183
21,96,755,412,160,McLaren MP4-12C Coupe 2012,00848.jpg,C:/Users/seanf/Desktop/archive/cars_train/cars_train/00848.jpg,116
1,125,549,372,60,Chevrolet HHR SS 2010,00849.jpg,C:/Users/seanf/Desktop/archive/cars_train/cars_train/00849.jpg,96
47,179,1227,812,134,Hyundai Sonata Hybrid Sedan 2012,00850.jpg,C:/Users/seanf/Desktop/archive/cars_train/cars_train/00850.jpg,3
9,85,335,209,195,Volvo XC90 SUV 2007,00851.jpg,C:/Users/seanf/Desktop/archive/cars_train/cars_train/00851.jpg,131
30,308,1511,975,195,Volvo XC90 SUV 2007,00852.jpg,C:/Users/seanf/Desktop/archive/cars_train/cars_train/00852.jpg,131
35,258,1218,908,153,Lamborghini Diablo Coupe 2001,00853.jpg,C:/Users/seanf/Desktop/archive/cars_train/cars_train/00853.jpg,143
45,41,420,280,71,Chevrolet Express Van 2007,00854.jpg,C:/Users/seanf/Desktop/archive/cars_train/cars_train/00854.jpg,76
29,66,614,433,137,Hyundai Genesis Sedan 2012,00855.jpg,C:/Users/seanf/Desktop/archive/cars_train/cars_train/00855.jpg,83
51,105,341,189,41,Bentley Mulsanne Sedan 2011,00856.jpg,C:/Users/seanf/Desktop/archive/cars_train/cars_train/00856.jpg,109
57,87,569,437,118,GMC Terrain SUV 2012,00857.jpg,C:/Users/seanf/Desktop/archive/cars_train/cars_train/00857.jpg,179
139,416,1954,1149,2,Acura RL Sedan 2012,00858.jpg,C:/Users/seanf/Desktop/archive/cars_train/cars_train/00858.jpg,191
11,32,575,357,30,BMW 3 Series Wagon 2012,00859.jpg,C:/Users/seanf/Desktop/archive/cars_train/cars_train/00859.jpg,101
273,145,658,366,104,Ferrari 458 Italia Coupe 2012,00860.jpg,C:/Users/seanf/Desktop/archive/cars_train/cars_train/00860.jpg,31
83,103,500,371,102,Ferrari California Convertible 2012,00861.jpg,C:/Users/seanf/Desktop/archive/cars_train/cars_train/00861.jpg,141
36,47,964,444,119,GMC Savana Van 2012,00862.jpg,C:/Users/seanf/Desktop/archive/cars_train/cars_train/00862.jpg,38
26,98,623,431,77,Chrysler Sebring Convertible 2010,00863.jpg,C:/Users/seanf/Desktop/archive/cars_train/cars_train/00863.jpg,122
25,128,959,450,103,Ferrari 458 Italia Convertible 2012,00864.jpg,C:/Users/seanf/Desktop/archive/cars_train/cars_train/00864.jpg,146
11,74,392,255,17,Audi 100 Sedan 1994,00865.jpg,C:/Users/seanf/Desktop/archive/cars_train/cars_train/00865.jpg,55
11,79,627,480,52,Cadillac SRX SUV 2012,00866.jpg,C:/Users/seanf/Desktop/archive/cars_train/cars_train/00866.jpg,189
20,135,557,367,87,Dodge Ram Pickup 3500 Quad Cab 2009,00867.jpg,C:/Users/seanf/Desktop/archive/cars_train/cars_train/00867.jpg,155
17,38,231,152,88,Dodge Sprinter Cargo Van 2009,00868.jpg,C:/Users/seanf/Desktop/archive/cars_train/cars_train/00868.jpg,81
35,75,592,334,187,Toyota Camry Sedan 2012,00869.jpg,C:/Users/seanf/Desktop/archive/cars_train/cars_train/00869.jpg,53
38,74,326,205,28,BMW 1 Series Coupe 2012,00870.jpg,C:/Users/seanf/Desktop/archive/cars_train/cars_train/00870.jpg,88
373,350,780,631,45,Bugatti Veyron 16.4 Convertible 2009,00871.jpg,C:/Users/seanf/Desktop/archive/cars_train/cars_train/00871.jpg,119
69,109,461,284,55,Chevrolet Corvette Convertible 2012,00872.jpg,C:/Users/seanf/Desktop/archive/cars_train/cars_train/00872.jpg,148
517,291,765,462,163,Mercedes-Benz SL-Class Coupe 2009,00873.jpg,C:/Users/seanf/Desktop/archive/cars_train/cars_train/00873.jpg,111
49,142,426,307,70,Chevrolet Silverado 1500 Classic Extended Cab 2007,00874.jpg,C:/Users/seanf/Desktop/archive/cars_train/cars_train/00874.jpg,171
34,79,749,461,96,Dodge Charger Sedan 2012,00875.jpg,C:/Users/seanf/Desktop/archive/cars_train/cars_train/00875.jpg,7
51,121,588,387,75,Chevrolet Silverado 1500 Regular Cab 2012,00876.jpg,C:/Users/seanf/Desktop/archive/cars_train/cars_train/00876.jpg,159
61,33,241,195,78,Chrysler Town and Country Minivan 2012,00877.jpg,C:/Users/seanf/Desktop/archive/cars_train/cars_train/00877.jpg,195
101,162,882,650,6,Acura Integra Type R 2001,00878.jpg,C:/Users/seanf/Desktop/archive/cars_train/cars_train/00878.jpg,123
16,196,670,405,91,Dodge Dakota Club Cab 2007,00879.jpg,C:/Users/seanf/Desktop/archive/cars_train/cars_train/00879.jpg,2
16,99,439,254,8,Aston Martin V8 Vantage Convertible 2012,00880.jpg,C:/Users/seanf/Desktop/archive/cars_train/cars_train/00880.jpg,54
18,63,885,663,191,Volkswagen Golf Hatchback 1991,00881.jpg,C:/Users/seanf/Desktop/archive/cars_train/cars_train/00881.jpg,37
140,122,1059,496,182,Suzuki Kizashi Sedan 2012,00882.jpg,C:/Users/seanf/Desktop/archive/cars_train/cars_train/00882.jpg,160
14,29,643,408,131,Hyundai Santa Fe SUV 2012,00883.jpg,C:/Users/seanf/Desktop/archive/cars_train/cars_train/00883.jpg,80
14,72,245,173,91,Dodge Dakota Club Cab 2007,00884.jpg,C:/Users/seanf/Desktop/archive/cars_train/cars_train/00884.jpg,2
51,31,565,352,193,Volvo C30 Hatchback 2012,00885.jpg,C:/Users/seanf/Desktop/archive/cars_train/cars_train/00885.jpg,14
111,68,393,309,47,Buick Regal GS 2012,00886.jpg,C:/Users/seanf/Desktop/archive/cars_train/cars_train/00886.jpg,100
6,9,124,89,1,AM General Hummer SUV 2000,00887.jpg,C:/Users/seanf/Desktop/archive/cars_train/cars_train/00887.jpg,107
7,51,253,156,14,Audi TTS Coupe 2012,00888.jpg,C:/Users/seanf/Desktop/archive/cars_train/cars_train/00888.jpg,0
34,400,1555,1153,163,Mercedes-Benz SL-Class Coupe 2009,00889.jpg,C:/Users/seanf/Desktop/archive/cars_train/cars_train/00889.jpg,111
26,15,698,386,169,Nissan NV Passenger Van 2012,00890.jpg,C:/Users/seanf/Desktop/archive/cars_train/cars_train/00890.jpg,156
93,106,1160,799,185,Tesla Model S Sedan 2012,00891.jpg,C:/Users/seanf/Desktop/archive/cars_train/cars_train/00891.jpg,150
32,48,1534,791,189,Toyota 4Runner SUV 2012,00892.jpg,C:/Users/seanf/Desktop/archive/cars_train/cars_train/00892.jpg,120
28,134,410,316,107,Ford Mustang Convertible 2007,00893.jpg,C:/Users/seanf/Desktop/archive/cars_train/cars_train/00893.jpg,132
11,31,578,268,126,Honda Odyssey Minivan 2012,00894.jpg,C:/Users/seanf/Desktop/archive/cars_train/cars_train/00894.jpg,60
24,108,709,375,133,Hyundai Veracruz SUV 2012,00895.jpg,C:/Users/seanf/Desktop/archive/cars_train/cars_train/00895.jpg,30
61,55,258,161,44,Bentley Continental Flying Spur Sedan 2007,00896.jpg,C:/Users/seanf/Desktop/archive/cars_train/cars_train/00896.jpg,46
30,34,513,274,44,Bentley Continental Flying Spur Sedan 2007,00897.jpg,C:/Users/seanf/Desktop/archive/cars_train/cars_train/00897.jpg,46
89,68,483,310,6,Acura Integra Type R 2001,00898.jpg,C:/Users/seanf/Desktop/archive/cars_train/cars_train/00898.jpg,123
60,93,657,353,20,Audi S6 Sedan 2011,00899.jpg,C:/Users/seanf/Desktop/archive/cars_train/cars_train/00899.jpg,69
64,75,256,158,175,Rolls-Royce Phantom Drophead Coupe Convertible 2012,00900.jpg,C:/Users/seanf/Desktop/archive/cars_train/cars_train/00900.jpg,72
160,59,759,346,144,Jaguar XK XKR 2012,00901.jpg,C:/Users/seanf/Desktop/archive/cars_train/cars_train/00901.jpg,89
6,40,256,170,189,Toyota 4Runner SUV 2012,00902.jpg,C:/Users/seanf/Desktop/archive/cars_train/cars_train/00902.jpg,120
316,393,1755,1074,99,FIAT 500 Abarth 2012,00903.jpg,C:/Users/seanf/Desktop/archive/cars_train/cars_train/00903.jpg,135
15,96,504,279,171,Nissan 240SX Coupe 1998,00904.jpg,C:/Users/seanf/Desktop/archive/cars_train/cars_train/00904.jpg,92
26,81,615,365,73,Chevrolet Malibu Sedan 2007,00905.jpg,C:/Users/seanf/Desktop/archive/cars_train/cars_train/00905.jpg,16
68,52,435,331,188,Toyota Corolla Sedan 2012,00906.jpg,C:/Users/seanf/Desktop/archive/cars_train/cars_train/00906.jpg,62
21,73,464,294,122,GMC Canyon Extended Cab 2012,00907.jpg,C:/Users/seanf/Desktop/archive/cars_train/cars_train/00907.jpg,57
18,71,632,390,53,Cadillac Escalade EXT Crew Cab 2007,00908.jpg,C:/Users/seanf/Desktop/archive/cars_train/cars_train/00908.jpg,45
50,63,541,346,62,Chevrolet Tahoe Hybrid SUV 2012,00909.jpg,C:/Users/seanf/Desktop/archive/cars_train/cars_train/00909.jpg,161
33,2,593,456,40,Bentley Arnage Sedan 2009,00910.jpg,C:/Users/seanf/Desktop/archive/cars_train/cars_train/00910.jpg,95
20,76,898,612,138,Hyundai Sonata Sedan 2012,00911.jpg,C:/Users/seanf/Desktop/archive/cars_train/cars_train/00911.jpg,71
82,33,542,234,7,Acura ZDX Hatchback 2012,00912.jpg,C:/Users/seanf/Desktop/archive/cars_train/cars_train/00912.jpg,139
9,51,635,414,152,Lamborghini Gallardo LP 570-4 Superleggera 2012,00913.jpg,C:/Users/seanf/Desktop/archive/cars_train/cars_train/00913.jpg,176
40,283,1546,964,149,Jeep Compass SUV 2012,00914.jpg,C:/Users/seanf/Desktop/archive/cars_train/cars_train/00914.jpg,102
206,222,746,467,95,Dodge Durango SUV 2007,00915.jpg,C:/Users/seanf/Desktop/archive/cars_train/cars_train/00915.jpg,193
15,70,622,378,148,Jeep Grand Cherokee SUV 2012,00916.jpg,C:/Users/seanf/Desktop/archive/cars_train/cars_train/00916.jpg,43
11,51,442,198,92,Dodge Magnum Wagon 2008,00917.jpg,C:/Users/seanf/Desktop/archive/cars_train/cars_train/00917.jpg,180
37,180,615,445,20,Audi S6 Sedan 2011,00918.jpg,C:/Users/seanf/Desktop/archive/cars_train/cars_train/00918.jpg,69
127,155,525,383,132,Hyundai Tucson SUV 2012,00919.jpg,C:/Users/seanf/Desktop/archive/cars_train/cars_train/00919.jpg,138
56,23,776,372,4,Acura TL Type-S 2008,00920.jpg,C:/Users/seanf/Desktop/archive/cars_train/cars_train/00920.jpg,174
88,367,1189,730,185,Tesla Model S Sedan 2012,00921.jpg,C:/Users/seanf/Desktop/archive/cars_train/cars_train/00921.jpg,150
10,29,444,203,55,Chevrolet Corvette Convertible 2012,00922.jpg,C:/Users/seanf/Desktop/archive/cars_train/cars_train/00922.jpg,148
13,23,150,82,51,Cadillac CTS-V Sedan 2012,00923.jpg,C:/Users/seanf/Desktop/archive/cars_train/cars_train/00923.jpg,74
14,63,287,181,67,Chevrolet Malibu Hybrid Sedan 2010,00924.jpg,C:/Users/seanf/Desktop/archive/cars_train/cars_train/00924.jpg,166
3,135,1199,771,73,Chevrolet Malibu Sedan 2007,00925.jpg,C:/Users/seanf/Desktop/archive/cars_train/cars_train/00925.jpg,16
8,37,237,142,42,Bentley Continental GT Coupe 2012,00926.jpg,C:/Users/seanf/Desktop/archive/cars_train/cars_train/00926.jpg,42
25,68,618,365,174,Ram C/V Cargo Van Minivan 2012,00927.jpg,C:/Users/seanf/Desktop/archive/cars_train/cars_train/00927.jpg,103
75,130,702,396,57,Chevrolet Corvette Ron Fellows Edition Z06 2007,00928.jpg,C:/Users/seanf/Desktop/archive/cars_train/cars_train/00928.jpg,18
22,29,498,204,66,Chevrolet Cobalt SS 2010,00929.jpg,C:/Users/seanf/Desktop/archive/cars_train/cars_train/00929.jpg,29
31,89,296,187,33,BMW X6 SUV 2012,00930.jpg,C:/Users/seanf/Desktop/archive/cars_train/cars_train/00930.jpg,187
86,194,570,426,191,Volkswagen Golf Hatchback 1991,00931.jpg,C:/Users/seanf/Desktop/archive/cars_train/cars_train/00931.jpg,37
37,57,392,294,59,Chevrolet Camaro Convertible 2012,00932.jpg,C:/Users/seanf/Desktop/archive/cars_train/cars_train/00932.jpg,63
48,36,576,469,181,Suzuki Aerio Sedan 2007,00933.jpg,C:/Users/seanf/Desktop/archive/cars_train/cars_train/00933.jpg,163
90,31,922,699,23,Audi S4 Sedan 2012,00934.jpg,C:/Users/seanf/Desktop/archive/cars_train/cars_train/00934.jpg,127
3,77,615,463,146,Jeep Wrangler SUV 2012,00935.jpg,C:/Users/seanf/Desktop/archive/cars_train/cars_train/00935.jpg,173
8,13,644,255,15,Audi R8 Coupe 2012,00936.jpg,C:/Users/seanf/Desktop/archive/cars_train/cars_train/00936.jpg,44
18,56,223,142,141,Infiniti G Coupe IPL 2012,00937.jpg,C:/Users/seanf/Desktop/archive/cars_train/cars_train/00937.jpg,136
69,59,736,415,43,Bentley Continental GT Coupe 2007,00938.jpg,C:/Users/seanf/Desktop/archive/cars_train/cars_train/00938.jpg,65
11,95,619,301,171,Nissan 240SX Coupe 1998,00939.jpg,C:/Users/seanf/Desktop/archive/cars_train/cars_train/00939.jpg,92
109,113,360,233,21,Audi S5 Convertible 2012,00940.jpg,C:/Users/seanf/Desktop/archive/cars_train/cars_train/00940.jpg,144
57,139,537,364,126,Honda Odyssey Minivan 2012,00941.jpg,C:/Users/seanf/Desktop/archive/cars_train/cars_train/00941.jpg,60
226,220,926,543,62,Chevrolet Tahoe Hybrid SUV 2012,00942.jpg,C:/Users/seanf/Desktop/archive/cars_train/cars_train/00942.jpg,161
249,129,699,394,50,Buick Enclave SUV 2012,00943.jpg,C:/Users/seanf/Desktop/archive/cars_train/cars_train/00943.jpg,113
248,169,737,454,46,Bugatti Veyron 16.4 Coupe 2009,00944.jpg,C:/Users/seanf/Desktop/archive/cars_train/cars_train/00944.jpg,149
31,55,216,132,108,Ford Freestar Minivan 2007,00945.jpg,C:/Users/seanf/Desktop/archive/cars_train/cars_train/00945.jpg,108
48,24,441,202,1,AM General Hummer SUV 2000,00946.jpg,C:/Users/seanf/Desktop/archive/cars_train/cars_train/00946.jpg,107
12,105,417,257,107,Ford Mustang Convertible 2007,00947.jpg,C:/Users/seanf/Desktop/archive/cars_train/cars_train/00947.jpg,132
7,69,250,176,80,Chrysler Crossfire Convertible 2008,00948.jpg,C:/Users/seanf/Desktop/archive/cars_train/cars_train/00948.jpg,175
48,10,197,112,116,Ford E-Series Wagon Van 2012,00949.jpg,C:/Users/seanf/Desktop/archive/cars_train/cars_train/00949.jpg,67
193,196,1372,1075,191,Volkswagen Golf Hatchback 1991,00950.jpg,C:/Users/seanf/Desktop/archive/cars_train/cars_train/00950.jpg,37
115,34,733,555,95,Dodge Durango SUV 2007,00951.jpg,C:/Users/seanf/Desktop/archive/cars_train/cars_train/00951.jpg,193
10,26,274,162,195,Volvo XC90 SUV 2007,00952.jpg,C:/Users/seanf/Desktop/archive/cars_train/cars_train/00952.jpg,131
151,97,842,537,172,Plymouth Neon Coupe 1999,00953.jpg,C:/Users/seanf/Desktop/archive/cars_train/cars_train/00953.jpg,15
22,12,685,330,195,Volvo XC90 SUV 2007,00954.jpg,C:/Users/seanf/Desktop/archive/cars_train/cars_train/00954.jpg,131
37,109,692,363,81,Chrysler PT Cruiser Convertible 2008,00955.jpg,C:/Users/seanf/Desktop/archive/cars_train/cars_train/00955.jpg,182
8,17,590,298,20,Audi S6 Sedan 2011,00956.jpg,C:/Users/seanf/Desktop/archive/cars_train/cars_train/00956.jpg,69
116,105,948,650,75,Chevrolet Silverado 1500 Regular Cab 2012,00957.jpg,C:/Users/seanf/Desktop/archive/cars_train/cars_train/00957.jpg,159
143,229,971,598,192,Volkswagen Beetle Hatchback 2012,00958.jpg,C:/Users/seanf/Desktop/archive/cars_train/cars_train/00958.jpg,17
125,234,848,431,151,Lamborghini Aventador Coupe 2012,00959.jpg,C:/Users/seanf/Desktop/archive/cars_train/cars_train/00959.jpg,154
3,56,251,148,108,Ford Freestar Minivan 2007,00960.jpg,C:/Users/seanf/Desktop/archive/cars_train/cars_train/00960.jpg,108
1,86,585,475,161,Mercedes-Benz 300-Class Convertible 1993,00961.jpg,C:/Users/seanf/Desktop/archive/cars_train/cars_train/00961.jpg,86
189,64,1363,883,189,Toyota 4Runner SUV 2012,00962.jpg,C:/Users/seanf/Desktop/archive/cars_train/cars_train/00962.jpg,120
46,76,562,265,55,Chevrolet Corvette Convertible 2012,00963.jpg,C:/Users/seanf/Desktop/archive/cars_train/cars_train/00963.jpg,148
32,70,370,287,116,Ford E-Series Wagon Van 2012,00964.jpg,C:/Users/seanf/Desktop/archive/cars_train/cars_train/00964.jpg,67
1,97,494,375,61,Chevrolet Impala Sedan 2007,00965.jpg,C:/Users/seanf/Desktop/archive/cars_train/cars_train/00965.jpg,77
18,89,626,416,27,BMW 1 Series Convertible 2012,00966.jpg,C:/Users/seanf/Desktop/archive/cars_train/cars_train/00966.jpg,192
57,108,551,400,68,Chevrolet TrailBlazer SS 2009,00967.jpg,C:/Users/seanf/Desktop/archive/cars_train/cars_train/00967.jpg,114
8,67,800,511,61,Chevrolet Impala Sedan 2007,00968.jpg,C:/Users/seanf/Desktop/archive/cars_train/cars_train/00968.jpg,77
367,292,1199,749,96,Dodge Charger Sedan 2012,00969.jpg,C:/Users/seanf/Desktop/archive/cars_train/cars_train/00969.jpg,7
23,27,555,326,52,Cadillac SRX SUV 2012,00970.jpg,C:/Users/seanf/Desktop/archive/cars_train/cars_train/00970.jpg,189
32,178,597,397,34,BMW M3 Coupe 2012,00971.jpg,C:/Users/seanf/Desktop/archive/cars_train/cars_train/00971.jpg,184
187,91,509,315,169,Nissan NV Passenger Van 2012,00972.jpg,C:/Users/seanf/Desktop/archive/cars_train/cars_train/00972.jpg,156
41,26,842,262,92,Dodge Magnum Wagon 2008,00973.jpg,C:/Users/seanf/Desktop/archive/cars_train/cars_train/00973.jpg,180
26,118,445,306,115,Ford Focus Sedan 2007,00974.jpg,C:/Users/seanf/Desktop/archive/cars_train/cars_train/00974.jpg,169
44,136,581,362,16,Audi V8 Sedan 1994,00975.jpg,C:/Users/seanf/Desktop/archive/cars_train/cars_train/00975.jpg,124
25,64,255,138,190,Volkswagen Golf Hatchback 2012,00976.jpg,C:/Users/seanf/Desktop/archive/cars_train/cars_train/00976.jpg,51
127,61,597,344,33,BMW X6 SUV 2012,00977.jpg,C:/Users/seanf/Desktop/archive/cars_train/cars_train/00977.jpg,187
83,106,732,434,62,Chevrolet Tahoe Hybrid SUV 2012,00978.jpg,C:/Users/seanf/Desktop/archive/cars_train/cars_train/00978.jpg,161
37,126,963,734,87,Dodge Ram Pickup 3500 Quad Cab 2009,00979.jpg,C:/Users/seanf/Desktop/archive/cars_train/cars_train/00979.jpg,155
133,165,769,535,101,Ferrari FF Coupe 2012,00980.jpg,C:/Users/seanf/Desktop/archive/cars_train/cars_train/00980.jpg,52
28,68,1978,1038,50,Buick Enclave SUV 2012,00981.jpg,C:/Users/seanf/Desktop/archive/cars_train/cars_train/00981.jpg,113
16,52,259,174,156,Lincoln Town Car Sedan 2011,00982.jpg,C:/Users/seanf/Desktop/archive/cars_train/cars_train/00982.jpg,153
78,21,521,283,128,Honda Accord Coupe 2012,00983.jpg,C:/Users/seanf/Desktop/archive/cars_train/cars_train/00983.jpg,126
128,250,899,571,181,Suzuki Aerio Sedan 2007,00984.jpg,C:/Users/seanf/Desktop/archive/cars_train/cars_train/00984.jpg,163
79,64,281,190,37,BMW X3 SUV 2012,00985.jpg,C:/Users/seanf/Desktop/archive/cars_train/cars_train/00985.jpg,75
30,114,1001,765,133,Hyundai Veracruz SUV 2012,00986.jpg,C:/Users/seanf/Desktop/archive/cars_train/cars_train/00986.jpg,30
10,25,310,221,40,Bentley Arnage Sedan 2009,00987.jpg,C:/Users/seanf/Desktop/archive/cars_train/cars_train/00987.jpg,95
394,379,1624,1033,23,Audi S4 Sedan 2012,00988.jpg,C:/Users/seanf/Desktop/archive/cars_train/cars_train/00988.jpg,127
9,34,253,157,53,Cadillac Escalade EXT Crew Cab 2007,00989.jpg,C:/Users/seanf/Desktop/archive/cars_train/cars_train/00989.jpg,45
5,99,638,324,161,Mercedes-Benz 300-Class Convertible 1993,00990.jpg,C:/Users/seanf/Desktop/archive/cars_train/cars_train/00990.jpg,86
108,62,391,327,31,BMW 6 Series Convertible 2007,00991.jpg,C:/Users/seanf/Desktop/archive/cars_train/cars_train/00991.jpg,145
59,106,581,309,168,Nissan Leaf Hatchback 2012,00992.jpg,C:/Users/seanf/Desktop/archive/cars_train/cars_train/00992.jpg,142
20,222,948,654,115,Ford Focus Sedan 2007,00993.jpg,C:/Users/seanf/Desktop/archive/cars_train/cars_train/00993.jpg,169
55,297,664,600,112,Ford GT Coupe 2006,00994.jpg,C:/Users/seanf/Desktop/archive/cars_train/cars_train/00994.jpg,73
75,186,596,571,63,Chevrolet Sonic Sedan 2012,00995.jpg,C:/Users/seanf/Desktop/archive/cars_train/cars_train/00995.jpg,129
3,70,333,212,104,Ferrari 458 Italia Coupe 2012,00996.jpg,C:/Users/seanf/Desktop/archive/cars_train/cars_train/00996.jpg,31
11,84,253,182,60,Chevrolet HHR SS 2010,00997.jpg,C:/Users/seanf/Desktop/archive/cars_train/cars_train/00997.jpg,96
96,3,635,445,58,Chevrolet Traverse SUV 2012,00998.jpg,C:/Users/seanf/Desktop/archive/cars_train/cars_train/00998.jpg,9
79,75,585,355,58,Chevrolet Traverse SUV 2012,00999.jpg,C:/Users/seanf/Desktop/archive/cars_train/cars_train/00999.jpg,9
214,382,1459,1117,119,GMC Savana Van 2012,01000.jpg,C:/Users/seanf/Desktop/archive/cars_train/cars_train/01000.jpg,38
36,13,611,302,43,Bentley Continental GT Coupe 2007,01001.jpg,C:/Users/seanf/Desktop/archive/cars_train/cars_train/01001.jpg,65
43,96,561,359,43,Bentley Continental GT Coupe 2007,01002.jpg,C:/Users/seanf/Desktop/archive/cars_train/cars_train/01002.jpg,65
197,237,546,386,192,Volkswagen Beetle Hatchback 2012,01003.jpg,C:/Users/seanf/Desktop/archive/cars_train/cars_train/01003.jpg,17
22,22,255,172,56,Chevrolet Corvette ZR1 2012,01004.jpg,C:/Users/seanf/Desktop/archive/cars_train/cars_train/01004.jpg,94
15,86,294,214,65,Chevrolet Avalanche Crew Cab 2012,01005.jpg,C:/Users/seanf/Desktop/archive/cars_train/cars_train/01005.jpg,47
128,82,1952,1395,170,Nissan Juke Hatchback 2012,01006.jpg,C:/Users/seanf/Desktop/archive/cars_train/cars_train/01006.jpg,22
61,189,976,656,137,Hyundai Genesis Sedan 2012,01007.jpg,C:/Users/seanf/Desktop/archive/cars_train/cars_train/01007.jpg,83
45,203,982,564,43,Bentley Continental GT Coupe 2007,01008.jpg,C:/Users/seanf/Desktop/archive/cars_train/cars_train/01008.jpg,65
39,100,479,317,70,Chevrolet Silverado 1500 Classic Extended Cab 2007,01009.jpg,C:/Users/seanf/Desktop/archive/cars_train/cars_train/01009.jpg,171
6,3,932,639,6,Acura Integra Type R 2001,01010.jpg,C:/Users/seanf/Desktop/archive/cars_train/cars_train/01010.jpg,123
248,147,554,323,101,Ferrari FF Coupe 2012,01011.jpg,C:/Users/seanf/Desktop/archive/cars_train/cars_train/01011.jpg,52
58,72,763,529,6,Acura Integra Type R 2001,01012.jpg,C:/Users/seanf/Desktop/archive/cars_train/cars_train/01012.jpg,123
63,72,250,149,152,Lamborghini Gallardo LP 570-4 Superleggera 2012,01013.jpg,C:/Users/seanf/Desktop/archive/cars_train/cars_train/01013.jpg,176
140,114,1335,917,100,FIAT 500 Convertible 2012,01014.jpg,C:/Users/seanf/Desktop/archive/cars_train/cars_train/01014.jpg,151
42,111,777,562,194,Volvo 240 Sedan 1993,01015.jpg,C:/Users/seanf/Desktop/archive/cars_train/cars_train/01015.jpg,23
482,134,1382,739,170,Nissan Juke Hatchback 2012,01016.jpg,C:/Users/seanf/Desktop/archive/cars_train/cars_train/01016.jpg,22
39,84,994,656,127,Honda Odyssey Minivan 2007,01017.jpg,C:/Users/seanf/Desktop/archive/cars_train/cars_train/01017.jpg,157
89,209,730,482,162,Mercedes-Benz C-Class Sedan 2012,01018.jpg,C:/Users/seanf/Desktop/archive/cars_train/cars_train/01018.jpg,79
219,213,1156,543,168,Nissan Leaf Hatchback 2012,01019.jpg,C:/Users/seanf/Desktop/archive/cars_train/cars_train/01019.jpg,142
81,96,556,385,83,Dodge Caliber Wagon 2012,01020.jpg,C:/Users/seanf/Desktop/archive/cars_train/cars_train/01020.jpg,84
10,13,247,182,162,Mercedes-Benz C-Class Sedan 2012,01021.jpg,C:/Users/seanf/Desktop/archive/cars_train/cars_train/01021.jpg,79
110,31,833,422,23,Audi S4 Sedan 2012,01022.jpg,C:/Users/seanf/Desktop/archive/cars_train/cars_train/01022.jpg,127
423,339,1059,619,26,BMW ActiveHybrid 5 Sedan 2012,01023.jpg,C:/Users/seanf/Desktop/archive/cars_train/cars_train/01023.jpg,140
9,67,397,239,155,Land Rover LR2 SUV 2012,01024.jpg,C:/Users/seanf/Desktop/archive/cars_train/cars_train/01024.jpg,97
37,74,756,356,129,Honda Accord Sedan 2012,01025.jpg,C:/Users/seanf/Desktop/archive/cars_train/cars_train/01025.jpg,181
1,51,258,172,53,Cadillac Escalade EXT Crew Cab 2007,01026.jpg,C:/Users/seanf/Desktop/archive/cars_train/cars_train/01026.jpg,45
34,88,750,540,50,Buick Enclave SUV 2012,01027.jpg,C:/Users/seanf/Desktop/archive/cars_train/cars_train/01027.jpg,113
71,144,1101,712,180,Spyker C8 Coupe 2009,01028.jpg,C:/Users/seanf/Desktop/archive/cars_train/cars_train/01028.jpg,26
6,47,316,235,70,Chevrolet Silverado 1500 Classic Extended Cab 2007,01029.jpg,C:/Users/seanf/Desktop/archive/cars_train/cars_train/01029.jpg,171
25,67,619,432,143,Isuzu Ascender SUV 2008,01030.jpg,C:/Users/seanf/Desktop/archive/cars_train/cars_train/01030.jpg,91
130,10,839,346,2,Acura RL Sedan 2012,01031.jpg,C:/Users/seanf/Desktop/archive/cars_train/cars_train/01031.jpg,191
34,52,442,319,54,Chevrolet Silverado 1500 Hybrid Crew Cab 2012,01032.jpg,C:/Users/seanf/Desktop/archive/cars_train/cars_train/01032.jpg,112
49,279,2791,1870,61,Chevrolet Impala Sedan 2007,01033.jpg,C:/Users/seanf/Desktop/archive/cars_train/cars_train/01033.jpg,77
115,63,817,324,2,Acura RL Sedan 2012,01034.jpg,C:/Users/seanf/Desktop/archive/cars_train/cars_train/01034.jpg,191
127,99,521,366,135,Hyundai Elantra Sedan 2007,01035.jpg,C:/Users/seanf/Desktop/archive/cars_train/cars_train/01035.jpg,12
24,50,258,171,27,BMW 1 Series Convertible 2012,01036.jpg,C:/Users/seanf/Desktop/archive/cars_train/cars_train/01036.jpg,192
17,29,640,445,127,Honda Odyssey Minivan 2007,01037.jpg,C:/Users/seanf/Desktop/archive/cars_train/cars_train/01037.jpg,157
105,78,1330,817,182,Suzuki Kizashi Sedan 2012,01038.jpg,C:/Users/seanf/Desktop/archive/cars_train/cars_train/01038.jpg,160
70,116,465,308,41,Bentley Mulsanne Sedan 2011,01039.jpg,C:/Users/seanf/Desktop/archive/cars_train/cars_train/01039.jpg,109
28,21,105,79,88,Dodge Sprinter Cargo Van 2009,01040.jpg,C:/Users/seanf/Desktop/archive/cars_train/cars_train/01040.jpg,81
27,87,623,402,119,GMC Savana Van 2012,01041.jpg,C:/Users/seanf/Desktop/archive/cars_train/cars_train/01041.jpg,38
23,78,383,254,73,Chevrolet Malibu Sedan 2007,01042.jpg,C:/Users/seanf/Desktop/archive/cars_train/cars_train/01042.jpg,16
199,184,1116,809,124,HUMMER H3T Crew Cab 2010,01043.jpg,C:/Users/seanf/Desktop/archive/cars_train/cars_train/01043.jpg,49
33,57,608,429,91,Dodge Dakota Club Cab 2007,01044.jpg,C:/Users/seanf/Desktop/archive/cars_train/cars_train/01044.jpg,2
44,103,596,376,149,Jeep Compass SUV 2012,01045.jpg,C:/Users/seanf/Desktop/archive/cars_train/cars_train/01045.jpg,102
58,46,454,393,193,Volvo C30 Hatchback 2012,01046.jpg,C:/Users/seanf/Desktop/archive/cars_train/cars_train/01046.jpg,14
30,34,232,157,82,Daewoo Nubira Wagon 2002,01047.jpg,C:/Users/seanf/Desktop/archive/cars_train/cars_train/01047.jpg,186
21,105,619,372,20,Audi S6 Sedan 2011,01048.jpg,C:/Users/seanf/Desktop/archive/cars_train/cars_train/01048.jpg,69
187,133,1504,891,167,Mitsubishi Lancer Sedan 2012,01049.jpg,C:/Users/seanf/Desktop/archive/cars_train/cars_train/01049.jpg,8
157,172,693,441,132,Hyundai Tucson SUV 2012,01050.jpg,C:/Users/seanf/Desktop/archive/cars_train/cars_train/01050.jpg,138
6,35,624,316,42,Bentley Continental GT Coupe 2012,01051.jpg,C:/Users/seanf/Desktop/archive/cars_train/cars_train/01051.jpg,42
150,33,1729,1008,152,Lamborghini Gallardo LP 570-4 Superleggera 2012,01052.jpg,C:/Users/seanf/Desktop/archive/cars_train/cars_train/01052.jpg,176
9,88,340,241,171,Nissan 240SX Coupe 1998,01053.jpg,C:/Users/seanf/Desktop/archive/cars_train/cars_train/01053.jpg,92
38,212,797,482,43,Bentley Continental GT Coupe 2007,01054.jpg,C:/Users/seanf/Desktop/archive/cars_train/cars_train/01054.jpg,65
27,20,288,198,111,Ford Ranger SuperCab 2011,01055.jpg,C:/Users/seanf/Desktop/archive/cars_train/cars_train/01055.jpg,56
108,68,693,304,135,Hyundai Elantra Sedan 2007,01056.jpg,C:/Users/seanf/Desktop/archive/cars_train/cars_train/01056.jpg,12
6,178,588,386,79,Chrysler 300 SRT-8 2010,01057.jpg,C:/Users/seanf/Desktop/archive/cars_train/cars_train/01057.jpg,19
14,97,493,359,93,Dodge Challenger SRT8 2011,01058.jpg,C:/Users/seanf/Desktop/archive/cars_train/cars_train/01058.jpg,117
25,112,579,289,26,BMW ActiveHybrid 5 Sedan 2012,01059.jpg,C:/Users/seanf/Desktop/archive/cars_train/cars_train/01059.jpg,140
12,34,423,239,69,Chevrolet Silverado 2500HD Regular Cab 2012,01060.jpg,C:/Users/seanf/Desktop/archive/cars_train/cars_train/01060.jpg,147
3,64,258,181,32,BMW X5 SUV 2007,01061.jpg,C:/Users/seanf/Desktop/archive/cars_train/cars_train/01061.jpg,172
2,169,629,369,61,Chevrolet Impala Sedan 2007,01062.jpg,C:/Users/seanf/Desktop/archive/cars_train/cars_train/01062.jpg,77
351,286,3753,2243,78,Chrysler Town and Country Minivan 2012,01063.jpg,C:/Users/seanf/Desktop/archive/cars_train/cars_train/01063.jpg,195
4,37,319,217,37,BMW X3 SUV 2012,01064.jpg,C:/Users/seanf/Desktop/archive/cars_train/cars_train/01064.jpg,75
277,454,1504,1069,34,BMW M3 Coupe 2012,01065.jpg,C:/Users/seanf/Desktop/archive/cars_train/cars_train/01065.jpg,184
33,139,659,390,150,Lamborghini Reventon Coupe 2008,01066.jpg,C:/Users/seanf/Desktop/archive/cars_train/cars_train/01066.jpg,188
28,89,452,345,114,Ford F-150 Regular Cab 2007,01067.jpg,C:/Users/seanf/Desktop/archive/cars_train/cars_train/01067.jpg,50
86,160,1549,1090,191,Volkswagen Golf Hatchback 1991,01068.jpg,C:/Users/seanf/Desktop/archive/cars_train/cars_train/01068.jpg,37
17,34,993,563,81,Chrysler PT Cruiser Convertible 2008,01069.jpg,C:/Users/seanf/Desktop/archive/cars_train/cars_train/01069.jpg,182
52,59,438,288,86,Dodge Ram Pickup 3500 Crew Cab 2010,01070.jpg,C:/Users/seanf/Desktop/archive/cars_train/cars_train/01070.jpg,25
30,209,1014,589,60,Chevrolet HHR SS 2010,01071.jpg,C:/Users/seanf/Desktop/archive/cars_train/cars_train/01071.jpg,96
12,21,320,218,17,Audi 100 Sedan 1994,01072.jpg,C:/Users/seanf/Desktop/archive/cars_train/cars_train/01072.jpg,55
8,63,545,314,24,Audi S4 Sedan 2007,01073.jpg,C:/Users/seanf/Desktop/archive/cars_train/cars_train/01073.jpg,105
127,627,1993,1308,69,Chevrolet Silverado 2500HD Regular Cab 2012,01074.jpg,C:/Users/seanf/Desktop/archive/cars_train/cars_train/01074.jpg,147
4,8,290,176,111,Ford Ranger SuperCab 2011,01075.jpg,C:/Users/seanf/Desktop/archive/cars_train/cars_train/01075.jpg,56
393,201,639,310,39,Bentley Continental Supersports Conv. Convertible 2012,01076.jpg,C:/Users/seanf/Desktop/archive/cars_train/cars_train/01076.jpg,170
81,258,717,465,45,Bugatti Veyron 16.4 Convertible 2009,01077.jpg,C:/Users/seanf/Desktop/archive/cars_train/cars_train/01077.jpg,119
68,191,946,646,167,Mitsubishi Lancer Sedan 2012,01078.jpg,C:/Users/seanf/Desktop/archive/cars_train/cars_train/01078.jpg,8
51,151,732,430,37,BMW X3 SUV 2012,01079.jpg,C:/Users/seanf/Desktop/archive/cars_train/cars_train/01079.jpg,75
49,40,591,369,192,Volkswagen Beetle Hatchback 2012,01080.jpg,C:/Users/seanf/Desktop/archive/cars_train/cars_train/01080.jpg,17
22,47,278,213,196,smart fortwo Convertible 2012,01081.jpg,C:/Users/seanf/Desktop/archive/cars_train/cars_train/01081.jpg,134
63,38,429,305,92,Dodge Magnum Wagon 2008,01082.jpg,C:/Users/seanf/Desktop/archive/cars_train/cars_train/01082.jpg,180
12,33,438,241,113,Ford F-150 Regular Cab 2012,01083.jpg,C:/Users/seanf/Desktop/archive/cars_train/cars_train/01083.jpg,167
45,37,566,304,49,Buick Verano Sedan 2012,01084.jpg,C:/Users/seanf/Desktop/archive/cars_train/cars_train/01084.jpg,10
90,53,460,257,14,Audi TTS Coupe 2012,01085.jpg,C:/Users/seanf/Desktop/archive/cars_train/cars_train/01085.jpg,0
11,136,392,254,55,Chevrolet Corvette Convertible 2012,01086.jpg,C:/Users/seanf/Desktop/archive/cars_train/cars_train/01086.jpg,148
21,35,361,212,73,Chevrolet Malibu Sedan 2007,01087.jpg,C:/Users/seanf/Desktop/archive/cars_train/cars_train/01087.jpg,16
70,57,429,267,159,Mazda Tribute SUV 2011,01088.jpg,C:/Users/seanf/Desktop/archive/cars_train/cars_train/01088.jpg,183
196,172,1396,890,30,BMW 3 Series Wagon 2012,01089.jpg,C:/Users/seanf/Desktop/archive/cars_train/cars_train/01089.jpg,101
15,57,528,299,153,Lamborghini Diablo Coupe 2001,01090.jpg,C:/Users/seanf/Desktop/archive/cars_train/cars_train/01090.jpg,143
105,167,582,307,22,Audi S5 Coupe 2012,01091.jpg,C:/Users/seanf/Desktop/archive/cars_train/cars_train/01091.jpg,164
24,187,586,483,25,Audi TT RS Coupe 2012,01092.jpg,C:/Users/seanf/Desktop/archive/cars_train/cars_train/01092.jpg,39
2,79,479,359,93,Dodge Challenger SRT8 2011,01093.jpg,C:/Users/seanf/Desktop/archive/cars_train/cars_train/01093.jpg,117
2,7,300,225,22,Audi S5 Coupe 2012,01094.jpg,C:/Users/seanf/Desktop/archive/cars_train/cars_train/01094.jpg,164
128,272,1150,785,56,Chevrolet Corvette ZR1 2012,01095.jpg,C:/Users/seanf/Desktop/archive/cars_train/cars_train/01095.jpg,94
17,57,630,399,159,Mazda Tribute SUV 2011,01096.jpg,C:/Users/seanf/Desktop/archive/cars_train/cars_train/01096.jpg,183
91,99,529,381,18,Audi 100 Wagon 1994,01097.jpg,C:/Users/seanf/Desktop/archive/cars_train/cars_train/01097.jpg,66
37,315,1181,727,112,Ford GT Coupe 2006,01098.jpg,C:/Users/seanf/Desktop/archive/cars_train/cars_train/01098.jpg,73
246,681,1344,1069,45,Bugatti Veyron 16.4 Convertible 2009,01099.jpg,C:/Users/seanf/Desktop/archive/cars_train/cars_train/01099.jpg,119
170,198,1084,843,131,Hyundai Santa Fe SUV 2012,01100.jpg,C:/Users/seanf/Desktop/archive/cars_train/cars_train/01100.jpg,80
155,73,489,238,104,Ferrari 458 Italia Coupe 2012,01101.jpg,C:/Users/seanf/Desktop/archive/cars_train/cars_train/01101.jpg,31
3,5,198,118,86,Dodge Ram Pickup 3500 Crew Cab 2010,01102.jpg,C:/Users/seanf/Desktop/archive/cars_train/cars_train/01102.jpg,25
14,35,261,169,48,Buick Rainier SUV 2007,01103.jpg,C:/Users/seanf/Desktop/archive/cars_train/cars_train/01103.jpg,121
54,16,569,332,185,Tesla Model S Sedan 2012,01104.jpg,C:/Users/seanf/Desktop/archive/cars_train/cars_train/01104.jpg,150
61,46,682,336,7,Acura ZDX Hatchback 2012,01105.jpg,C:/Users/seanf/Desktop/archive/cars_train/cars_train/01105.jpg,139
126,234,809,509,167,Mitsubishi Lancer Sedan 2012,01106.jpg,C:/Users/seanf/Desktop/archive/cars_train/cars_train/01106.jpg,8
22,141,1011,485,66,Chevrolet Cobalt SS 2010,01107.jpg,C:/Users/seanf/Desktop/archive/cars_train/cars_train/01107.jpg,29
12,166,472,295,55,Chevrolet Corvette Convertible 2012,01108.jpg,C:/Users/seanf/Desktop/archive/cars_train/cars_train/01108.jpg,148
578,169,1427,925,167,Mitsubishi Lancer Sedan 2012,01109.jpg,C:/Users/seanf/Desktop/archive/cars_train/cars_train/01109.jpg,8
70,260,1003,627,184,Suzuki SX4 Sedan 2012,01110.jpg,C:/Users/seanf/Desktop/archive/cars_train/cars_train/01110.jpg,24
31,124,414,279,189,Toyota 4Runner SUV 2012,01111.jpg,C:/Users/seanf/Desktop/archive/cars_train/cars_train/01111.jpg,120
199,192,908,617,193,Volvo C30 Hatchback 2012,01112.jpg,C:/Users/seanf/Desktop/archive/cars_train/cars_train/01112.jpg,14
9,14,262,189,88,Dodge Sprinter Cargo Van 2009,01113.jpg,C:/Users/seanf/Desktop/archive/cars_train/cars_train/01113.jpg,81
78,31,435,329,71,Chevrolet Express Van 2007,01114.jpg,C:/Users/seanf/Desktop/archive/cars_train/cars_train/01114.jpg,76
224,197,1833,1364,29,BMW 3 Series Sedan 2012,01115.jpg,C:/Users/seanf/Desktop/archive/cars_train/cars_train/01115.jpg,59
30,69,523,354,55,Chevrolet Corvette Convertible 2012,01116.jpg,C:/Users/seanf/Desktop/archive/cars_train/cars_train/01116.jpg,148
114,117,524,360,109,Ford Expedition EL SUV 2009,01117.jpg,C:/Users/seanf/Desktop/archive/cars_train/cars_train/01117.jpg,87
65,85,602,419,118,GMC Terrain SUV 2012,01118.jpg,C:/Users/seanf/Desktop/archive/cars_train/cars_train/01118.jpg,179
108,65,624,414,144,Jaguar XK XKR 2012,01119.jpg,C:/Users/seanf/Desktop/archive/cars_train/cars_train/01119.jpg,89
50,42,605,438,187,Toyota Camry Sedan 2012,01120.jpg,C:/Users/seanf/Desktop/archive/cars_train/cars_train/01120.jpg,53
157,59,838,485,191,Volkswagen Golf Hatchback 1991,01121.jpg,C:/Users/seanf/Desktop/archive/cars_train/cars_train/01121.jpg,37
48,49,596,450,34,BMW M3 Coupe 2012,01122.jpg,C:/Users/seanf/Desktop/archive/cars_train/cars_train/01122.jpg,184
72,210,978,665,20,Audi S6 Sedan 2011,01123.jpg,C:/Users/seanf/Desktop/archive/cars_train/cars_train/01123.jpg,69
39,124,577,319,11,Aston Martin Virage Coupe 2012,01124.jpg,C:/Users/seanf/Desktop/archive/cars_train/cars_train/01124.jpg,128
77,81,561,392,54,Chevrolet Silverado 1500 Hybrid Crew Cab 2012,01125.jpg,C:/Users/seanf/Desktop/archive/cars_train/cars_train/01125.jpg,112
16,105,279,266,45,Bugatti Veyron 16.4 Convertible 2009,01126.jpg,C:/Users/seanf/Desktop/archive/cars_train/cars_train/01126.jpg,119
29,78,607,272,29,BMW 3 Series Sedan 2012,01127.jpg,C:/Users/seanf/Desktop/archive/cars_train/cars_train/01127.jpg,59
39,120,558,429,30,BMW 3 Series Wagon 2012,01128.jpg,C:/Users/seanf/Desktop/archive/cars_train/cars_train/01128.jpg,101
30,34,411,182,31,BMW 6 Series Convertible 2007,01129.jpg,C:/Users/seanf/Desktop/archive/cars_train/cars_train/01129.jpg,145
108,228,558,415,43,Bentley Continental GT Coupe 2007,01130.jpg,C:/Users/seanf/Desktop/archive/cars_train/cars_train/01130.jpg,65
1,65,455,253,113,Ford F-150 Regular Cab 2012,01131.jpg,C:/Users/seanf/Desktop/archive/cars_train/cars_train/01131.jpg,167
12,120,766,501,143,Isuzu Ascender SUV 2008,01132.jpg,C:/Users/seanf/Desktop/archive/cars_train/cars_train/01132.jpg,91
51,49,247,163,56,Chevrolet Corvette ZR1 2012,01133.jpg,C:/Users/seanf/Desktop/archive/cars_train/cars_train/01133.jpg,94
68,48,235,162,5,Acura TSX Sedan 2012,01134.jpg,C:/Users/seanf/Desktop/archive/cars_train/cars_train/01134.jpg,58
18,86,613,355,123,Geo Metro Convertible 1993,01135.jpg,C:/Users/seanf/Desktop/archive/cars_train/cars_train/01135.jpg,5
11,29,490,295,52,Cadillac SRX SUV 2012,01136.jpg,C:/Users/seanf/Desktop/archive/cars_train/cars_train/01136.jpg,189
57,71,710,501,90,Dodge Dakota Crew Cab 2010,01137.jpg,C:/Users/seanf/Desktop/archive/cars_train/cars_train/01137.jpg,48
57,116,471,249,39,Bentley Continental Supersports Conv. Convertible 2012,01138.jpg,C:/Users/seanf/Desktop/archive/cars_train/cars_train/01138.jpg,170
47,34,595,326,187,Toyota Camry Sedan 2012,01139.jpg,C:/Users/seanf/Desktop/archive/cars_train/cars_train/01139.jpg,53
48,274,771,555,191,Volkswagen Golf Hatchback 1991,01140.jpg,C:/Users/seanf/Desktop/archive/cars_train/cars_train/01140.jpg,37
19,229,1801,1144,170,Nissan Juke Hatchback 2012,01141.jpg,C:/Users/seanf/Desktop/archive/cars_train/cars_train/01141.jpg,22
3,127,636,425,31,BMW 6 Series Convertible 2007,01142.jpg,C:/Users/seanf/Desktop/archive/cars_train/cars_train/01142.jpg,145
57,124,558,381,121,GMC Acadia SUV 2012,01143.jpg,C:/Users/seanf/Desktop/archive/cars_train/cars_train/01143.jpg,82
11,41,555,333,190,Volkswagen Golf Hatchback 2012,01144.jpg,C:/Users/seanf/Desktop/archive/cars_train/cars_train/01144.jpg,51
39,96,760,538,121,GMC Acadia SUV 2012,01145.jpg,C:/Users/seanf/Desktop/archive/cars_train/cars_train/01145.jpg,82
42,55,264,152,56,Chevrolet Corvette ZR1 2012,01146.jpg,C:/Users/seanf/Desktop/archive/cars_train/cars_train/01146.jpg,94
1,1,526,530,64,Chevrolet Express Cargo Van 2007,01147.jpg,C:/Users/seanf/Desktop/archive/cars_train/cars_train/01147.jpg,178
32,109,575,267,10,Aston Martin Virage Convertible 2012,01148.jpg,C:/Users/seanf/Desktop/archive/cars_train/cars_train/01148.jpg,133
5,20,388,239,165,Mercedes-Benz S-Class Sedan 2012,01149.jpg,C:/Users/seanf/Desktop/archive/cars_train/cars_train/01149.jpg,70
176,118,486,313,101,Ferrari FF Coupe 2012,01150.jpg,C:/Users/seanf/Desktop/archive/cars_train/cars_train/01150.jpg,52
32,48,272,196,22,Audi S5 Coupe 2012,01151.jpg,C:/Users/seanf/Desktop/archive/cars_train/cars_train/01151.jpg,164
4,24,417,309,78,Chrysler Town and Country Minivan 2012,01152.jpg,C:/Users/seanf/Desktop/archive/cars_train/cars_train/01152.jpg,195
25,64,741,301,97,Dodge Charger SRT-8 2009,01153.jpg,C:/Users/seanf/Desktop/archive/cars_train/cars_train/01153.jpg,33
206,173,805,478,146,Jeep Wrangler SUV 2012,01154.jpg,C:/Users/seanf/Desktop/archive/cars_train/cars_train/01154.jpg,173
395,414,2378,1721,96,Dodge Charger Sedan 2012,01155.jpg,C:/Users/seanf/Desktop/archive/cars_train/cars_train/01155.jpg,7
38,60,291,220,110,Ford Edge SUV 2012,01156.jpg,C:/Users/seanf/Desktop/archive/cars_train/cars_train/01156.jpg,64
32,135,466,266,15,Audi R8 Coupe 2012,01157.jpg,C:/Users/seanf/Desktop/archive/cars_train/cars_train/01157.jpg,44
57,25,579,433,187,Toyota Camry Sedan 2012,01158.jpg,C:/Users/seanf/Desktop/archive/cars_train/cars_train/01158.jpg,53
30,23,390,256,195,Volvo XC90 SUV 2007,01159.jpg,C:/Users/seanf/Desktop/archive/cars_train/cars_train/01159.jpg,131
3,45,630,402,23,Audi S4 Sedan 2012,01160.jpg,C:/Users/seanf/Desktop/archive/cars_train/cars_train/01160.jpg,127
64,106,399,307,82,Daewoo Nubira Wagon 2002,01161.jpg,C:/Users/seanf/Desktop/archive/cars_train/cars_train/01161.jpg,186
65,182,616,383,174,Ram C/V Cargo Van Minivan 2012,01162.jpg,C:/Users/seanf/Desktop/archive/cars_train/cars_train/01162.jpg,103
69,192,876,531,87,Dodge Ram Pickup 3500 Quad Cab 2009,01163.jpg,C:/Users/seanf/Desktop/archive/cars_train/cars_train/01163.jpg,155
235,425,1101,711,31,BMW 6 Series Convertible 2007,01164.jpg,C:/Users/seanf/Desktop/archive/cars_train/cars_train/01164.jpg,145
106,27,933,440,36,BMW M6 Convertible 2010,01165.jpg,C:/Users/seanf/Desktop/archive/cars_train/cars_train/01165.jpg,20
16,94,768,513,123,Geo Metro Convertible 1993,01166.jpg,C:/Users/seanf/Desktop/archive/cars_train/cars_train/01166.jpg,5
88,298,717,514,21,Audi S5 Convertible 2012,01167.jpg,C:/Users/seanf/Desktop/archive/cars_train/cars_train/01167.jpg,144
124,322,1010,662,46,Bugatti Veyron 16.4 Coupe 2009,01168.jpg,C:/Users/seanf/Desktop/archive/cars_train/cars_train/01168.jpg,149
27,17,249,189,73,Chevrolet Malibu Sedan 2007,01169.jpg,C:/Users/seanf/Desktop/archive/cars_train/cars_train/01169.jpg,16
63,106,454,299,141,Infiniti G Coupe IPL 2012,01170.jpg,C:/Users/seanf/Desktop/archive/cars_train/cars_train/01170.jpg,136
102,6,606,480,88,Dodge Sprinter Cargo Van 2009,01171.jpg,C:/Users/seanf/Desktop/archive/cars_train/cars_train/01171.jpg,81
50,107,458,299,122,GMC Canyon Extended Cab 2012,01172.jpg,C:/Users/seanf/Desktop/archive/cars_train/cars_train/01172.jpg,57
11,15,989,658,145,Jeep Patriot SUV 2012,01173.jpg,C:/Users/seanf/Desktop/archive/cars_train/cars_train/01173.jpg,68
1,20,275,184,122,GMC Canyon Extended Cab 2012,01174.jpg,C:/Users/seanf/Desktop/archive/cars_train/cars_train/01174.jpg,57
1,4,800,320,113,Ford F-150 Regular Cab 2012,01175.jpg,C:/Users/seanf/Desktop/archive/cars_train/cars_train/01175.jpg,167
28,33,285,177,65,Chevrolet Avalanche Crew Cab 2012,01176.jpg,C:/Users/seanf/Desktop/archive/cars_train/cars_train/01176.jpg,47
163,237,1061,737,165,Mercedes-Benz S-Class Sedan 2012,01177.jpg,C:/Users/seanf/Desktop/archive/cars_train/cars_train/01177.jpg,70
68,169,712,401,43,Bentley Continental GT Coupe 2007,01178.jpg,C:/Users/seanf/Desktop/archive/cars_train/cars_train/01178.jpg,65
85,200,463,344,11,Aston Martin Virage Coupe 2012,01179.jpg,C:/Users/seanf/Desktop/archive/cars_train/cars_train/01179.jpg,128
11,29,294,185,16,Audi V8 Sedan 1994,01180.jpg,C:/Users/seanf/Desktop/archive/cars_train/cars_train/01180.jpg,124
25,125,620,349,126,Honda Odyssey Minivan 2012,01181.jpg,C:/Users/seanf/Desktop/archive/cars_train/cars_train/01181.jpg,60
70,193,762,445,161,Mercedes-Benz 300-Class Convertible 1993,01182.jpg,C:/Users/seanf/Desktop/archive/cars_train/cars_train/01182.jpg,86
75,260,923,593,153,Lamborghini Diablo Coupe 2001,01183.jpg,C:/Users/seanf/Desktop/archive/cars_train/cars_train/01183.jpg,143
16,40,464,244,46,Bugatti Veyron 16.4 Coupe 2009,01184.jpg,C:/Users/seanf/Desktop/archive/cars_train/cars_train/01184.jpg,149
147,180,1486,1011,52,Cadillac SRX SUV 2012,01185.jpg,C:/Users/seanf/Desktop/archive/cars_train/cars_train/01185.jpg,189
12,48,230,157,8,Aston Martin V8 Vantage Convertible 2012,01186.jpg,C:/Users/seanf/Desktop/archive/cars_train/cars_train/01186.jpg,54
58,94,467,278,157,MINI Cooper Roadster Convertible 2012,01187.jpg,C:/Users/seanf/Desktop/archive/cars_train/cars_train/01187.jpg,190
108,105,540,330,94,Dodge Durango SUV 2012,01188.jpg,C:/Users/seanf/Desktop/archive/cars_train/cars_train/01188.jpg,61
22,278,625,445,153,Lamborghini Diablo Coupe 2001,01189.jpg,C:/Users/seanf/Desktop/archive/cars_train/cars_train/01189.jpg,143
78,95,999,667,63,Chevrolet Sonic Sedan 2012,01190.jpg,C:/Users/seanf/Desktop/archive/cars_train/cars_train/01190.jpg,129
13,34,235,184,116,Ford E-Series Wagon Van 2012,01191.jpg,C:/Users/seanf/Desktop/archive/cars_train/cars_train/01191.jpg,67
18,115,445,334,30,BMW 3 Series Wagon 2012,01192.jpg,C:/Users/seanf/Desktop/archive/cars_train/cars_train/01192.jpg,101
5,19,320,139,48,Buick Rainier SUV 2007,01193.jpg,C:/Users/seanf/Desktop/archive/cars_train/cars_train/01193.jpg,121
62,141,309,246,123,Geo Metro Convertible 1993,01194.jpg,C:/Users/seanf/Desktop/archive/cars_train/cars_train/01194.jpg,5
15,46,575,415,24,Audi S4 Sedan 2007,01195.jpg,C:/Users/seanf/Desktop/archive/cars_train/cars_train/01195.jpg,105
115,93,246,151,151,Lamborghini Aventador Coupe 2012,01196.jpg,C:/Users/seanf/Desktop/archive/cars_train/cars_train/01196.jpg,154
3,49,998,772,36,BMW M6 Convertible 2010,01197.jpg,C:/Users/seanf/Desktop/archive/cars_train/cars_train/01197.jpg,20
30,78,611,403,53,Cadillac Escalade EXT Crew Cab 2007,01198.jpg,C:/Users/seanf/Desktop/archive/cars_train/cars_train/01198.jpg,45
37,97,265,182,62,Chevrolet Tahoe Hybrid SUV 2012,01199.jpg,C:/Users/seanf/Desktop/archive/cars_train/cars_train/01199.jpg,161
80,31,667,264,142,Infiniti QX56 SUV 2011,01200.jpg,C:/Users/seanf/Desktop/archive/cars_train/cars_train/01200.jpg,35
19,51,631,458,50,Buick Enclave SUV 2012,01201.jpg,C:/Users/seanf/Desktop/archive/cars_train/cars_train/01201.jpg,113
52,289,751,505,21,Audi S5 Convertible 2012,01202.jpg,C:/Users/seanf/Desktop/archive/cars_train/cars_train/01202.jpg,144
1,36,269,196,171,Nissan 240SX Coupe 1998,01203.jpg,C:/Users/seanf/Desktop/archive/cars_train/cars_train/01203.jpg,92
49,83,1073,765,140,Hyundai Azera Sedan 2012,01204.jpg,C:/Users/seanf/Desktop/archive/cars_train/cars_train/01204.jpg,98
45,59,284,161,41,Bentley Mulsanne Sedan 2011,01205.jpg,C:/Users/seanf/Desktop/archive/cars_train/cars_train/01205.jpg,109
71,96,590,393,28,BMW 1 Series Coupe 2012,01206.jpg,C:/Users/seanf/Desktop/archive/cars_train/cars_train/01206.jpg,88
5,50,293,170,48,Buick Rainier SUV 2007,01207.jpg,C:/Users/seanf/Desktop/archive/cars_train/cars_train/01207.jpg,121
64,281,819,694,30,BMW 3 Series Wagon 2012,01208.jpg,C:/Users/seanf/Desktop/archive/cars_train/cars_train/01208.jpg,101
1,24,120,103,174,Ram C/V Cargo Van Minivan 2012,01209.jpg,C:/Users/seanf/Desktop/archive/cars_train/cars_train/01209.jpg,103
19,123,618,354,14,Audi TTS Coupe 2012,01210.jpg,C:/Users/seanf/Desktop/archive/cars_train/cars_train/01210.jpg,0
23,21,235,176,108,Ford Freestar Minivan 2007,01211.jpg,C:/Users/seanf/Desktop/archive/cars_train/cars_train/01211.jpg,108
103,292,1495,845,90,Dodge Dakota Crew Cab 2010,01212.jpg,C:/Users/seanf/Desktop/archive/cars_train/cars_train/01212.jpg,48
38,127,642,412,134,Hyundai Sonata Hybrid Sedan 2012,01213.jpg,C:/Users/seanf/Desktop/archive/cars_train/cars_train/01213.jpg,3
3,47,296,183,3,Acura TL Sedan 2012,01214.jpg,C:/Users/seanf/Desktop/archive/cars_train/cars_train/01214.jpg,1
25,124,552,308,114,Ford F-150 Regular Cab 2007,01215.jpg,C:/Users/seanf/Desktop/archive/cars_train/cars_train/01215.jpg,50
43,70,584,321,185,Tesla Model S Sedan 2012,01216.jpg,C:/Users/seanf/Desktop/archive/cars_train/cars_train/01216.jpg,150
100,97,429,314,159,Mazda Tribute SUV 2011,01217.jpg,C:/Users/seanf/Desktop/archive/cars_train/cars_train/01217.jpg,183
51,256,1007,585,161,Mercedes-Benz 300-Class Convertible 1993,01218.jpg,C:/Users/seanf/Desktop/archive/cars_train/cars_train/01218.jpg,86
63,81,590,410,81,Chrysler PT Cruiser Convertible 2008,01219.jpg,C:/Users/seanf/Desktop/archive/cars_train/cars_train/01219.jpg,182
31,11,248,179,121,GMC Acadia SUV 2012,01220.jpg,C:/Users/seanf/Desktop/archive/cars_train/cars_train/01220.jpg,82
1,20,319,219,142,Infiniti QX56 SUV 2011,01221.jpg,C:/Users/seanf/Desktop/archive/cars_train/cars_train/01221.jpg,35
23,60,597,349,64,Chevrolet Express Cargo Van 2007,01222.jpg,C:/Users/seanf/Desktop/archive/cars_train/cars_train/01222.jpg,178
64,120,886,767,147,Jeep Liberty SUV 2012,01223.jpg,C:/Users/seanf/Desktop/archive/cars_train/cars_train/01223.jpg,85
786,514,1443,890,39,Bentley Continental Supersports Conv. Convertible 2012,01224.jpg,C:/Users/seanf/Desktop/archive/cars_train/cars_train/01224.jpg,170
86,33,513,403,187,Toyota Camry Sedan 2012,01225.jpg,C:/Users/seanf/Desktop/archive/cars_train/cars_train/01225.jpg,53
71,126,581,413,189,Toyota 4Runner SUV 2012,01226.jpg,C:/Users/seanf/Desktop/archive/cars_train/cars_train/01226.jpg,120
113,54,634,470,37,BMW X3 SUV 2012,01227.jpg,C:/Users/seanf/Desktop/archive/cars_train/cars_train/01227.jpg,75
331,299,702,562,45,Bugatti Veyron 16.4 Convertible 2009,01228.jpg,C:/Users/seanf/Desktop/archive/cars_train/cars_train/01228.jpg,119
100,55,403,271,84,Dodge Caliber Wagon 2007,01229.jpg,C:/Users/seanf/Desktop/archive/cars_train/cars_train/01229.jpg,137
27,115,667,404,74,Chevrolet Silverado 1500 Extended Cab 2012,01230.jpg,C:/Users/seanf/Desktop/archive/cars_train/cars_train/01230.jpg,78
22,4,457,316,159,Mazda Tribute SUV 2011,01231.jpg,C:/Users/seanf/Desktop/archive/cars_train/cars_train/01231.jpg,183
150,87,472,289,14,Audi TTS Coupe 2012,01232.jpg,C:/Users/seanf/Desktop/archive/cars_train/cars_train/01232.jpg,0
8,93,630,422,138,Hyundai Sonata Sedan 2012,01233.jpg,C:/Users/seanf/Desktop/archive/cars_train/cars_train/01233.jpg,71
102,28,508,365,49,Buick Verano Sedan 2012,01234.jpg,C:/Users/seanf/Desktop/archive/cars_train/cars_train/01234.jpg,10
29,116,464,311,156,Lincoln Town Car Sedan 2011,01235.jpg,C:/Users/seanf/Desktop/archive/cars_train/cars_train/01235.jpg,153
21,66,409,226,180,Spyker C8 Coupe 2009,01236.jpg,C:/Users/seanf/Desktop/archive/cars_train/cars_train/01236.jpg,26
116,409,1156,753,173,Porsche Panamera Sedan 2012,01237.jpg,C:/Users/seanf/Desktop/archive/cars_train/cars_train/01237.jpg,41
24,41,270,158,111,Ford Ranger SuperCab 2011,01238.jpg,C:/Users/seanf/Desktop/archive/cars_train/cars_train/01238.jpg,56
300,501,1711,1070,28,BMW 1 Series Coupe 2012,01239.jpg,C:/Users/seanf/Desktop/archive/cars_train/cars_train/01239.jpg,88
83,59,416,320,188,Toyota Corolla Sedan 2012,01240.jpg,C:/Users/seanf/Desktop/archive/cars_train/cars_train/01240.jpg,62
52,39,250,122,77,Chrysler Sebring Convertible 2010,01241.jpg,C:/Users/seanf/Desktop/archive/cars_train/cars_train/01241.jpg,122
68,126,585,399,94,Dodge Durango SUV 2012,01242.jpg,C:/Users/seanf/Desktop/archive/cars_train/cars_train/01242.jpg,61
41,75,464,266,154,Land Rover Range Rover SUV 2012,01243.jpg,C:/Users/seanf/Desktop/archive/cars_train/cars_train/01243.jpg,27
135,43,663,571,155,Land Rover LR2 SUV 2012,01244.jpg,C:/Users/seanf/Desktop/archive/cars_train/cars_train/01244.jpg,97
47,59,585,383,19,Audi TT Hatchback 2011,01245.jpg,C:/Users/seanf/Desktop/archive/cars_train/cars_train/01245.jpg,110
13,44,784,538,118,GMC Terrain SUV 2012,01246.jpg,C:/Users/seanf/Desktop/archive/cars_train/cars_train/01246.jpg,179
20,47,291,212,162,Mercedes-Benz C-Class Sedan 2012,01247.jpg,C:/Users/seanf/Desktop/archive/cars_train/cars_train/01247.jpg,79
25,37,275,189,160,McLaren MP4-12C Coupe 2012,01248.jpg,C:/Users/seanf/Desktop/archive/cars_train/cars_train/01248.jpg,116
62,226,1189,841,46,Bugatti Veyron 16.4 Coupe 2009,01249.jpg,C:/Users/seanf/Desktop/archive/cars_train/cars_train/01249.jpg,149
27,174,989,708,182,Suzuki Kizashi Sedan 2012,01250.jpg,C:/Users/seanf/Desktop/archive/cars_train/cars_train/01250.jpg,160
206,96,736,365,16,Audi V8 Sedan 1994,01251.jpg,C:/Users/seanf/Desktop/archive/cars_train/cars_train/01251.jpg,124
19,25,386,242,196,smart fortwo Convertible 2012,01252.jpg,C:/Users/seanf/Desktop/archive/cars_train/cars_train/01252.jpg,134
78,134,1189,772,37,BMW X3 SUV 2012,01253.jpg,C:/Users/seanf/Desktop/archive/cars_train/cars_train/01253.jpg,75
107,91,756,501,155,Land Rover LR2 SUV 2012,01254.jpg,C:/Users/seanf/Desktop/archive/cars_train/cars_train/01254.jpg,97
17,80,735,492,6,Acura Integra Type R 2001,01255.jpg,C:/Users/seanf/Desktop/archive/cars_train/cars_train/01255.jpg,123
8,28,279,201,71,Chevrolet Express Van 2007,01256.jpg,C:/Users/seanf/Desktop/archive/cars_train/cars_train/01256.jpg,76
24,172,1005,587,133,Hyundai Veracruz SUV 2012,01257.jpg,C:/Users/seanf/Desktop/archive/cars_train/cars_train/01257.jpg,30
29,91,482,454,95,Dodge Durango SUV 2007,01258.jpg,C:/Users/seanf/Desktop/archive/cars_train/cars_train/01258.jpg,193
139,112,1090,706,89,Dodge Journey SUV 2012,01259.jpg,C:/Users/seanf/Desktop/archive/cars_train/cars_train/01259.jpg,6
44,29,187,133,95,Dodge Durango SUV 2007,01260.jpg,C:/Users/seanf/Desktop/archive/cars_train/cars_train/01260.jpg,193
48,137,343,276,85,Dodge Caravan Minivan 1997,01261.jpg,C:/Users/seanf/Desktop/archive/cars_train/cars_train/01261.jpg,13
47,31,340,219,84,Dodge Caliber Wagon 2007,01262.jpg,C:/Users/seanf/Desktop/archive/cars_train/cars_train/01262.jpg,137
1,21,639,470,143,Isuzu Ascender SUV 2008,01263.jpg,C:/Users/seanf/Desktop/archive/cars_train/cars_train/01263.jpg,91
5,36,623,357,4,Acura TL Type-S 2008,01264.jpg,C:/Users/seanf/Desktop/archive/cars_train/cars_train/01264.jpg,174
35,160,509,361,185,Tesla Model S Sedan 2012,01265.jpg,C:/Users/seanf/Desktop/archive/cars_train/cars_train/01265.jpg,150
20,87,600,391,122,GMC Canyon Extended Cab 2012,01266.jpg,C:/Users/seanf/Desktop/archive/cars_train/cars_train/01266.jpg,57
26,92,604,291,127,Honda Odyssey Minivan 2007,01267.jpg,C:/Users/seanf/Desktop/archive/cars_train/cars_train/01267.jpg,157
9,43,254,152,54,Chevrolet Silverado 1500 Hybrid Crew Cab 2012,01268.jpg,C:/Users/seanf/Desktop/archive/cars_train/cars_train/01268.jpg,112
96,3,519,385,180,Spyker C8 Coupe 2009,01269.jpg,C:/Users/seanf/Desktop/archive/cars_train/cars_train/01269.jpg,26
21,76,532,355,44,Bentley Continental Flying Spur Sedan 2007,01270.jpg,C:/Users/seanf/Desktop/archive/cars_train/cars_train/01270.jpg,46
1,15,120,99,158,Maybach Landaulet Convertible 2012,01271.jpg,C:/Users/seanf/Desktop/archive/cars_train/cars_train/01271.jpg,158
111,66,984,800,132,Hyundai Tucson SUV 2012,01272.jpg,C:/Users/seanf/Desktop/archive/cars_train/cars_train/01272.jpg,138
53,265,769,475,102,Ferrari California Convertible 2012,01273.jpg,C:/Users/seanf/Desktop/archive/cars_train/cars_train/01273.jpg,141
5,153,420,337,72,Chevrolet Monte Carlo Coupe 2007,01274.jpg,C:/Users/seanf/Desktop/archive/cars_train/cars_train/01274.jpg,130
14,52,252,149,29,BMW 3 Series Sedan 2012,01275.jpg,C:/Users/seanf/Desktop/archive/cars_train/cars_train/01275.jpg,59
67,102,567,357,9,Aston Martin V8 Vantage Coupe 2012,01276.jpg,C:/Users/seanf/Desktop/archive/cars_train/cars_train/01276.jpg,165
1,5,160,89,1,AM General Hummer SUV 2000,01277.jpg,C:/Users/seanf/Desktop/archive/cars_train/cars_train/01277.jpg,107
25,48,294,142,80,Chrysler Crossfire Convertible 2008,01278.jpg,C:/Users/seanf/Desktop/archive/cars_train/cars_train/01278.jpg,175
7,24,287,232,131,Hyundai Santa Fe SUV 2012,01279.jpg,C:/Users/seanf/Desktop/archive/cars_train/cars_train/01279.jpg,80
74,157,504,398,106,Ford F-450 Super Duty Crew Cab 2012,01280.jpg,C:/Users/seanf/Desktop/archive/cars_train/cars_train/01280.jpg,4
126,69,402,309,47,Buick Regal GS 2012,01281.jpg,C:/Users/seanf/Desktop/archive/cars_train/cars_train/01281.jpg,100
11,14,621,441,184,Suzuki SX4 Sedan 2012,01282.jpg,C:/Users/seanf/Desktop/archive/cars_train/cars_train/01282.jpg,24
19,52,261,150,8,Aston Martin V8 Vantage Convertible 2012,01283.jpg,C:/Users/seanf/Desktop/archive/cars_train/cars_train/01283.jpg,54
112,298,1609,1003,40,Bentley Arnage Sedan 2009,01284.jpg,C:/Users/seanf/Desktop/archive/cars_train/cars_train/01284.jpg,95
47,49,321,202,195,Volvo XC90 SUV 2007,01285.jpg,C:/Users/seanf/Desktop/archive/cars_train/cars_train/01285.jpg,131
74,1,1448,855,130,Hyundai Veloster Hatchback 2012,01286.jpg,C:/Users/seanf/Desktop/archive/cars_train/cars_train/01286.jpg,152
64,189,458,357,160,McLaren MP4-12C Coupe 2012,01287.jpg,C:/Users/seanf/Desktop/archive/cars_train/cars_train/01287.jpg,116
135,120,869,619,94,Dodge Durango SUV 2012,01288.jpg,C:/Users/seanf/Desktop/archive/cars_train/cars_train/01288.jpg,61
4,32,259,171,53,Cadillac Escalade EXT Crew Cab 2007,01289.jpg,C:/Users/seanf/Desktop/archive/cars_train/cars_train/01289.jpg,45
10,69,317,216,165,Mercedes-Benz S-Class Sedan 2012,01290.jpg,C:/Users/seanf/Desktop/archive/cars_train/cars_train/01290.jpg,70
104,155,459,322,137,Hyundai Genesis Sedan 2012,01291.jpg,C:/Users/seanf/Desktop/archive/cars_train/cars_train/01291.jpg,83
22,16,434,332,28,BMW 1 Series Coupe 2012,01292.jpg,C:/Users/seanf/Desktop/archive/cars_train/cars_train/01292.jpg,88
76,87,388,244,46,Bugatti Veyron 16.4 Coupe 2009,01293.jpg,C:/Users/seanf/Desktop/archive/cars_train/cars_train/01293.jpg,149
8,55,160,108,107,Ford Mustang Convertible 2007,01294.jpg,C:/Users/seanf/Desktop/archive/cars_train/cars_train/01294.jpg,132
113,133,578,375,94,Dodge Durango SUV 2012,01295.jpg,C:/Users/seanf/Desktop/archive/cars_train/cars_train/01295.jpg,61
30,101,445,261,115,Ford Focus Sedan 2007,01296.jpg,C:/Users/seanf/Desktop/archive/cars_train/cars_train/01296.jpg,169
103,205,1330,928,12,Audi RS 4 Convertible 2008,01297.jpg,C:/Users/seanf/Desktop/archive/cars_train/cars_train/01297.jpg,125
28,199,1005,673,20,Audi S6 Sedan 2011,01298.jpg,C:/Users/seanf/Desktop/archive/cars_train/cars_train/01298.jpg,69
41,140,591,356,186,Toyota Sequoia SUV 2012,01299.jpg,C:/Users/seanf/Desktop/archive/cars_train/cars_train/01299.jpg,11
42,186,1788,1088,58,Chevrolet Traverse SUV 2012,01300.jpg,C:/Users/seanf/Desktop/archive/cars_train/cars_train/01300.jpg,9
34,93,620,350,144,Jaguar XK XKR 2012,01301.jpg,C:/Users/seanf/Desktop/archive/cars_train/cars_train/01301.jpg,89
62,79,620,455,178,Scion xD Hatchback 2012,01302.jpg,C:/Users/seanf/Desktop/archive/cars_train/cars_train/01302.jpg,93
55,22,685,433,191,Volkswagen Golf Hatchback 1991,01303.jpg,C:/Users/seanf/Desktop/archive/cars_train/cars_train/01303.jpg,37
17,74,624,425,137,Hyundai Genesis Sedan 2012,01304.jpg,C:/Users/seanf/Desktop/archive/cars_train/cars_train/01304.jpg,83
242,250,860,643,145,Jeep Patriot SUV 2012,01305.jpg,C:/Users/seanf/Desktop/archive/cars_train/cars_train/01305.jpg,68
124,81,768,535,157,MINI Cooper Roadster Convertible 2012,01306.jpg,C:/Users/seanf/Desktop/archive/cars_train/cars_train/01306.jpg,190
177,266,943,748,81,Chrysler PT Cruiser Convertible 2008,01307.jpg,C:/Users/seanf/Desktop/archive/cars_train/cars_train/01307.jpg,182
73,452,2478,1508,23,Audi S4 Sedan 2012,01308.jpg,C:/Users/seanf/Desktop/archive/cars_train/cars_train/01308.jpg,127
14,120,281,216,74,Chevrolet Silverado 1500 Extended Cab 2012,01309.jpg,C:/Users/seanf/Desktop/archive/cars_train/cars_train/01309.jpg,78
40,39,703,415,172,Plymouth Neon Coupe 1999,01310.jpg,C:/Users/seanf/Desktop/archive/cars_train/cars_train/01310.jpg,15
1,12,137,94,88,Dodge Sprinter Cargo Van 2009,01311.jpg,C:/Users/seanf/Desktop/archive/cars_train/cars_train/01311.jpg,81
65,17,424,202,86,Dodge Ram Pickup 3500 Crew Cab 2010,01312.jpg,C:/Users/seanf/Desktop/archive/cars_train/cars_train/01312.jpg,25
56,69,558,354,12,Audi RS 4 Convertible 2008,01313.jpg,C:/Users/seanf/Desktop/archive/cars_train/cars_train/01313.jpg,125
29,129,597,364,123,Geo Metro Convertible 1993,01314.jpg,C:/Users/seanf/Desktop/archive/cars_train/cars_train/01314.jpg,5
31,12,421,209,189,Toyota 4Runner SUV 2012,01315.jpg,C:/Users/seanf/Desktop/archive/cars_train/cars_train/01315.jpg,120
20,35,406,236,57,Chevrolet Corvette Ron Fellows Edition Z06 2007,01316.jpg,C:/Users/seanf/Desktop/archive/cars_train/cars_train/01316.jpg,18
91,129,533,399,192,Volkswagen Beetle Hatchback 2012,01317.jpg,C:/Users/seanf/Desktop/archive/cars_train/cars_train/01317.jpg,17
167,85,580,307,67,Chevrolet Malibu Hybrid Sedan 2010,01318.jpg,C:/Users/seanf/Desktop/archive/cars_train/cars_train/01318.jpg,166
59,115,378,249,181,Suzuki Aerio Sedan 2007,01319.jpg,C:/Users/seanf/Desktop/archive/cars_train/cars_train/01319.jpg,163
89,42,461,288,184,Suzuki SX4 Sedan 2012,01320.jpg,C:/Users/seanf/Desktop/archive/cars_train/cars_train/01320.jpg,24
46,69,603,411,177,Rolls-Royce Phantom Sedan 2012,01321.jpg,C:/Users/seanf/Desktop/archive/cars_train/cars_train/01321.jpg,40
46,69,583,363,7,Acura ZDX Hatchback 2012,01322.jpg,C:/Users/seanf/Desktop/archive/cars_train/cars_train/01322.jpg,139
49,203,992,692,114,Ford F-150 Regular Cab 2007,01323.jpg,C:/Users/seanf/Desktop/archive/cars_train/cars_train/01323.jpg,50
32,93,250,184,39,Bentley Continental Supersports Conv. Convertible 2012,01324.jpg,C:/Users/seanf/Desktop/archive/cars_train/cars_train/01324.jpg,170
33,38,250,167,70,Chevrolet Silverado 1500 Classic Extended Cab 2007,01325.jpg,C:/Users/seanf/Desktop/archive/cars_train/cars_train/01325.jpg,171
15,48,274,187,67,Chevrolet Malibu Hybrid Sedan 2010,01326.jpg,C:/Users/seanf/Desktop/archive/cars_train/cars_train/01326.jpg,166
39,116,353,250,74,Chevrolet Silverado 1500 Extended Cab 2012,01327.jpg,C:/Users/seanf/Desktop/archive/cars_train/cars_train/01327.jpg,78
91,282,956,642,59,Chevrolet Camaro Convertible 2012,01328.jpg,C:/Users/seanf/Desktop/archive/cars_train/cars_train/01328.jpg,63
10,52,255,163,165,Mercedes-Benz S-Class Sedan 2012,01329.jpg,C:/Users/seanf/Desktop/archive/cars_train/cars_train/01329.jpg,70
9,11,290,200,53,Cadillac Escalade EXT Crew Cab 2007,01330.jpg,C:/Users/seanf/Desktop/archive/cars_train/cars_train/01330.jpg,45
355,323,1316,897,8,Aston Martin V8 Vantage Convertible 2012,01331.jpg,C:/Users/seanf/Desktop/archive/cars_train/cars_train/01331.jpg,54
50,48,591,384,126,Honda Odyssey Minivan 2012,01332.jpg,C:/Users/seanf/Desktop/archive/cars_train/cars_train/01332.jpg,60
32,86,609,304,130,Hyundai Veloster Hatchback 2012,01333.jpg,C:/Users/seanf/Desktop/archive/cars_train/cars_train/01333.jpg,152
9,71,461,216,179,Spyker C8 Convertible 2009,01334.jpg,C:/Users/seanf/Desktop/archive/cars_train/cars_train/01334.jpg,104
555,301,1173,568,45,Bugatti Veyron 16.4 Convertible 2009,01335.jpg,C:/Users/seanf/Desktop/archive/cars_train/cars_train/01335.jpg,119
5,7,261,125,189,Toyota 4Runner SUV 2012,01336.jpg,C:/Users/seanf/Desktop/archive/cars_train/cars_train/01336.jpg,120
9,32,253,161,188,Toyota Corolla Sedan 2012,01337.jpg,C:/Users/seanf/Desktop/archive/cars_train/cars_train/01337.jpg,62
59,87,1737,1211,162,Mercedes-Benz C-Class Sedan 2012,01338.jpg,C:/Users/seanf/Desktop/archive/cars_train/cars_train/01338.jpg,79
114,107,561,407,94,Dodge Durango SUV 2012,01339.jpg,C:/Users/seanf/Desktop/archive/cars_train/cars_train/01339.jpg,61
110,83,590,370,30,BMW 3 Series Wagon 2012,01340.jpg,C:/Users/seanf/Desktop/archive/cars_train/cars_train/01340.jpg,101
59,107,575,398,73,Chevrolet Malibu Sedan 2007,01341.jpg,C:/Users/seanf/Desktop/archive/cars_train/cars_train/01341.jpg,16
66,122,480,234,59,Chevrolet Camaro Convertible 2012,01342.jpg,C:/Users/seanf/Desktop/archive/cars_train/cars_train/01342.jpg,63
60,144,778,463,192,Volkswagen Beetle Hatchback 2012,01343.jpg,C:/Users/seanf/Desktop/archive/cars_train/cars_train/01343.jpg,17
26,23,615,459,126,Honda Odyssey Minivan 2012,01344.jpg,C:/Users/seanf/Desktop/archive/cars_train/cars_train/01344.jpg,60
37,169,587,413,86,Dodge Ram Pickup 3500 Crew Cab 2010,01345.jpg,C:/Users/seanf/Desktop/archive/cars_train/cars_train/01345.jpg,25
37,139,656,470,13,Audi A5 Coupe 2012,01346.jpg,C:/Users/seanf/Desktop/archive/cars_train/cars_train/01346.jpg,36
23,1,430,319,179,Spyker C8 Convertible 2009,01347.jpg,C:/Users/seanf/Desktop/archive/cars_train/cars_train/01347.jpg,104
80,110,980,677,37,BMW X3 SUV 2012,01348.jpg,C:/Users/seanf/Desktop/archive/cars_train/cars_train/01348.jpg,75
341,248,768,497,144,Jaguar XK XKR 2012,01349.jpg,C:/Users/seanf/Desktop/archive/cars_train/cars_train/01349.jpg,89
105,315,780,561,157,MINI Cooper Roadster Convertible 2012,01350.jpg,C:/Users/seanf/Desktop/archive/cars_train/cars_train/01350.jpg,190
80,191,948,623,112,Ford GT Coupe 2006,01351.jpg,C:/Users/seanf/Desktop/archive/cars_train/cars_train/01351.jpg,73
2,59,300,219,40,Bentley Arnage Sedan 2009,01352.jpg,C:/Users/seanf/Desktop/archive/cars_train/cars_train/01352.jpg,95
43,99,1013,615,31,BMW 6 Series Convertible 2007,01353.jpg,C:/Users/seanf/Desktop/archive/cars_train/cars_train/01353.jpg,145
17,43,250,159,156,Lincoln Town Car Sedan 2011,01354.jpg,C:/Users/seanf/Desktop/archive/cars_train/cars_train/01354.jpg,153
46,1,799,560,184,Suzuki SX4 Sedan 2012,01355.jpg,C:/Users/seanf/Desktop/archive/cars_train/cars_train/01355.jpg,24
51,120,683,378,168,Nissan Leaf Hatchback 2012,01356.jpg,C:/Users/seanf/Desktop/archive/cars_train/cars_train/01356.jpg,142
52,122,750,429,44,Bentley Continental Flying Spur Sedan 2007,01357.jpg,C:/Users/seanf/Desktop/archive/cars_train/cars_train/01357.jpg,46
10,1,563,306,59,Chevrolet Camaro Convertible 2012,01358.jpg,C:/Users/seanf/Desktop/archive/cars_train/cars_train/01358.jpg,63
17,25,282,153,80,Chrysler Crossfire Convertible 2008,01359.jpg,C:/Users/seanf/Desktop/archive/cars_train/cars_train/01359.jpg,175
15,102,411,291,59,Chevrolet Camaro Convertible 2012,01360.jpg,C:/Users/seanf/Desktop/archive/cars_train/cars_train/01360.jpg,63
74,73,239,158,9,Aston Martin V8 Vantage Coupe 2012,01361.jpg,C:/Users/seanf/Desktop/archive/cars_train/cars_train/01361.jpg,165
80,165,543,405,111,Ford Ranger SuperCab 2011,01362.jpg,C:/Users/seanf/Desktop/archive/cars_train/cars_train/01362.jpg,56
44,62,589,415,140,Hyundai Azera Sedan 2012,01363.jpg,C:/Users/seanf/Desktop/archive/cars_train/cars_train/01363.jpg,98
1,74,639,334,58,Chevrolet Traverse SUV 2012,01364.jpg,C:/Users/seanf/Desktop/archive/cars_train/cars_train/01364.jpg,9
114,144,476,349,49,Buick Verano Sedan 2012,01365.jpg,C:/Users/seanf/Desktop/archive/cars_train/cars_train/01365.jpg,10
44,196,603,410,115,Ford Focus Sedan 2007,01366.jpg,C:/Users/seanf/Desktop/archive/cars_train/cars_train/01366.jpg,169
19,54,246,170,80,Chrysler Crossfire Convertible 2008,01367.jpg,C:/Users/seanf/Desktop/archive/cars_train/cars_train/01367.jpg,175
32,136,843,490,133,Hyundai Veracruz SUV 2012,01368.jpg,C:/Users/seanf/Desktop/archive/cars_train/cars_train/01368.jpg,30
69,36,259,155,161,Mercedes-Benz 300-Class Convertible 1993,01369.jpg,C:/Users/seanf/Desktop/archive/cars_train/cars_train/01369.jpg,86
20,29,583,270,21,Audi S5 Convertible 2012,01370.jpg,C:/Users/seanf/Desktop/archive/cars_train/cars_train/01370.jpg,144
32,60,207,157,92,Dodge Magnum Wagon 2008,01371.jpg,C:/Users/seanf/Desktop/archive/cars_train/cars_train/01371.jpg,180
263,598,2349,1638,13,Audi A5 Coupe 2012,01372.jpg,C:/Users/seanf/Desktop/archive/cars_train/cars_train/01372.jpg,36
61,137,596,443,130,Hyundai Veloster Hatchback 2012,01373.jpg,C:/Users/seanf/Desktop/archive/cars_train/cars_train/01373.jpg,152
3,37,496,299,159,Mazda Tribute SUV 2011,01374.jpg,C:/Users/seanf/Desktop/archive/cars_train/cars_train/01374.jpg,183
54,254,1961,1084,170,Nissan Juke Hatchback 2012,01375.jpg,C:/Users/seanf/Desktop/archive/cars_train/cars_train/01375.jpg,22
5,27,347,234,121,GMC Acadia SUV 2012,01376.jpg,C:/Users/seanf/Desktop/archive/cars_train/cars_train/01376.jpg,82
54,75,408,274,97,Dodge Charger SRT-8 2009,01377.jpg,C:/Users/seanf/Desktop/archive/cars_train/cars_train/01377.jpg,33
29,141,597,450,87,Dodge Ram Pickup 3500 Quad Cab 2009,01378.jpg,C:/Users/seanf/Desktop/archive/cars_train/cars_train/01378.jpg,155
60,111,760,520,192,Volkswagen Beetle Hatchback 2012,01379.jpg,C:/Users/seanf/Desktop/archive/cars_train/cars_train/01379.jpg,17
63,51,571,320,124,HUMMER H3T Crew Cab 2010,01380.jpg,C:/Users/seanf/Desktop/archive/cars_train/cars_train/01380.jpg,49
33,35,502,275,46,Bugatti Veyron 16.4 Coupe 2009,01381.jpg,C:/Users/seanf/Desktop/archive/cars_train/cars_train/01381.jpg,149
3,21,285,195,53,Cadillac Escalade EXT Crew Cab 2007,01382.jpg,C:/Users/seanf/Desktop/archive/cars_train/cars_train/01382.jpg,45
23,11,307,225,113,Ford F-150 Regular Cab 2012,01383.jpg,C:/Users/seanf/Desktop/archive/cars_train/cars_train/01383.jpg,167
117,31,516,415,85,Dodge Caravan Minivan 1997,01384.jpg,C:/Users/seanf/Desktop/archive/cars_train/cars_train/01384.jpg,13
150,109,605,407,174,Ram C/V Cargo Van Minivan 2012,01385.jpg,C:/Users/seanf/Desktop/archive/cars_train/cars_train/01385.jpg,103
73,211,1534,988,170,Nissan Juke Hatchback 2012,01386.jpg,C:/Users/seanf/Desktop/archive/cars_train/cars_train/01386.jpg,22
6,31,636,434,131,Hyundai Santa Fe SUV 2012,01387.jpg,C:/Users/seanf/Desktop/archive/cars_train/cars_train/01387.jpg,80
24,41,277,198,109,Ford Expedition EL SUV 2009,01388.jpg,C:/Users/seanf/Desktop/archive/cars_train/cars_train/01388.jpg,87
23,32,218,159,128,Honda Accord Coupe 2012,01389.jpg,C:/Users/seanf/Desktop/archive/cars_train/cars_train/01389.jpg,126
16,24,248,188,188,Toyota Corolla Sedan 2012,01390.jpg,C:/Users/seanf/Desktop/archive/cars_train/cars_train/01390.jpg,62
17,58,241,151,73,Chevrolet Malibu Sedan 2007,01391.jpg,C:/Users/seanf/Desktop/archive/cars_train/cars_train/01391.jpg,16
39,89,457,334,5,Acura TSX Sedan 2012,01392.jpg,C:/Users/seanf/Desktop/archive/cars_train/cars_train/01392.jpg,58
4,118,519,321,127,Honda Odyssey Minivan 2007,01393.jpg,C:/Users/seanf/Desktop/archive/cars_train/cars_train/01393.jpg,157
13,95,462,279,156,Lincoln Town Car Sedan 2011,01394.jpg,C:/Users/seanf/Desktop/archive/cars_train/cars_train/01394.jpg,153
39,76,969,593,30,BMW 3 Series Wagon 2012,01395.jpg,C:/Users/seanf/Desktop/archive/cars_train/cars_train/01395.jpg,101
140,175,492,411,154,Land Rover Range Rover SUV 2012,01396.jpg,C:/Users/seanf/Desktop/archive/cars_train/cars_train/01396.jpg,27
41,39,602,456,67,Chevrolet Malibu Hybrid Sedan 2010,01397.jpg,C:/Users/seanf/Desktop/archive/cars_train/cars_train/01397.jpg,166
108,50,535,385,111,Ford Ranger SuperCab 2011,01398.jpg,C:/Users/seanf/Desktop/archive/cars_train/cars_train/01398.jpg,56
31,66,525,261,43,Bentley Continental GT Coupe 2007,01399.jpg,C:/Users/seanf/Desktop/archive/cars_train/cars_train/01399.jpg,65
43,181,471,329,136,Hyundai Accent Sedan 2012,01400.jpg,C:/Users/seanf/Desktop/archive/cars_train/cars_train/01400.jpg,90
95,57,681,360,42,Bentley Continental GT Coupe 2012,01401.jpg,C:/Users/seanf/Desktop/archive/cars_train/cars_train/01401.jpg,42
41,60,226,165,118,GMC Terrain SUV 2012,01402.jpg,C:/Users/seanf/Desktop/archive/cars_train/cars_train/01402.jpg,179
16,41,399,300,14,Audi TTS Coupe 2012,01403.jpg,C:/Users/seanf/Desktop/archive/cars_train/cars_train/01403.jpg,0
436,574,1465,940,163,Mercedes-Benz SL-Class Coupe 2009,01404.jpg,C:/Users/seanf/Desktop/archive/cars_train/cars_train/01404.jpg,111
16,52,386,252,155,Land Rover LR2 SUV 2012,01405.jpg,C:/Users/seanf/Desktop/archive/cars_train/cars_train/01405.jpg,97
103,134,905,551,144,Jaguar XK XKR 2012,01406.jpg,C:/Users/seanf/Desktop/archive/cars_train/cars_train/01406.jpg,89
51,44,506,263,99,FIAT 500 Abarth 2012,01407.jpg,C:/Users/seanf/Desktop/archive/cars_train/cars_train/01407.jpg,135
27,52,253,151,190,Volkswagen Golf Hatchback 2012,01408.jpg,C:/Users/seanf/Desktop/archive/cars_train/cars_train/01408.jpg,51
39,24,498,242,43,Bentley Continental GT Coupe 2007,01409.jpg,C:/Users/seanf/Desktop/archive/cars_train/cars_train/01409.jpg,65
172,80,448,306,109,Ford Expedition EL SUV 2009,01410.jpg,C:/Users/seanf/Desktop/archive/cars_train/cars_train/01410.jpg,87
42,207,760,469,55,Chevrolet Corvette Convertible 2012,01411.jpg,C:/Users/seanf/Desktop/archive/cars_train/cars_train/01411.jpg,148
41,71,554,458,133,Hyundai Veracruz SUV 2012,01412.jpg,C:/Users/seanf/Desktop/archive/cars_train/cars_train/01412.jpg,30
24,46,290,188,8,Aston Martin V8 Vantage Convertible 2012,01413.jpg,C:/Users/seanf/Desktop/archive/cars_train/cars_train/01413.jpg,54
12,84,636,479,91,Dodge Dakota Club Cab 2007,01414.jpg,C:/Users/seanf/Desktop/archive/cars_train/cars_train/01414.jpg,2
9,25,291,163,25,Audi TT RS Coupe 2012,01415.jpg,C:/Users/seanf/Desktop/archive/cars_train/cars_train/01415.jpg,39
54,81,728,422,7,Acura ZDX Hatchback 2012,01416.jpg,C:/Users/seanf/Desktop/archive/cars_train/cars_train/01416.jpg,139
31,90,613,360,156,Lincoln Town Car Sedan 2011,01417.jpg,C:/Users/seanf/Desktop/archive/cars_train/cars_train/01417.jpg,153
99,158,825,585,84,Dodge Caliber Wagon 2007,01418.jpg,C:/Users/seanf/Desktop/archive/cars_train/cars_train/01418.jpg,137
11,8,110,68,70,Chevrolet Silverado 1500 Classic Extended Cab 2007,01419.jpg,C:/Users/seanf/Desktop/archive/cars_train/cars_train/01419.jpg,171
184,261,1164,703,164,Mercedes-Benz E-Class Sedan 2012,01420.jpg,C:/Users/seanf/Desktop/archive/cars_train/cars_train/01420.jpg,177
4,17,593,269,97,Dodge Charger SRT-8 2009,01421.jpg,C:/Users/seanf/Desktop/archive/cars_train/cars_train/01421.jpg,33
58,44,250,180,128,Honda Accord Coupe 2012,01422.jpg,C:/Users/seanf/Desktop/archive/cars_train/cars_train/01422.jpg,126
51,115,606,399,27,BMW 1 Series Convertible 2012,01423.jpg,C:/Users/seanf/Desktop/archive/cars_train/cars_train/01423.jpg,192
1,14,352,256,123,Geo Metro Convertible 1993,01424.jpg,C:/Users/seanf/Desktop/archive/cars_train/cars_train/01424.jpg,5
25,117,1015,536,11,Aston Martin Virage Coupe 2012,01425.jpg,C:/Users/seanf/Desktop/archive/cars_train/cars_train/01425.jpg,128
47,57,612,353,104,Ferrari 458 Italia Coupe 2012,01426.jpg,C:/Users/seanf/Desktop/archive/cars_train/cars_train/01426.jpg,31
347,476,4243,2904,149,Jeep Compass SUV 2012,01427.jpg,C:/Users/seanf/Desktop/archive/cars_train/cars_train/01427.jpg,102
68,71,238,187,59,Chevrolet Camaro Convertible 2012,01428.jpg,C:/Users/seanf/Desktop/archive/cars_train/cars_train/01428.jpg,63
14,90,490,320,127,Honda Odyssey Minivan 2007,01429.jpg,C:/Users/seanf/Desktop/archive/cars_train/cars_train/01429.jpg,157
19,54,383,253,74,Chevrolet Silverado 1500 Extended Cab 2012,01430.jpg,C:/Users/seanf/Desktop/archive/cars_train/cars_train/01430.jpg,78
17,158,779,462,194,Volvo 240 Sedan 1993,01431.jpg,C:/Users/seanf/Desktop/archive/cars_train/cars_train/01431.jpg,23
40,128,594,352,70,Chevrolet Silverado 1500 Classic Extended Cab 2007,01432.jpg,C:/Users/seanf/Desktop/archive/cars_train/cars_train/01432.jpg,171
10,60,296,178,47,Buick Regal GS 2012,01433.jpg,C:/Users/seanf/Desktop/archive/cars_train/cars_train/01433.jpg,100
52,96,754,498,98,Eagle Talon Hatchback 1998,01434.jpg,C:/Users/seanf/Desktop/archive/cars_train/cars_train/01434.jpg,185
297,191,1758,1043,189,Toyota 4Runner SUV 2012,01435.jpg,C:/Users/seanf/Desktop/archive/cars_train/cars_train/01435.jpg,120
228,207,531,332,160,McLaren MP4-12C Coupe 2012,01436.jpg,C:/Users/seanf/Desktop/archive/cars_train/cars_train/01436.jpg,116
1,87,629,404,80,Chrysler Crossfire Convertible 2008,01437.jpg,C:/Users/seanf/Desktop/archive/cars_train/cars_train/01437.jpg,175
16,132,768,574,33,BMW X6 SUV 2012,01438.jpg,C:/Users/seanf/Desktop/archive/cars_train/cars_train/01438.jpg,187
47,72,444,317,93,Dodge Challenger SRT8 2011,01439.jpg,C:/Users/seanf/Desktop/archive/cars_train/cars_train/01439.jpg,117
29,34,203,158,88,Dodge Sprinter Cargo Van 2009,01440.jpg,C:/Users/seanf/Desktop/archive/cars_train/cars_train/01440.jpg,81
126,118,768,538,148,Jeep Grand Cherokee SUV 2012,01441.jpg,C:/Users/seanf/Desktop/archive/cars_train/cars_train/01441.jpg,43
63,81,771,552,166,Mercedes-Benz Sprinter Van 2012,01442.jpg,C:/Users/seanf/Desktop/archive/cars_train/cars_train/01442.jpg,162
120,130,475,312,34,BMW M3 Coupe 2012,01443.jpg,C:/Users/seanf/Desktop/archive/cars_train/cars_train/01443.jpg,184
1,56,402,248,52,Cadillac SRX SUV 2012,01444.jpg,C:/Users/seanf/Desktop/archive/cars_train/cars_train/01444.jpg,189
102,150,659,414,143,Isuzu Ascender SUV 2008,01445.jpg,C:/Users/seanf/Desktop/archive/cars_train/cars_train/01445.jpg,91
28,235,1597,1135,144,Jaguar XK XKR 2012,01446.jpg,C:/Users/seanf/Desktop/archive/cars_train/cars_train/01446.jpg,89
4,5,275,176,53,Cadillac Escalade EXT Crew Cab 2007,01447.jpg,C:/Users/seanf/Desktop/archive/cars_train/cars_train/01447.jpg,45
17,20,265,162,110,Ford Edge SUV 2012,01448.jpg,C:/Users/seanf/Desktop/archive/cars_train/cars_train/01448.jpg,64
11,21,325,216,189,Toyota 4Runner SUV 2012,01449.jpg,C:/Users/seanf/Desktop/archive/cars_train/cars_train/01449.jpg,120
53,140,570,338,15,Audi R8 Coupe 2012,01450.jpg,C:/Users/seanf/Desktop/archive/cars_train/cars_train/01450.jpg,44
24,247,2044,911,158,Maybach Landaulet Convertible 2012,01451.jpg,C:/Users/seanf/Desktop/archive/cars_train/cars_train/01451.jpg,158
17,93,639,360,91,Dodge Dakota Club Cab 2007,01452.jpg,C:/Users/seanf/Desktop/archive/cars_train/cars_train/01452.jpg,2
38,105,754,457,192,Volkswagen Beetle Hatchback 2012,01453.jpg,C:/Users/seanf/Desktop/archive/cars_train/cars_train/01453.jpg,17
9,17,281,172,122,GMC Canyon Extended Cab 2012,01454.jpg,C:/Users/seanf/Desktop/archive/cars_train/cars_train/01454.jpg,57
20,140,599,351,144,Jaguar XK XKR 2012,01455.jpg,C:/Users/seanf/Desktop/archive/cars_train/cars_train/01455.jpg,89
35,63,464,331,120,GMC Yukon Hybrid SUV 2012,01456.jpg,C:/Users/seanf/Desktop/archive/cars_train/cars_train/01456.jpg,21
164,95,506,343,15,Audi R8 Coupe 2012,01457.jpg,C:/Users/seanf/Desktop/archive/cars_train/cars_train/01457.jpg,44
18,279,1003,752,113,Ford F-150 Regular Cab 2012,01458.jpg,C:/Users/seanf/Desktop/archive/cars_train/cars_train/01458.jpg,167
37,61,487,342,62,Chevrolet Tahoe Hybrid SUV 2012,01459.jpg,C:/Users/seanf/Desktop/archive/cars_train/cars_train/01459.jpg,161
5,9,118,67,174,Ram C/V Cargo Van Minivan 2012,01460.jpg,C:/Users/seanf/Desktop/archive/cars_train/cars_train/01460.jpg,103
5,193,1994,1276,96,Dodge Charger Sedan 2012,01461.jpg,C:/Users/seanf/Desktop/archive/cars_train/cars_train/01461.jpg,7
26,14,1015,750,146,Jeep Wrangler SUV 2012,01462.jpg,C:/Users/seanf/Desktop/archive/cars_train/cars_train/01462.jpg,173
16,50,237,163,165,Mercedes-Benz S-Class Sedan 2012,01463.jpg,C:/Users/seanf/Desktop/archive/cars_train/cars_train/01463.jpg,70
50,64,584,364,193,Volvo C30 Hatchback 2012,01464.jpg,C:/Users/seanf/Desktop/archive/cars_train/cars_train/01464.jpg,14
10,3,594,234,115,Ford Focus Sedan 2007,01465.jpg,C:/Users/seanf/Desktop/archive/cars_train/cars_train/01465.jpg,169
61,68,488,294,142,Infiniti QX56 SUV 2011,01466.jpg,C:/Users/seanf/Desktop/archive/cars_train/cars_train/01466.jpg,35
27,55,376,284,178,Scion xD Hatchback 2012,01467.jpg,C:/Users/seanf/Desktop/archive/cars_train/cars_train/01467.jpg,93
78,164,411,284,7,Acura ZDX Hatchback 2012,01468.jpg,C:/Users/seanf/Desktop/archive/cars_train/cars_train/01468.jpg,139
10,8,596,312,36,BMW M6 Convertible 2010,01469.jpg,C:/Users/seanf/Desktop/archive/cars_train/cars_train/01469.jpg,20
108,591,1127,1107,167,Mitsubishi Lancer Sedan 2012,01470.jpg,C:/Users/seanf/Desktop/archive/cars_train/cars_train/01470.jpg,8
45,59,585,449,65,Chevrolet Avalanche Crew Cab 2012,01471.jpg,C:/Users/seanf/Desktop/archive/cars_train/cars_train/01471.jpg,47
9,107,770,434,189,Toyota 4Runner SUV 2012,01472.jpg,C:/Users/seanf/Desktop/archive/cars_train/cars_train/01472.jpg,120
17,9,284,188,33,BMW X6 SUV 2012,01473.jpg,C:/Users/seanf/Desktop/archive/cars_train/cars_train/01473.jpg,187
83,80,508,321,154,Land Rover Range Rover SUV 2012,01474.jpg,C:/Users/seanf/Desktop/archive/cars_train/cars_train/01474.jpg,27
10,49,595,311,139,Hyundai Elantra Touring Hatchback 2012,01475.jpg,C:/Users/seanf/Desktop/archive/cars_train/cars_train/01475.jpg,28
49,30,417,278,177,Rolls-Royce Phantom Sedan 2012,01476.jpg,C:/Users/seanf/Desktop/archive/cars_train/cars_train/01476.jpg,40
1,25,258,180,70,Chevrolet Silverado 1500 Classic Extended Cab 2007,01477.jpg,C:/Users/seanf/Desktop/archive/cars_train/cars_train/01477.jpg,171
92,122,666,457,116,Ford E-Series Wagon Van 2012,01478.jpg,C:/Users/seanf/Desktop/archive/cars_train/cars_train/01478.jpg,67
224,118,519,300,184,Suzuki SX4 Sedan 2012,01479.jpg,C:/Users/seanf/Desktop/archive/cars_train/cars_train/01479.jpg,24
126,72,666,471,141,Infiniti G Coupe IPL 2012,01480.jpg,C:/Users/seanf/Desktop/archive/cars_train/cars_train/01480.jpg,136
26,78,605,452,87,Dodge Ram Pickup 3500 Quad Cab 2009,01481.jpg,C:/Users/seanf/Desktop/archive/cars_train/cars_train/01481.jpg,155
3,22,269,165,109,Ford Expedition EL SUV 2009,01482.jpg,C:/Users/seanf/Desktop/archive/cars_train/cars_train/01482.jpg,87
427,397,1669,982,8,Aston Martin V8 Vantage Convertible 2012,01483.jpg,C:/Users/seanf/Desktop/archive/cars_train/cars_train/01483.jpg,54
102,171,357,323,46,Bugatti Veyron 16.4 Coupe 2009,01484.jpg,C:/Users/seanf/Desktop/archive/cars_train/cars_train/01484.jpg,149
78,88,747,466,43,Bentley Continental GT Coupe 2007,01485.jpg,C:/Users/seanf/Desktop/archive/cars_train/cars_train/01485.jpg,65
91,127,284,186,15,Audi R8 Coupe 2012,01486.jpg,C:/Users/seanf/Desktop/archive/cars_train/cars_train/01486.jpg,44
95,244,1561,1041,79,Chrysler 300 SRT-8 2010,01487.jpg,C:/Users/seanf/Desktop/archive/cars_train/cars_train/01487.jpg,19
42,189,739,472,182,Suzuki Kizashi Sedan 2012,01488.jpg,C:/Users/seanf/Desktop/archive/cars_train/cars_train/01488.jpg,160
133,169,967,647,34,BMW M3 Coupe 2012,01489.jpg,C:/Users/seanf/Desktop/archive/cars_train/cars_train/01489.jpg,184
20,18,619,260,185,Tesla Model S Sedan 2012,01490.jpg,C:/Users/seanf/Desktop/archive/cars_train/cars_train/01490.jpg,150
26,63,362,233,150,Lamborghini Reventon Coupe 2008,01491.jpg,C:/Users/seanf/Desktop/archive/cars_train/cars_train/01491.jpg,188
78,104,719,507,148,Jeep Grand Cherokee SUV 2012,01492.jpg,C:/Users/seanf/Desktop/archive/cars_train/cars_train/01492.jpg,43
62,81,257,185,29,BMW 3 Series Sedan 2012,01493.jpg,C:/Users/seanf/Desktop/archive/cars_train/cars_train/01493.jpg,59
24,53,247,133,16,Audi V8 Sedan 1994,01494.jpg,C:/Users/seanf/Desktop/archive/cars_train/cars_train/01494.jpg,124
35,73,639,367,156,Lincoln Town Car Sedan 2011,01495.jpg,C:/Users/seanf/Desktop/archive/cars_train/cars_train/01495.jpg,153
51,91,530,316,15,Audi R8 Coupe 2012,01496.jpg,C:/Users/seanf/Desktop/archive/cars_train/cars_train/01496.jpg,44
32,74,613,424,89,Dodge Journey SUV 2012,01497.jpg,C:/Users/seanf/Desktop/archive/cars_train/cars_train/01497.jpg,6
53,71,563,407,178,Scion xD Hatchback 2012,01498.jpg,C:/Users/seanf/Desktop/archive/cars_train/cars_train/01498.jpg,93
19,115,627,330,153,Lamborghini Diablo Coupe 2001,01499.jpg,C:/Users/seanf/Desktop/archive/cars_train/cars_train/01499.jpg,143
47,63,380,256,28,BMW 1 Series Coupe 2012,01500.jpg,C:/Users/seanf/Desktop/archive/cars_train/cars_train/01500.jpg,88
72,284,1145,738,176,Rolls-Royce Ghost Sedan 2012,01501.jpg,C:/Users/seanf/Desktop/archive/cars_train/cars_train/01501.jpg,106
6,3,158,77,17,Audi 100 Sedan 1994,01502.jpg,C:/Users/seanf/Desktop/archive/cars_train/cars_train/01502.jpg,55
84,79,668,313,141,Infiniti G Coupe IPL 2012,01503.jpg,C:/Users/seanf/Desktop/archive/cars_train/cars_train/01503.jpg,136
28,64,452,280,130,Hyundai Veloster Hatchback 2012,01504.jpg,C:/Users/seanf/Desktop/archive/cars_train/cars_train/01504.jpg,152
38,3,229,95,158,Maybach Landaulet Convertible 2012,01505.jpg,C:/Users/seanf/Desktop/archive/cars_train/cars_train/01505.jpg,158
77,269,1916,1194,10,Aston Martin Virage Convertible 2012,01506.jpg,C:/Users/seanf/Desktop/archive/cars_train/cars_train/01506.jpg,133
37,49,773,325,184,Suzuki SX4 Sedan 2012,01507.jpg,C:/Users/seanf/Desktop/archive/cars_train/cars_train/01507.jpg,24
33,20,201,106,136,Hyundai Accent Sedan 2012,01508.jpg,C:/Users/seanf/Desktop/archive/cars_train/cars_train/01508.jpg,90
67,97,496,272,51,Cadillac CTS-V Sedan 2012,01509.jpg,C:/Users/seanf/Desktop/archive/cars_train/cars_train/01509.jpg,74
116,92,387,210,180,Spyker C8 Coupe 2009,01510.jpg,C:/Users/seanf/Desktop/archive/cars_train/cars_train/01510.jpg,26
32,93,615,390,52,Cadillac SRX SUV 2012,01511.jpg,C:/Users/seanf/Desktop/archive/cars_train/cars_train/01511.jpg,189
233,327,1141,713,26,BMW ActiveHybrid 5 Sedan 2012,01512.jpg,C:/Users/seanf/Desktop/archive/cars_train/cars_train/01512.jpg,140
74,115,601,399,195,Volvo XC90 SUV 2007,01513.jpg,C:/Users/seanf/Desktop/archive/cars_train/cars_train/01513.jpg,131
18,59,444,292,127,Honda Odyssey Minivan 2007,01514.jpg,C:/Users/seanf/Desktop/archive/cars_train/cars_train/01514.jpg,157
51,157,994,606,22,Audi S5 Coupe 2012,01515.jpg,C:/Users/seanf/Desktop/archive/cars_train/cars_train/01515.jpg,164
24,47,239,160,104,Ferrari 458 Italia Coupe 2012,01516.jpg,C:/Users/seanf/Desktop/archive/cars_train/cars_train/01516.jpg,31
131,261,1071,733,169,Nissan NV Passenger Van 2012,01517.jpg,C:/Users/seanf/Desktop/archive/cars_train/cars_train/01517.jpg,156
24,98,573,352,194,Volvo 240 Sedan 1993,01518.jpg,C:/Users/seanf/Desktop/archive/cars_train/cars_train/01518.jpg,23
45,241,990,556,51,Cadillac CTS-V Sedan 2012,01519.jpg,C:/Users/seanf/Desktop/archive/cars_train/cars_train/01519.jpg,74
14,29,213,105,29,BMW 3 Series Sedan 2012,01520.jpg,C:/Users/seanf/Desktop/archive/cars_train/cars_train/01520.jpg,59
123,187,494,324,151,Lamborghini Aventador Coupe 2012,01521.jpg,C:/Users/seanf/Desktop/archive/cars_train/cars_train/01521.jpg,154
16,56,258,173,40,Bentley Arnage Sedan 2009,01522.jpg,C:/Users/seanf/Desktop/archive/cars_train/cars_train/01522.jpg,95
67,71,713,451,183,Suzuki SX4 Hatchback 2012,01523.jpg,C:/Users/seanf/Desktop/archive/cars_train/cars_train/01523.jpg,118
3,47,500,282,22,Audi S5 Coupe 2012,01524.jpg,C:/Users/seanf/Desktop/archive/cars_train/cars_train/01524.jpg,164
42,8,465,280,100,FIAT 500 Convertible 2012,01525.jpg,C:/Users/seanf/Desktop/archive/cars_train/cars_train/01525.jpg,151
240,46,740,302,97,Dodge Charger SRT-8 2009,01526.jpg,C:/Users/seanf/Desktop/archive/cars_train/cars_train/01526.jpg,33
25,35,581,387,96,Dodge Charger Sedan 2012,01527.jpg,C:/Users/seanf/Desktop/archive/cars_train/cars_train/01527.jpg,7
24,38,276,179,131,Hyundai Santa Fe SUV 2012,01528.jpg,C:/Users/seanf/Desktop/archive/cars_train/cars_train/01528.jpg,80
40,65,774,494,154,Land Rover Range Rover SUV 2012,01529.jpg,C:/Users/seanf/Desktop/archive/cars_train/cars_train/01529.jpg,27
79,259,924,699,182,Suzuki Kizashi Sedan 2012,01530.jpg,C:/Users/seanf/Desktop/archive/cars_train/cars_train/01530.jpg,160
15,28,251,181,188,Toyota Corolla Sedan 2012,01531.jpg,C:/Users/seanf/Desktop/archive/cars_train/cars_train/01531.jpg,62
76,37,652,500,95,Dodge Durango SUV 2007,01532.jpg,C:/Users/seanf/Desktop/archive/cars_train/cars_train/01532.jpg,193
35,66,573,420,65,Chevrolet Avalanche Crew Cab 2012,01533.jpg,C:/Users/seanf/Desktop/archive/cars_train/cars_train/01533.jpg,47
128,185,901,623,19,Audi TT Hatchback 2011,01534.jpg,C:/Users/seanf/Desktop/archive/cars_train/cars_train/01534.jpg,110
8,29,444,213,2,Acura RL Sedan 2012,01535.jpg,C:/Users/seanf/Desktop/archive/cars_train/cars_train/01535.jpg,191
44,15,234,175,125,HUMMER H2 SUT Crew Cab 2009,01536.jpg,C:/Users/seanf/Desktop/archive/cars_train/cars_train/01536.jpg,115
79,163,539,393,7,Acura ZDX Hatchback 2012,01537.jpg,C:/Users/seanf/Desktop/archive/cars_train/cars_train/01537.jpg,139
51,112,976,667,79,Chrysler 300 SRT-8 2010,01538.jpg,C:/Users/seanf/Desktop/archive/cars_train/cars_train/01538.jpg,19
20,47,295,196,195,Volvo XC90 SUV 2007,01539.jpg,C:/Users/seanf/Desktop/archive/cars_train/cars_train/01539.jpg,131
9,27,187,120,190,Volkswagen Golf Hatchback 2012,01540.jpg,C:/Users/seanf/Desktop/archive/cars_train/cars_train/01540.jpg,51
34,89,402,261,88,Dodge Sprinter Cargo Van 2009,01541.jpg,C:/Users/seanf/Desktop/archive/cars_train/cars_train/01541.jpg,81
78,59,557,402,73,Chevrolet Malibu Sedan 2007,01542.jpg,C:/Users/seanf/Desktop/archive/cars_train/cars_train/01542.jpg,16
14,44,250,169,162,Mercedes-Benz C-Class Sedan 2012,01543.jpg,C:/Users/seanf/Desktop/archive/cars_train/cars_train/01543.jpg,79
57,53,293,236,71,Chevrolet Express Van 2007,01544.jpg,C:/Users/seanf/Desktop/archive/cars_train/cars_train/01544.jpg,76
91,45,721,538,93,Dodge Challenger SRT8 2011,01545.jpg,C:/Users/seanf/Desktop/archive/cars_train/cars_train/01545.jpg,117
85,174,967,654,75,Chevrolet Silverado 1500 Regular Cab 2012,01546.jpg,C:/Users/seanf/Desktop/archive/cars_train/cars_train/01546.jpg,159
90,65,878,403,94,Dodge Durango SUV 2012,01547.jpg,C:/Users/seanf/Desktop/archive/cars_train/cars_train/01547.jpg,61
603,287,1435,711,167,Mitsubishi Lancer Sedan 2012,01548.jpg,C:/Users/seanf/Desktop/archive/cars_train/cars_train/01548.jpg,8
1,3,799,600,112,Ford GT Coupe 2006,01549.jpg,C:/Users/seanf/Desktop/archive/cars_train/cars_train/01549.jpg,73
156,192,572,336,187,Toyota Camry Sedan 2012,01550.jpg,C:/Users/seanf/Desktop/archive/cars_train/cars_train/01550.jpg,53
85,51,397,206,163,Mercedes-Benz SL-Class Coupe 2009,01551.jpg,C:/Users/seanf/Desktop/archive/cars_train/cars_train/01551.jpg,111
84,100,508,335,41,Bentley Mulsanne Sedan 2011,01552.jpg,C:/Users/seanf/Desktop/archive/cars_train/cars_train/01552.jpg,109
109,63,488,350,28,BMW 1 Series Coupe 2012,01553.jpg,C:/Users/seanf/Desktop/archive/cars_train/cars_train/01553.jpg,88
43,154,551,323,173,Porsche Panamera Sedan 2012,01554.jpg,C:/Users/seanf/Desktop/archive/cars_train/cars_train/01554.jpg,41
22,91,287,185,114,Ford F-150 Regular Cab 2007,01555.jpg,C:/Users/seanf/Desktop/archive/cars_train/cars_train/01555.jpg,50
14,67,612,443,81,Chrysler PT Cruiser Convertible 2008,01556.jpg,C:/Users/seanf/Desktop/archive/cars_train/cars_train/01556.jpg,182
17,73,631,431,50,Buick Enclave SUV 2012,01557.jpg,C:/Users/seanf/Desktop/archive/cars_train/cars_train/01557.jpg,113
188,220,434,348,101,Ferrari FF Coupe 2012,01558.jpg,C:/Users/seanf/Desktop/archive/cars_train/cars_train/01558.jpg,52
45,77,592,479,78,Chrysler Town and Country Minivan 2012,01559.jpg,C:/Users/seanf/Desktop/archive/cars_train/cars_train/01559.jpg,195
89,71,606,464,119,GMC Savana Van 2012,01560.jpg,C:/Users/seanf/Desktop/archive/cars_train/cars_train/01560.jpg,38
37,186,1235,884,170,Nissan Juke Hatchback 2012,01561.jpg,C:/Users/seanf/Desktop/archive/cars_train/cars_train/01561.jpg,22
106,1,552,242,116,Ford E-Series Wagon Van 2012,01562.jpg,C:/Users/seanf/Desktop/archive/cars_train/cars_train/01562.jpg,67
15,27,480,344,146,Jeep Wrangler SUV 2012,01563.jpg,C:/Users/seanf/Desktop/archive/cars_train/cars_train/01563.jpg,173
52,83,564,375,162,Mercedes-Benz C-Class Sedan 2012,01564.jpg,C:/Users/seanf/Desktop/archive/cars_train/cars_train/01564.jpg,79
13,46,321,194,165,Mercedes-Benz S-Class Sedan 2012,01565.jpg,C:/Users/seanf/Desktop/archive/cars_train/cars_train/01565.jpg,70
39,68,579,402,187,Toyota Camry Sedan 2012,01566.jpg,C:/Users/seanf/Desktop/archive/cars_train/cars_train/01566.jpg,53
87,207,567,446,176,Rolls-Royce Ghost Sedan 2012,01567.jpg,C:/Users/seanf/Desktop/archive/cars_train/cars_train/01567.jpg,106
16,9,618,414,37,BMW X3 SUV 2012,01568.jpg,C:/Users/seanf/Desktop/archive/cars_train/cars_train/01568.jpg,75
57,128,524,336,173,Porsche Panamera Sedan 2012,01569.jpg,C:/Users/seanf/Desktop/archive/cars_train/cars_train/01569.jpg,41
39,44,231,153,136,Hyundai Accent Sedan 2012,01570.jpg,C:/Users/seanf/Desktop/archive/cars_train/cars_train/01570.jpg,90
48,120,589,371,172,Plymouth Neon Coupe 1999,01571.jpg,C:/Users/seanf/Desktop/archive/cars_train/cars_train/01571.jpg,15
4,70,555,319,80,Chrysler Crossfire Convertible 2008,01572.jpg,C:/Users/seanf/Desktop/archive/cars_train/cars_train/01572.jpg,175
47,180,940,680,55,Chevrolet Corvette Convertible 2012,01573.jpg,C:/Users/seanf/Desktop/archive/cars_train/cars_train/01573.jpg,148
151,114,689,349,103,Ferrari 458 Italia Convertible 2012,01574.jpg,C:/Users/seanf/Desktop/archive/cars_train/cars_train/01574.jpg,146
116,134,477,328,104,Ferrari 458 Italia Coupe 2012,01575.jpg,C:/Users/seanf/Desktop/archive/cars_train/cars_train/01575.jpg,31
246,339,1215,788,93,Dodge Challenger SRT8 2011,01576.jpg,C:/Users/seanf/Desktop/archive/cars_train/cars_train/01576.jpg,117
4,109,580,329,80,Chrysler Crossfire Convertible 2008,01577.jpg,C:/Users/seanf/Desktop/archive/cars_train/cars_train/01577.jpg,175
47,82,614,378,11,Aston Martin Virage Coupe 2012,01578.jpg,C:/Users/seanf/Desktop/archive/cars_train/cars_train/01578.jpg,128
190,780,3349,1956,37,BMW X3 SUV 2012,01579.jpg,C:/Users/seanf/Desktop/archive/cars_train/cars_train/01579.jpg,75
46,12,260,170,33,BMW X6 SUV 2012,01580.jpg,C:/Users/seanf/Desktop/archive/cars_train/cars_train/01580.jpg,187
29,35,560,358,11,Aston Martin Virage Coupe 2012,01581.jpg,C:/Users/seanf/Desktop/archive/cars_train/cars_train/01581.jpg,128
18,100,996,564,35,BMW M5 Sedan 2010,01582.jpg,C:/Users/seanf/Desktop/archive/cars_train/cars_train/01582.jpg,194
91,61,543,408,121,GMC Acadia SUV 2012,01583.jpg,C:/Users/seanf/Desktop/archive/cars_train/cars_train/01583.jpg,82
151,337,1315,1063,176,Rolls-Royce Ghost Sedan 2012,01584.jpg,C:/Users/seanf/Desktop/archive/cars_train/cars_train/01584.jpg,106
207,205,782,471,153,Lamborghini Diablo Coupe 2001,01585.jpg,C:/Users/seanf/Desktop/archive/cars_train/cars_train/01585.jpg,143
33,1,183,193,151,Lamborghini Aventador Coupe 2012,01586.jpg,C:/Users/seanf/Desktop/archive/cars_train/cars_train/01586.jpg,154
32,162,2577,1730,170,Nissan Juke Hatchback 2012,01587.jpg,C:/Users/seanf/Desktop/archive/cars_train/cars_train/01587.jpg,22
21,77,590,339,103,Ferrari 458 Italia Convertible 2012,01588.jpg,C:/Users/seanf/Desktop/archive/cars_train/cars_train/01588.jpg,146
35,120,605,413,15,Audi R8 Coupe 2012,01589.jpg,C:/Users/seanf/Desktop/archive/cars_train/cars_train/01589.jpg,44
35,147,665,360,187,Toyota Camry Sedan 2012,01590.jpg,C:/Users/seanf/Desktop/archive/cars_train/cars_train/01590.jpg,53
41,60,216,158,18,Audi 100 Wagon 1994,01591.jpg,C:/Users/seanf/Desktop/archive/cars_train/cars_train/01591.jpg,66
73,105,282,256,146,Jeep Wrangler SUV 2012,01592.jpg,C:/Users/seanf/Desktop/archive/cars_train/cars_train/01592.jpg,173
48,55,744,559,38,BMW Z4 Convertible 2012,01593.jpg,C:/Users/seanf/Desktop/archive/cars_train/cars_train/01593.jpg,32
366,327,2257,1427,183,Suzuki SX4 Hatchback 2012,01594.jpg,C:/Users/seanf/Desktop/archive/cars_train/cars_train/01594.jpg,118
35,54,595,415,195,Volvo XC90 SUV 2007,01595.jpg,C:/Users/seanf/Desktop/archive/cars_train/cars_train/01595.jpg,131
14,45,434,305,163,Mercedes-Benz SL-Class Coupe 2009,01596.jpg,C:/Users/seanf/Desktop/archive/cars_train/cars_train/01596.jpg,111
47,72,556,371,120,GMC Yukon Hybrid SUV 2012,01597.jpg,C:/Users/seanf/Desktop/archive/cars_train/cars_train/01597.jpg,21
179,121,488,406,111,Ford Ranger SuperCab 2011,01598.jpg,C:/Users/seanf/Desktop/archive/cars_train/cars_train/01598.jpg,56
19,41,249,115,72,Chevrolet Monte Carlo Coupe 2007,01599.jpg,C:/Users/seanf/Desktop/archive/cars_train/cars_train/01599.jpg,130
30,73,619,401,24,Audi S4 Sedan 2007,01600.jpg,C:/Users/seanf/Desktop/archive/cars_train/cars_train/01600.jpg,105
63,46,742,328,121,GMC Acadia SUV 2012,01601.jpg,C:/Users/seanf/Desktop/archive/cars_train/cars_train/01601.jpg,82
207,111,836,430,154,Land Rover Range Rover SUV 2012,01602.jpg,C:/Users/seanf/Desktop/archive/cars_train/cars_train/01602.jpg,27
12,23,246,159,143,Isuzu Ascender SUV 2008,01603.jpg,C:/Users/seanf/Desktop/archive/cars_train/cars_train/01603.jpg,91
50,93,696,403,49,Buick Verano Sedan 2012,01604.jpg,C:/Users/seanf/Desktop/archive/cars_train/cars_train/01604.jpg,10
30,29,216,150,72,Chevrolet Monte Carlo Coupe 2007,01605.jpg,C:/Users/seanf/Desktop/archive/cars_train/cars_train/01605.jpg,130
12,35,278,183,80,Chrysler Crossfire Convertible 2008,01606.jpg,C:/Users/seanf/Desktop/archive/cars_train/cars_train/01606.jpg,175
26,130,681,441,179,Spyker C8 Convertible 2009,01607.jpg,C:/Users/seanf/Desktop/archive/cars_train/cars_train/01607.jpg,104
6,40,250,157,13,Audi A5 Coupe 2012,01608.jpg,C:/Users/seanf/Desktop/archive/cars_train/cars_train/01608.jpg,36
4,9,98,76,18,Audi 100 Wagon 1994,01609.jpg,C:/Users/seanf/Desktop/archive/cars_train/cars_train/01609.jpg,66
94,94,2407,1422,40,Bentley Arnage Sedan 2009,01610.jpg,C:/Users/seanf/Desktop/archive/cars_train/cars_train/01610.jpg,95
6,28,296,207,99,FIAT 500 Abarth 2012,01611.jpg,C:/Users/seanf/Desktop/archive/cars_train/cars_train/01611.jpg,135
70,54,387,191,69,Chevrolet Silverado 2500HD Regular Cab 2012,01612.jpg,C:/Users/seanf/Desktop/archive/cars_train/cars_train/01612.jpg,147
22,45,414,270,32,BMW X5 SUV 2007,01613.jpg,C:/Users/seanf/Desktop/archive/cars_train/cars_train/01613.jpg,172
27,62,594,239,47,Buick Regal GS 2012,01614.jpg,C:/Users/seanf/Desktop/archive/cars_train/cars_train/01614.jpg,100
41,130,564,336,52,Cadillac SRX SUV 2012,01615.jpg,C:/Users/seanf/Desktop/archive/cars_train/cars_train/01615.jpg,189
133,190,1788,951,83,Dodge Caliber Wagon 2012,01616.jpg,C:/Users/seanf/Desktop/archive/cars_train/cars_train/01616.jpg,84
62,150,543,339,6,Acura Integra Type R 2001,01617.jpg,C:/Users/seanf/Desktop/archive/cars_train/cars_train/01617.jpg,123
51,52,344,265,188,Toyota Corolla Sedan 2012,01618.jpg,C:/Users/seanf/Desktop/archive/cars_train/cars_train/01618.jpg,62
244,433,1321,1075,98,Eagle Talon Hatchback 1998,01619.jpg,C:/Users/seanf/Desktop/archive/cars_train/cars_train/01619.jpg,185
29,25,471,315,16,Audi V8 Sedan 1994,01620.jpg,C:/Users/seanf/Desktop/archive/cars_train/cars_train/01620.jpg,124
166,103,1402,1114,146,Jeep Wrangler SUV 2012,01621.jpg,C:/Users/seanf/Desktop/archive/cars_train/cars_train/01621.jpg,173
70,249,953,590,60,Chevrolet HHR SS 2010,01622.jpg,C:/Users/seanf/Desktop/archive/cars_train/cars_train/01622.jpg,96
18,13,343,283,136,Hyundai Accent Sedan 2012,01623.jpg,C:/Users/seanf/Desktop/archive/cars_train/cars_train/01623.jpg,90
54,89,494,307,29,BMW 3 Series Sedan 2012,01624.jpg,C:/Users/seanf/Desktop/archive/cars_train/cars_train/01624.jpg,59
76,136,1546,988,156,Lincoln Town Car Sedan 2011,01625.jpg,C:/Users/seanf/Desktop/archive/cars_train/cars_train/01625.jpg,153
79,95,578,428,121,GMC Acadia SUV 2012,01626.jpg,C:/Users/seanf/Desktop/archive/cars_train/cars_train/01626.jpg,82
35,32,238,163,54,Chevrolet Silverado 1500 Hybrid Crew Cab 2012,01627.jpg,C:/Users/seanf/Desktop/archive/cars_train/cars_train/01627.jpg,112
24,76,442,322,107,Ford Mustang Convertible 2007,01628.jpg,C:/Users/seanf/Desktop/archive/cars_train/cars_train/01628.jpg,132
78,34,585,404,180,Spyker C8 Coupe 2009,01629.jpg,C:/Users/seanf/Desktop/archive/cars_train/cars_train/01629.jpg,26
112,25,698,504,106,Ford F-450 Super Duty Crew Cab 2012,01630.jpg,C:/Users/seanf/Desktop/archive/cars_train/cars_train/01630.jpg,4
71,1,850,599,130,Hyundai Veloster Hatchback 2012,01631.jpg,C:/Users/seanf/Desktop/archive/cars_train/cars_train/01631.jpg,152
118,53,217,230,152,Lamborghini Gallardo LP 570-4 Superleggera 2012,01632.jpg,C:/Users/seanf/Desktop/archive/cars_train/cars_train/01632.jpg,176
196,108,460,266,157,MINI Cooper Roadster Convertible 2012,01633.jpg,C:/Users/seanf/Desktop/archive/cars_train/cars_train/01633.jpg,190
6,32,294,170,160,McLaren MP4-12C Coupe 2012,01634.jpg,C:/Users/seanf/Desktop/archive/cars_train/cars_train/01634.jpg,116
67,102,597,393,121,GMC Acadia SUV 2012,01635.jpg,C:/Users/seanf/Desktop/archive/cars_train/cars_train/01635.jpg,82
27,101,619,435,86,Dodge Ram Pickup 3500 Crew Cab 2010,01636.jpg,C:/Users/seanf/Desktop/archive/cars_train/cars_train/01636.jpg,25
78,105,498,255,128,Honda Accord Coupe 2012,01637.jpg,C:/Users/seanf/Desktop/archive/cars_train/cars_train/01637.jpg,126
14,28,225,150,82,Daewoo Nubira Wagon 2002,01638.jpg,C:/Users/seanf/Desktop/archive/cars_train/cars_train/01638.jpg,186
42,147,600,325,22,Audi S5 Coupe 2012,01639.jpg,C:/Users/seanf/Desktop/archive/cars_train/cars_train/01639.jpg,164
22,206,514,363,12,Audi RS 4 Convertible 2008,01640.jpg,C:/Users/seanf/Desktop/archive/cars_train/cars_train/01640.jpg,125
35,75,614,392,165,Mercedes-Benz S-Class Sedan 2012,01641.jpg,C:/Users/seanf/Desktop/archive/cars_train/cars_train/01641.jpg,70
13,122,480,286,126,Honda Odyssey Minivan 2012,01642.jpg,C:/Users/seanf/Desktop/archive/cars_train/cars_train/01642.jpg,60
70,52,503,266,20,Audi S6 Sedan 2011,01643.jpg,C:/Users/seanf/Desktop/archive/cars_train/cars_train/01643.jpg,69
65,73,504,316,19,Audi TT Hatchback 2011,01644.jpg,C:/Users/seanf/Desktop/archive/cars_train/cars_train/01644.jpg,110
20,21,409,278,83,Dodge Caliber Wagon 2012,01645.jpg,C:/Users/seanf/Desktop/archive/cars_train/cars_train/01645.jpg,84
123,395,944,774,107,Ford Mustang Convertible 2007,01646.jpg,C:/Users/seanf/Desktop/archive/cars_train/cars_train/01646.jpg,132
8,21,247,170,54,Chevrolet Silverado 1500 Hybrid Crew Cab 2012,01647.jpg,C:/Users/seanf/Desktop/archive/cars_train/cars_train/01647.jpg,112
29,35,236,167,131,Hyundai Santa Fe SUV 2012,01648.jpg,C:/Users/seanf/Desktop/archive/cars_train/cars_train/01648.jpg,80
25,140,615,336,74,Chevrolet Silverado 1500 Extended Cab 2012,01649.jpg,C:/Users/seanf/Desktop/archive/cars_train/cars_train/01649.jpg,78
28,27,277,155,40,Bentley Arnage Sedan 2009,01650.jpg,C:/Users/seanf/Desktop/archive/cars_train/cars_train/01650.jpg,95
74,79,331,273,76,Chrysler Aspen SUV 2009,01651.jpg,C:/Users/seanf/Desktop/archive/cars_train/cars_train/01651.jpg,99
47,18,259,156,65,Chevrolet Avalanche Crew Cab 2012,01652.jpg,C:/Users/seanf/Desktop/archive/cars_train/cars_train/01652.jpg,47
6,30,270,162,162,Mercedes-Benz C-Class Sedan 2012,01653.jpg,C:/Users/seanf/Desktop/archive/cars_train/cars_train/01653.jpg,79
76,290,1218,697,63,Chevrolet Sonic Sedan 2012,01654.jpg,C:/Users/seanf/Desktop/archive/cars_train/cars_train/01654.jpg,129
20,195,734,439,122,GMC Canyon Extended Cab 2012,01655.jpg,C:/Users/seanf/Desktop/archive/cars_train/cars_train/01655.jpg,57
29,2,273,159,32,BMW X5 SUV 2007,01656.jpg,C:/Users/seanf/Desktop/archive/cars_train/cars_train/01656.jpg,172
58,100,1333,814,149,Jeep Compass SUV 2012,01657.jpg,C:/Users/seanf/Desktop/archive/cars_train/cars_train/01657.jpg,102
15,55,439,263,175,Rolls-Royce Phantom Drophead Coupe Convertible 2012,01658.jpg,C:/Users/seanf/Desktop/archive/cars_train/cars_train/01658.jpg,72
177,382,1465,872,130,Hyundai Veloster Hatchback 2012,01659.jpg,C:/Users/seanf/Desktop/archive/cars_train/cars_train/01659.jpg,152
12,17,271,284,100,FIAT 500 Convertible 2012,01660.jpg,C:/Users/seanf/Desktop/archive/cars_train/cars_train/01660.jpg,151
178,214,901,658,1,AM General Hummer SUV 2000,01661.jpg,C:/Users/seanf/Desktop/archive/cars_train/cars_train/01661.jpg,107
30,36,734,240,173,Porsche Panamera Sedan 2012,01662.jpg,C:/Users/seanf/Desktop/archive/cars_train/cars_train/01662.jpg,41
8,77,500,268,27,BMW 1 Series Convertible 2012,01663.jpg,C:/Users/seanf/Desktop/archive/cars_train/cars_train/01663.jpg,192
21,16,493,262,126,Honda Odyssey Minivan 2012,01664.jpg,C:/Users/seanf/Desktop/archive/cars_train/cars_train/01664.jpg,60
57,70,651,355,138,Hyundai Sonata Sedan 2012,01665.jpg,C:/Users/seanf/Desktop/archive/cars_train/cars_train/01665.jpg,71
252,167,483,266,152,Lamborghini Gallardo LP 570-4 Superleggera 2012,01666.jpg,C:/Users/seanf/Desktop/archive/cars_train/cars_train/01666.jpg,176
42,61,433,288,146,Jeep Wrangler SUV 2012,01667.jpg,C:/Users/seanf/Desktop/archive/cars_train/cars_train/01667.jpg,173
24,156,448,419,119,GMC Savana Van 2012,01668.jpg,C:/Users/seanf/Desktop/archive/cars_train/cars_train/01668.jpg,38
24,71,611,423,133,Hyundai Veracruz SUV 2012,01669.jpg,C:/Users/seanf/Desktop/archive/cars_train/cars_train/01669.jpg,30
9,16,204,136,190,Volkswagen Golf Hatchback 2012,01670.jpg,C:/Users/seanf/Desktop/archive/cars_train/cars_train/01670.jpg,51
23,365,529,717,47,Buick Regal GS 2012,01671.jpg,C:/Users/seanf/Desktop/archive/cars_train/cars_train/01671.jpg,100
15,67,398,253,33,BMW X6 SUV 2012,01672.jpg,C:/Users/seanf/Desktop/archive/cars_train/cars_train/01672.jpg,187
56,146,575,403,81,Chrysler PT Cruiser Convertible 2008,01673.jpg,C:/Users/seanf/Desktop/archive/cars_train/cars_train/01673.jpg,182
180,43,870,713,167,Mitsubishi Lancer Sedan 2012,01674.jpg,C:/Users/seanf/Desktop/archive/cars_train/cars_train/01674.jpg,8
49,59,591,273,35,BMW M5 Sedan 2010,01675.jpg,C:/Users/seanf/Desktop/archive/cars_train/cars_train/01675.jpg,194
130,169,1537,1156,98,Eagle Talon Hatchback 1998,01676.jpg,C:/Users/seanf/Desktop/archive/cars_train/cars_train/01676.jpg,185
23,58,351,248,44,Bentley Continental Flying Spur Sedan 2007,01677.jpg,C:/Users/seanf/Desktop/archive/cars_train/cars_train/01677.jpg,46
82,95,416,268,10,Aston Martin Virage Convertible 2012,01678.jpg,C:/Users/seanf/Desktop/archive/cars_train/cars_train/01678.jpg,133
14,137,621,429,64,Chevrolet Express Cargo Van 2007,01679.jpg,C:/Users/seanf/Desktop/archive/cars_train/cars_train/01679.jpg,178
37,137,997,602,9,Aston Martin V8 Vantage Coupe 2012,01680.jpg,C:/Users/seanf/Desktop/archive/cars_train/cars_train/01680.jpg,165
69,282,1197,785,33,BMW X6 SUV 2012,01681.jpg,C:/Users/seanf/Desktop/archive/cars_train/cars_train/01681.jpg,187
105,102,624,372,83,Dodge Caliber Wagon 2012,01682.jpg,C:/Users/seanf/Desktop/archive/cars_train/cars_train/01682.jpg,84
19,55,244,160,86,Dodge Ram Pickup 3500 Crew Cab 2010,01683.jpg,C:/Users/seanf/Desktop/archive/cars_train/cars_train/01683.jpg,25
71,204,686,371,151,Lamborghini Aventador Coupe 2012,01684.jpg,C:/Users/seanf/Desktop/archive/cars_train/cars_train/01684.jpg,154
56,224,1210,662,93,Dodge Challenger SRT8 2011,01685.jpg,C:/Users/seanf/Desktop/archive/cars_train/cars_train/01685.jpg,117
39,61,348,283,113,Ford F-150 Regular Cab 2012,01686.jpg,C:/Users/seanf/Desktop/archive/cars_train/cars_train/01686.jpg,167
16,29,180,119,30,BMW 3 Series Wagon 2012,01687.jpg,C:/Users/seanf/Desktop/archive/cars_train/cars_train/01687.jpg,101
205,34,1333,864,106,Ford F-450 Super Duty Crew Cab 2012,01688.jpg,C:/Users/seanf/Desktop/archive/cars_train/cars_train/01688.jpg,4
16,54,295,158,80,Chrysler Crossfire Convertible 2008,01689.jpg,C:/Users/seanf/Desktop/archive/cars_train/cars_train/01689.jpg,175
23,34,190,96,70,Chevrolet Silverado 1500 Classic Extended Cab 2007,01690.jpg,C:/Users/seanf/Desktop/archive/cars_train/cars_train/01690.jpg,171
55,158,961,677,50,Buick Enclave SUV 2012,01691.jpg,C:/Users/seanf/Desktop/archive/cars_train/cars_train/01691.jpg,113
79,300,627,589,140,Hyundai Azera Sedan 2012,01692.jpg,C:/Users/seanf/Desktop/archive/cars_train/cars_train/01692.jpg,98
40,43,988,701,131,Hyundai Santa Fe SUV 2012,01693.jpg,C:/Users/seanf/Desktop/archive/cars_train/cars_train/01693.jpg,80
25,96,637,399,74,Chevrolet Silverado 1500 Extended Cab 2012,01694.jpg,C:/Users/seanf/Desktop/archive/cars_train/cars_train/01694.jpg,78
29,45,228,167,131,Hyundai Santa Fe SUV 2012,01695.jpg,C:/Users/seanf/Desktop/archive/cars_train/cars_train/01695.jpg,80
43,30,247,147,188,Toyota Corolla Sedan 2012,01696.jpg,C:/Users/seanf/Desktop/archive/cars_train/cars_train/01696.jpg,62
112,31,496,348,118,GMC Terrain SUV 2012,01697.jpg,C:/Users/seanf/Desktop/archive/cars_train/cars_train/01697.jpg,179
57,67,256,179,123,Geo Metro Convertible 1993,01698.jpg,C:/Users/seanf/Desktop/archive/cars_train/cars_train/01698.jpg,5
19,18,254,198,189,Toyota 4Runner SUV 2012,01699.jpg,C:/Users/seanf/Desktop/archive/cars_train/cars_train/01699.jpg,120
42,77,573,431,18,Audi 100 Wagon 1994,01700.jpg,C:/Users/seanf/Desktop/archive/cars_train/cars_train/01700.jpg,66
82,42,254,159,95,Dodge Durango SUV 2007,01701.jpg,C:/Users/seanf/Desktop/archive/cars_train/cars_train/01701.jpg,193
97,77,495,405,60,Chevrolet HHR SS 2010,01702.jpg,C:/Users/seanf/Desktop/archive/cars_train/cars_train/01702.jpg,96
123,35,487,297,46,Bugatti Veyron 16.4 Coupe 2009,01703.jpg,C:/Users/seanf/Desktop/archive/cars_train/cars_train/01703.jpg,149
28,28,378,239,84,Dodge Caliber Wagon 2007,01704.jpg,C:/Users/seanf/Desktop/archive/cars_train/cars_train/01704.jpg,137
22,101,380,235,3,Acura TL Sedan 2012,01705.jpg,C:/Users/seanf/Desktop/archive/cars_train/cars_train/01705.jpg,1
19,74,381,232,7,Acura ZDX Hatchback 2012,01706.jpg,C:/Users/seanf/Desktop/archive/cars_train/cars_train/01706.jpg,139
79,165,744,556,56,Chevrolet Corvette ZR1 2012,01707.jpg,C:/Users/seanf/Desktop/archive/cars_train/cars_train/01707.jpg,94
80,169,366,254,46,Bugatti Veyron 16.4 Coupe 2009,01708.jpg,C:/Users/seanf/Desktop/archive/cars_train/cars_train/01708.jpg,149
236,133,472,319,96,Dodge Charger Sedan 2012,01709.jpg,C:/Users/seanf/Desktop/archive/cars_train/cars_train/01709.jpg,7
149,76,1497,937,55,Chevrolet Corvette Convertible 2012,01710.jpg,C:/Users/seanf/Desktop/archive/cars_train/cars_train/01710.jpg,148
231,72,1007,667,154,Land Rover Range Rover SUV 2012,01711.jpg,C:/Users/seanf/Desktop/archive/cars_train/cars_train/01711.jpg,27
25,237,606,447,71,Chevrolet Express Van 2007,01712.jpg,C:/Users/seanf/Desktop/archive/cars_train/cars_train/01712.jpg,76
43,237,515,445,171,Nissan 240SX Coupe 1998,01713.jpg,C:/Users/seanf/Desktop/archive/cars_train/cars_train/01713.jpg,92
25,61,583,277,26,BMW ActiveHybrid 5 Sedan 2012,01714.jpg,C:/Users/seanf/Desktop/archive/cars_train/cars_train/01714.jpg,140
19,114,620,426,13,Audi A5 Coupe 2012,01715.jpg,C:/Users/seanf/Desktop/archive/cars_train/cars_train/01715.jpg,36
60,91,588,373,3,Acura TL Sedan 2012,01716.jpg,C:/Users/seanf/Desktop/archive/cars_train/cars_train/01716.jpg,1
9,51,489,295,153,Lamborghini Diablo Coupe 2001,01717.jpg,C:/Users/seanf/Desktop/archive/cars_train/cars_train/01717.jpg,143
65,132,1790,1150,149,Jeep Compass SUV 2012,01718.jpg,C:/Users/seanf/Desktop/archive/cars_train/cars_train/01718.jpg,102
42,81,241,164,31,BMW 6 Series Convertible 2007,01719.jpg,C:/Users/seanf/Desktop/archive/cars_train/cars_train/01719.jpg,145
9,147,1022,612,167,Mitsubishi Lancer Sedan 2012,01720.jpg,C:/Users/seanf/Desktop/archive/cars_train/cars_train/01720.jpg,8
21,47,615,408,96,Dodge Charger Sedan 2012,01721.jpg,C:/Users/seanf/Desktop/archive/cars_train/cars_train/01721.jpg,7
10,61,435,282,105,Fisker Karma Sedan 2012,01722.jpg,C:/Users/seanf/Desktop/archive/cars_train/cars_train/01722.jpg,34
7,129,796,475,158,Maybach Landaulet Convertible 2012,01723.jpg,C:/Users/seanf/Desktop/archive/cars_train/cars_train/01723.jpg,158
67,177,626,480,115,Ford Focus Sedan 2007,01724.jpg,C:/Users/seanf/Desktop/archive/cars_train/cars_train/01724.jpg,169
211,73,645,352,178,Scion xD Hatchback 2012,01725.jpg,C:/Users/seanf/Desktop/archive/cars_train/cars_train/01725.jpg,93
73,97,587,375,162,Mercedes-Benz C-Class Sedan 2012,01726.jpg,C:/Users/seanf/Desktop/archive/cars_train/cars_train/01726.jpg,79
32,1,511,236,126,Honda Odyssey Minivan 2012,01727.jpg,C:/Users/seanf/Desktop/archive/cars_train/cars_train/01727.jpg,60
27,27,249,160,156,Lincoln Town Car Sedan 2011,01728.jpg,C:/Users/seanf/Desktop/archive/cars_train/cars_train/01728.jpg,153
15,113,469,317,150,Lamborghini Reventon Coupe 2008,01729.jpg,C:/Users/seanf/Desktop/archive/cars_train/cars_train/01729.jpg,188
59,172,593,359,150,Lamborghini Reventon Coupe 2008,01730.jpg,C:/Users/seanf/Desktop/archive/cars_train/cars_train/01730.jpg,188
80,78,400,326,67,Chevrolet Malibu Hybrid Sedan 2010,01731.jpg,C:/Users/seanf/Desktop/archive/cars_train/cars_train/01731.jpg,166
12,134,677,432,87,Dodge Ram Pickup 3500 Quad Cab 2009,01732.jpg,C:/Users/seanf/Desktop/archive/cars_train/cars_train/01732.jpg,155
194,364,1292,837,13,Audi A5 Coupe 2012,01733.jpg,C:/Users/seanf/Desktop/archive/cars_train/cars_train/01733.jpg,36
237,435,1000,876,140,Hyundai Azera Sedan 2012,01734.jpg,C:/Users/seanf/Desktop/archive/cars_train/cars_train/01734.jpg,98
30,224,462,396,173,Porsche Panamera Sedan 2012,01735.jpg,C:/Users/seanf/Desktop/archive/cars_train/cars_train/01735.jpg,41
20,56,419,265,69,Chevrolet Silverado 2500HD Regular Cab 2012,01736.jpg,C:/Users/seanf/Desktop/archive/cars_train/cars_train/01736.jpg,147
27,41,635,459,132,Hyundai Tucson SUV 2012,01737.jpg,C:/Users/seanf/Desktop/archive/cars_train/cars_train/01737.jpg,138
14,38,224,173,134,Hyundai Sonata Hybrid Sedan 2012,01738.jpg,C:/Users/seanf/Desktop/archive/cars_train/cars_train/01738.jpg,3
41,71,488,309,195,Volvo XC90 SUV 2007,01739.jpg,C:/Users/seanf/Desktop/archive/cars_train/cars_train/01739.jpg,131
2,59,429,262,155,Land Rover LR2 SUV 2012,01740.jpg,C:/Users/seanf/Desktop/archive/cars_train/cars_train/01740.jpg,97
52,31,423,275,139,Hyundai Elantra Touring Hatchback 2012,01741.jpg,C:/Users/seanf/Desktop/archive/cars_train/cars_train/01741.jpg,28
11,9,255,182,131,Hyundai Santa Fe SUV 2012,01742.jpg,C:/Users/seanf/Desktop/archive/cars_train/cars_train/01742.jpg,80
39,201,1003,681,80,Chrysler Crossfire Convertible 2008,01743.jpg,C:/Users/seanf/Desktop/archive/cars_train/cars_train/01743.jpg,175
39,64,558,215,144,Jaguar XK XKR 2012,01744.jpg,C:/Users/seanf/Desktop/archive/cars_train/cars_train/01744.jpg,89
24,49,996,767,71,Chevrolet Express Van 2007,01745.jpg,C:/Users/seanf/Desktop/archive/cars_train/cars_train/01745.jpg,76
28,155,860,403,79,Chrysler 300 SRT-8 2010,01746.jpg,C:/Users/seanf/Desktop/archive/cars_train/cars_train/01746.jpg,19
92,77,585,409,169,Nissan NV Passenger Van 2012,01747.jpg,C:/Users/seanf/Desktop/archive/cars_train/cars_train/01747.jpg,156
69,181,424,373,130,Hyundai Veloster Hatchback 2012,01748.jpg,C:/Users/seanf/Desktop/archive/cars_train/cars_train/01748.jpg,152
7,52,130,129,157,MINI Cooper Roadster Convertible 2012,01749.jpg,C:/Users/seanf/Desktop/archive/cars_train/cars_train/01749.jpg,190
51,57,590,402,3,Acura TL Sedan 2012,01750.jpg,C:/Users/seanf/Desktop/archive/cars_train/cars_train/01750.jpg,1
22,24,378,170,53,Cadillac Escalade EXT Crew Cab 2007,01751.jpg,C:/Users/seanf/Desktop/archive/cars_train/cars_train/01751.jpg,45
49,138,560,386,60,Chevrolet HHR SS 2010,01752.jpg,C:/Users/seanf/Desktop/archive/cars_train/cars_train/01752.jpg,96
1,14,300,174,42,Bentley Continental GT Coupe 2012,01753.jpg,C:/Users/seanf/Desktop/archive/cars_train/cars_train/01753.jpg,42
70,164,905,698,132,Hyundai Tucson SUV 2012,01754.jpg,C:/Users/seanf/Desktop/archive/cars_train/cars_train/01754.jpg,138
7,44,253,154,13,Audi A5 Coupe 2012,01755.jpg,C:/Users/seanf/Desktop/archive/cars_train/cars_train/01755.jpg,36
514,43,1063,360,160,McLaren MP4-12C Coupe 2012,01756.jpg,C:/Users/seanf/Desktop/archive/cars_train/cars_train/01756.jpg,116
55,72,410,239,38,BMW Z4 Convertible 2012,01757.jpg,C:/Users/seanf/Desktop/archive/cars_train/cars_train/01757.jpg,32
1,103,639,480,114,Ford F-150 Regular Cab 2007,01758.jpg,C:/Users/seanf/Desktop/archive/cars_train/cars_train/01758.jpg,50
23,52,288,183,181,Suzuki Aerio Sedan 2007,01759.jpg,C:/Users/seanf/Desktop/archive/cars_train/cars_train/01759.jpg,163
38,31,180,112,123,Geo Metro Convertible 1993,01760.jpg,C:/Users/seanf/Desktop/archive/cars_train/cars_train/01760.jpg,5
23,27,611,426,183,Suzuki SX4 Hatchback 2012,01761.jpg,C:/Users/seanf/Desktop/archive/cars_train/cars_train/01761.jpg,118
1,700,1189,1159,12,Audi RS 4 Convertible 2008,01762.jpg,C:/Users/seanf/Desktop/archive/cars_train/cars_train/01762.jpg,125
104,122,450,335,175,Rolls-Royce Phantom Drophead Coupe Convertible 2012,01763.jpg,C:/Users/seanf/Desktop/archive/cars_train/cars_train/01763.jpg,72
79,134,587,364,149,Jeep Compass SUV 2012,01764.jpg,C:/Users/seanf/Desktop/archive/cars_train/cars_train/01764.jpg,102
56,40,195,160,111,Ford Ranger SuperCab 2011,01765.jpg,C:/Users/seanf/Desktop/archive/cars_train/cars_train/01765.jpg,56
20,33,414,278,90,Dodge Dakota Crew Cab 2010,01766.jpg,C:/Users/seanf/Desktop/archive/cars_train/cars_train/01766.jpg,48
84,107,496,254,11,Aston Martin Virage Coupe 2012,01767.jpg,C:/Users/seanf/Desktop/archive/cars_train/cars_train/01767.jpg,128
26,149,626,425,9,Aston Martin V8 Vantage Coupe 2012,01768.jpg,C:/Users/seanf/Desktop/archive/cars_train/cars_train/01768.jpg,165
65,66,386,270,148,Jeep Grand Cherokee SUV 2012,01769.jpg,C:/Users/seanf/Desktop/archive/cars_train/cars_train/01769.jpg,43
86,159,659,406,47,Buick Regal GS 2012,01770.jpg,C:/Users/seanf/Desktop/archive/cars_train/cars_train/01770.jpg,100
40,53,561,346,156,Lincoln Town Car Sedan 2011,01771.jpg,C:/Users/seanf/Desktop/archive/cars_train/cars_train/01771.jpg,153
35,42,274,154,39,Bentley Continental Supersports Conv. Convertible 2012,01772.jpg,C:/Users/seanf/Desktop/archive/cars_train/cars_train/01772.jpg,170
7,69,289,216,108,Ford Freestar Minivan 2007,01773.jpg,C:/Users/seanf/Desktop/archive/cars_train/cars_train/01773.jpg,108
27,124,732,521,195,Volvo XC90 SUV 2007,01774.jpg,C:/Users/seanf/Desktop/archive/cars_train/cars_train/01774.jpg,131
15,36,629,291,31,BMW 6 Series Convertible 2007,01775.jpg,C:/Users/seanf/Desktop/archive/cars_train/cars_train/01775.jpg,145
49,177,388,318,175,Rolls-Royce Phantom Drophead Coupe Convertible 2012,01776.jpg,C:/Users/seanf/Desktop/archive/cars_train/cars_train/01776.jpg,72
66,71,388,309,101,Ferrari FF Coupe 2012,01777.jpg,C:/Users/seanf/Desktop/archive/cars_train/cars_train/01777.jpg,52
36,99,585,426,22,Audi S5 Coupe 2012,01778.jpg,C:/Users/seanf/Desktop/archive/cars_train/cars_train/01778.jpg,164
26,181,879,562,112,Ford GT Coupe 2006,01779.jpg,C:/Users/seanf/Desktop/archive/cars_train/cars_train/01779.jpg,73
95,194,505,464,168,Nissan Leaf Hatchback 2012,01780.jpg,C:/Users/seanf/Desktop/archive/cars_train/cars_train/01780.jpg,142
29,74,619,376,117,Ford Fiesta Sedan 2012,01781.jpg,C:/Users/seanf/Desktop/archive/cars_train/cars_train/01781.jpg,168
48,9,610,247,17,Audi 100 Sedan 1994,01782.jpg,C:/Users/seanf/Desktop/archive/cars_train/cars_train/01782.jpg,55
39,44,472,247,15,Audi R8 Coupe 2012,01783.jpg,C:/Users/seanf/Desktop/archive/cars_train/cars_train/01783.jpg,44
19,184,886,722,95,Dodge Durango SUV 2007,01784.jpg,C:/Users/seanf/Desktop/archive/cars_train/cars_train/01784.jpg,193
22,69,231,154,73,Chevrolet Malibu Sedan 2007,01785.jpg,C:/Users/seanf/Desktop/archive/cars_train/cars_train/01785.jpg,16
114,67,553,371,10,Aston Martin Virage Convertible 2012,01786.jpg,C:/Users/seanf/Desktop/archive/cars_train/cars_train/01786.jpg,133
11,26,98,68,123,Geo Metro Convertible 1993,01787.jpg,C:/Users/seanf/Desktop/archive/cars_train/cars_train/01787.jpg,5
9,11,141,85,88,Dodge Sprinter Cargo Van 2009,01788.jpg,C:/Users/seanf/Desktop/archive/cars_train/cars_train/01788.jpg,81
15,83,561,422,87,Dodge Ram Pickup 3500 Quad Cab 2009,01789.jpg,C:/Users/seanf/Desktop/archive/cars_train/cars_train/01789.jpg,155
45,81,578,397,113,Ford F-150 Regular Cab 2012,01790.jpg,C:/Users/seanf/Desktop/archive/cars_train/cars_train/01790.jpg,167
40,58,1916,1018,170,Nissan Juke Hatchback 2012,01791.jpg,C:/Users/seanf/Desktop/archive/cars_train/cars_train/01791.jpg,22
44,20,1225,739,39,Bentley Continental Supersports Conv. Convertible 2012,01792.jpg,C:/Users/seanf/Desktop/archive/cars_train/cars_train/01792.jpg,170
8,37,257,175,116,Ford E-Series Wagon Van 2012,01793.jpg,C:/Users/seanf/Desktop/archive/cars_train/cars_train/01793.jpg,67
115,157,619,361,178,Scion xD Hatchback 2012,01794.jpg,C:/Users/seanf/Desktop/archive/cars_train/cars_train/01794.jpg,93
28,47,1007,598,78,Chrysler Town and Country Minivan 2012,01795.jpg,C:/Users/seanf/Desktop/archive/cars_train/cars_train/01795.jpg,195
127,49,552,331,78,Chrysler Town and Country Minivan 2012,01796.jpg,C:/Users/seanf/Desktop/archive/cars_train/cars_train/01796.jpg,195
25,19,612,302,154,Land Rover Range Rover SUV 2012,01797.jpg,C:/Users/seanf/Desktop/archive/cars_train/cars_train/01797.jpg,27
42,158,496,355,171,Nissan 240SX Coupe 1998,01798.jpg,C:/Users/seanf/Desktop/archive/cars_train/cars_train/01798.jpg,92
52,105,233,194,84,Dodge Caliber Wagon 2007,01799.jpg,C:/Users/seanf/Desktop/archive/cars_train/cars_train/01799.jpg,137
47,97,608,440,124,HUMMER H3T Crew Cab 2010,01800.jpg,C:/Users/seanf/Desktop/archive/cars_train/cars_train/01800.jpg,49
15,25,239,182,95,Dodge Durango SUV 2007,01801.jpg,C:/Users/seanf/Desktop/archive/cars_train/cars_train/01801.jpg,193
10,42,298,203,76,Chrysler Aspen SUV 2009,01802.jpg,C:/Users/seanf/Desktop/archive/cars_train/cars_train/01802.jpg,99
58,48,340,217,13,Audi A5 Coupe 2012,01803.jpg,C:/Users/seanf/Desktop/archive/cars_train/cars_train/01803.jpg,36
37,334,1486,1120,93,Dodge Challenger SRT8 2011,01804.jpg,C:/Users/seanf/Desktop/archive/cars_train/cars_train/01804.jpg,117
15,37,284,160,15,Audi R8 Coupe 2012,01805.jpg,C:/Users/seanf/Desktop/archive/cars_train/cars_train/01805.jpg,44
10,62,252,149,54,Chevrolet Silverado 1500 Hybrid Crew Cab 2012,01806.jpg,C:/Users/seanf/Desktop/archive/cars_train/cars_train/01806.jpg,112
14,135,374,268,34,BMW M3 Coupe 2012,01807.jpg,C:/Users/seanf/Desktop/archive/cars_train/cars_train/01807.jpg,184
82,133,974,665,75,Chevrolet Silverado 1500 Regular Cab 2012,01808.jpg,C:/Users/seanf/Desktop/archive/cars_train/cars_train/01808.jpg,159
39,155,555,343,177,Rolls-Royce Phantom Sedan 2012,01809.jpg,C:/Users/seanf/Desktop/archive/cars_train/cars_train/01809.jpg,40
21,243,617,422,21,Audi S5 Convertible 2012,01810.jpg,C:/Users/seanf/Desktop/archive/cars_train/cars_train/01810.jpg,144
118,140,364,303,52,Cadillac SRX SUV 2012,01811.jpg,C:/Users/seanf/Desktop/archive/cars_train/cars_train/01811.jpg,189
57,64,1005,608,59,Chevrolet Camaro Convertible 2012,01812.jpg,C:/Users/seanf/Desktop/archive/cars_train/cars_train/01812.jpg,63
81,185,385,333,155,Land Rover LR2 SUV 2012,01813.jpg,C:/Users/seanf/Desktop/archive/cars_train/cars_train/01813.jpg,97
6,128,448,341,194,Volvo 240 Sedan 1993,01814.jpg,C:/Users/seanf/Desktop/archive/cars_train/cars_train/01814.jpg,23
14,23,250,163,54,Chevrolet Silverado 1500 Hybrid Crew Cab 2012,01815.jpg,C:/Users/seanf/Desktop/archive/cars_train/cars_train/01815.jpg,112
111,92,645,435,78,Chrysler Town and Country Minivan 2012,01816.jpg,C:/Users/seanf/Desktop/archive/cars_train/cars_train/01816.jpg,195
32,14,437,287,52,Cadillac SRX SUV 2012,01817.jpg,C:/Users/seanf/Desktop/archive/cars_train/cars_train/01817.jpg,189
25,62,555,330,46,Bugatti Veyron 16.4 Coupe 2009,01818.jpg,C:/Users/seanf/Desktop/archive/cars_train/cars_train/01818.jpg,149
22,52,257,176,8,Aston Martin V8 Vantage Convertible 2012,01819.jpg,C:/Users/seanf/Desktop/archive/cars_train/cars_train/01819.jpg,54
88,233,956,620,164,Mercedes-Benz E-Class Sedan 2012,01820.jpg,C:/Users/seanf/Desktop/archive/cars_train/cars_train/01820.jpg,177
87,129,758,358,29,BMW 3 Series Sedan 2012,01821.jpg,C:/Users/seanf/Desktop/archive/cars_train/cars_train/01821.jpg,59
23,28,600,412,139,Hyundai Elantra Touring Hatchback 2012,01822.jpg,C:/Users/seanf/Desktop/archive/cars_train/cars_train/01822.jpg,28
82,109,450,300,81,Chrysler PT Cruiser Convertible 2008,01823.jpg,C:/Users/seanf/Desktop/archive/cars_train/cars_train/01823.jpg,182
55,31,341,238,186,Toyota Sequoia SUV 2012,01824.jpg,C:/Users/seanf/Desktop/archive/cars_train/cars_train/01824.jpg,11
79,49,555,421,35,BMW M5 Sedan 2010,01825.jpg,C:/Users/seanf/Desktop/archive/cars_train/cars_train/01825.jpg,194
31,10,621,400,85,Dodge Caravan Minivan 1997,01826.jpg,C:/Users/seanf/Desktop/archive/cars_train/cars_train/01826.jpg,13
188,282,1585,1157,63,Chevrolet Sonic Sedan 2012,01827.jpg,C:/Users/seanf/Desktop/archive/cars_train/cars_train/01827.jpg,129
70,105,443,285,49,Buick Verano Sedan 2012,01828.jpg,C:/Users/seanf/Desktop/archive/cars_train/cars_train/01828.jpg,10
36,103,589,325,139,Hyundai Elantra Touring Hatchback 2012,01829.jpg,C:/Users/seanf/Desktop/archive/cars_train/cars_train/01829.jpg,28
78,106,709,502,132,Hyundai Tucson SUV 2012,01830.jpg,C:/Users/seanf/Desktop/archive/cars_train/cars_train/01830.jpg,138
43,69,608,452,116,Ford E-Series Wagon Van 2012,01831.jpg,C:/Users/seanf/Desktop/archive/cars_train/cars_train/01831.jpg,67
29,18,157,86,1,AM General Hummer SUV 2000,01832.jpg,C:/Users/seanf/Desktop/archive/cars_train/cars_train/01832.jpg,107
21,97,622,387,11,Aston Martin Virage Coupe 2012,01833.jpg,C:/Users/seanf/Desktop/archive/cars_train/cars_train/01833.jpg,128
143,91,556,370,124,HUMMER H3T Crew Cab 2010,01834.jpg,C:/Users/seanf/Desktop/archive/cars_train/cars_train/01834.jpg,49
72,94,577,397,91,Dodge Dakota Club Cab 2007,01835.jpg,C:/Users/seanf/Desktop/archive/cars_train/cars_train/01835.jpg,2
81,87,581,348,87,Dodge Ram Pickup 3500 Quad Cab 2009,01836.jpg,C:/Users/seanf/Desktop/archive/cars_train/cars_train/01836.jpg,155
79,118,373,262,90,Dodge Dakota Crew Cab 2010,01837.jpg,C:/Users/seanf/Desktop/archive/cars_train/cars_train/01837.jpg,48
5,37,280,157,27,BMW 1 Series Convertible 2012,01838.jpg,C:/Users/seanf/Desktop/archive/cars_train/cars_train/01838.jpg,192
124,43,955,406,26,BMW ActiveHybrid 5 Sedan 2012,01839.jpg,C:/Users/seanf/Desktop/archive/cars_train/cars_train/01839.jpg,140
98,55,686,463,144,Jaguar XK XKR 2012,01840.jpg,C:/Users/seanf/Desktop/archive/cars_train/cars_train/01840.jpg,89
5,56,495,210,26,BMW ActiveHybrid 5 Sedan 2012,01841.jpg,C:/Users/seanf/Desktop/archive/cars_train/cars_train/01841.jpg,140
30,36,452,237,163,Mercedes-Benz SL-Class Coupe 2009,01842.jpg,C:/Users/seanf/Desktop/archive/cars_train/cars_train/01842.jpg,111
17,87,635,468,186,Toyota Sequoia SUV 2012,01843.jpg,C:/Users/seanf/Desktop/archive/cars_train/cars_train/01843.jpg,11
33,176,608,468,194,Volvo 240 Sedan 1993,01844.jpg,C:/Users/seanf/Desktop/archive/cars_train/cars_train/01844.jpg,23
65,65,268,180,162,Mercedes-Benz C-Class Sedan 2012,01845.jpg,C:/Users/seanf/Desktop/archive/cars_train/cars_train/01845.jpg,79
137,391,926,675,150,Lamborghini Reventon Coupe 2008,01846.jpg,C:/Users/seanf/Desktop/archive/cars_train/cars_train/01846.jpg,188
160,208,1465,1018,55,Chevrolet Corvette Convertible 2012,01847.jpg,C:/Users/seanf/Desktop/archive/cars_train/cars_train/01847.jpg,148
23,104,447,306,23,Audi S4 Sedan 2012,01848.jpg,C:/Users/seanf/Desktop/archive/cars_train/cars_train/01848.jpg,127
12,115,640,470,121,GMC Acadia SUV 2012,01849.jpg,C:/Users/seanf/Desktop/archive/cars_train/cars_train/01849.jpg,82
309,190,970,506,140,Hyundai Azera Sedan 2012,01850.jpg,C:/Users/seanf/Desktop/archive/cars_train/cars_train/01850.jpg,98
11,104,293,185,31,BMW 6 Series Convertible 2007,01851.jpg,C:/Users/seanf/Desktop/archive/cars_train/cars_train/01851.jpg,145
27,21,626,433,8,Aston Martin V8 Vantage Convertible 2012,01852.jpg,C:/Users/seanf/Desktop/archive/cars_train/cars_train/01852.jpg,54
270,320,999,763,194,Volvo 240 Sedan 1993,01853.jpg,C:/Users/seanf/Desktop/archive/cars_train/cars_train/01853.jpg,23
82,53,323,173,35,BMW M5 Sedan 2010,01854.jpg,C:/Users/seanf/Desktop/archive/cars_train/cars_train/01854.jpg,194
81,171,582,452,115,Ford Focus Sedan 2007,01855.jpg,C:/Users/seanf/Desktop/archive/cars_train/cars_train/01855.jpg,169
49,124,453,280,121,GMC Acadia SUV 2012,01856.jpg,C:/Users/seanf/Desktop/archive/cars_train/cars_train/01856.jpg,82
11,77,267,180,44,Bentley Continental Flying Spur Sedan 2007,01857.jpg,C:/Users/seanf/Desktop/archive/cars_train/cars_train/01857.jpg,46
8,61,1023,478,181,Suzuki Aerio Sedan 2007,01858.jpg,C:/Users/seanf/Desktop/archive/cars_train/cars_train/01858.jpg,163
114,11,542,414,172,Plymouth Neon Coupe 1999,01859.jpg,C:/Users/seanf/Desktop/archive/cars_train/cars_train/01859.jpg,15
67,119,601,406,191,Volkswagen Golf Hatchback 1991,01860.jpg,C:/Users/seanf/Desktop/archive/cars_train/cars_train/01860.jpg,37
13,42,497,366,148,Jeep Grand Cherokee SUV 2012,01861.jpg,C:/Users/seanf/Desktop/archive/cars_train/cars_train/01861.jpg,43
20,103,602,354,102,Ferrari California Convertible 2012,01862.jpg,C:/Users/seanf/Desktop/archive/cars_train/cars_train/01862.jpg,141
11,60,263,183,127,Honda Odyssey Minivan 2007,01863.jpg,C:/Users/seanf/Desktop/archive/cars_train/cars_train/01863.jpg,157
64,202,898,574,6,Acura Integra Type R 2001,01864.jpg,C:/Users/seanf/Desktop/archive/cars_train/cars_train/01864.jpg,123
19,83,631,404,191,Volkswagen Golf Hatchback 1991,01865.jpg,C:/Users/seanf/Desktop/archive/cars_train/cars_train/01865.jpg,37
364,343,720,543,99,FIAT 500 Abarth 2012,01866.jpg,C:/Users/seanf/Desktop/archive/cars_train/cars_train/01866.jpg,135
108,8,466,268,195,Volvo XC90 SUV 2007,01867.jpg,C:/Users/seanf/Desktop/archive/cars_train/cars_train/01867.jpg,131
78,63,564,344,26,BMW ActiveHybrid 5 Sedan 2012,01868.jpg,C:/Users/seanf/Desktop/archive/cars_train/cars_train/01868.jpg,140
21,34,251,171,122,GMC Canyon Extended Cab 2012,01869.jpg,C:/Users/seanf/Desktop/archive/cars_train/cars_train/01869.jpg,57
178,424,1828,1090,3,Acura TL Sedan 2012,01870.jpg,C:/Users/seanf/Desktop/archive/cars_train/cars_train/01870.jpg,1
43,51,232,144,40,Bentley Arnage Sedan 2009,01871.jpg,C:/Users/seanf/Desktop/archive/cars_train/cars_train/01871.jpg,95
17,29,615,377,177,Rolls-Royce Phantom Sedan 2012,01872.jpg,C:/Users/seanf/Desktop/archive/cars_train/cars_train/01872.jpg,40
223,160,1420,907,107,Ford Mustang Convertible 2007,01873.jpg,C:/Users/seanf/Desktop/archive/cars_train/cars_train/01873.jpg,132
17,34,231,163,70,Chevrolet Silverado 1500 Classic Extended Cab 2007,01874.jpg,C:/Users/seanf/Desktop/archive/cars_train/cars_train/01874.jpg,171
68,197,1238,721,167,Mitsubishi Lancer Sedan 2012,01875.jpg,C:/Users/seanf/Desktop/archive/cars_train/cars_train/01875.jpg,8
11,101,618,419,49,Buick Verano Sedan 2012,01876.jpg,C:/Users/seanf/Desktop/archive/cars_train/cars_train/01876.jpg,10
43,101,961,612,15,Audi R8 Coupe 2012,01877.jpg,C:/Users/seanf/Desktop/archive/cars_train/cars_train/01877.jpg,44
64,110,738,529,132,Hyundai Tucson SUV 2012,01878.jpg,C:/Users/seanf/Desktop/archive/cars_train/cars_train/01878.jpg,138
25,44,608,292,31,BMW 6 Series Convertible 2007,01879.jpg,C:/Users/seanf/Desktop/archive/cars_train/cars_train/01879.jpg,145
120,324,890,731,14,Audi TTS Coupe 2012,01880.jpg,C:/Users/seanf/Desktop/archive/cars_train/cars_train/01880.jpg,0
47,34,429,258,67,Chevrolet Malibu Hybrid Sedan 2010,01881.jpg,C:/Users/seanf/Desktop/archive/cars_train/cars_train/01881.jpg,166
8,103,620,368,118,GMC Terrain SUV 2012,01882.jpg,C:/Users/seanf/Desktop/archive/cars_train/cars_train/01882.jpg,179
36,146,558,342,22,Audi S5 Coupe 2012,01883.jpg,C:/Users/seanf/Desktop/archive/cars_train/cars_train/01883.jpg,164
55,95,600,410,69,Chevrolet Silverado 2500HD Regular Cab 2012,01884.jpg,C:/Users/seanf/Desktop/archive/cars_train/cars_train/01884.jpg,147
67,57,560,411,130,Hyundai Veloster Hatchback 2012,01885.jpg,C:/Users/seanf/Desktop/archive/cars_train/cars_train/01885.jpg,152
11,25,320,225,100,FIAT 500 Convertible 2012,01886.jpg,C:/Users/seanf/Desktop/archive/cars_train/cars_train/01886.jpg,151
97,326,1519,927,112,Ford GT Coupe 2006,01887.jpg,C:/Users/seanf/Desktop/archive/cars_train/cars_train/01887.jpg,73
32,114,688,406,78,Chrysler Town and Country Minivan 2012,01888.jpg,C:/Users/seanf/Desktop/archive/cars_train/cars_train/01888.jpg,195
157,153,392,310,100,FIAT 500 Convertible 2012,01889.jpg,C:/Users/seanf/Desktop/archive/cars_train/cars_train/01889.jpg,151
210,382,1134,716,26,BMW ActiveHybrid 5 Sedan 2012,01890.jpg,C:/Users/seanf/Desktop/archive/cars_train/cars_train/01890.jpg,140
56,95,627,368,2,Acura RL Sedan 2012,01891.jpg,C:/Users/seanf/Desktop/archive/cars_train/cars_train/01891.jpg,191
42,47,292,192,37,BMW X3 SUV 2012,01892.jpg,C:/Users/seanf/Desktop/archive/cars_train/cars_train/01892.jpg,75
84,86,571,348,119,GMC Savana Van 2012,01893.jpg,C:/Users/seanf/Desktop/archive/cars_train/cars_train/01893.jpg,38
51,84,616,398,137,Hyundai Genesis Sedan 2012,01894.jpg,C:/Users/seanf/Desktop/archive/cars_train/cars_train/01894.jpg,83
76,181,938,748,76,Chrysler Aspen SUV 2009,01895.jpg,C:/Users/seanf/Desktop/archive/cars_train/cars_train/01895.jpg,99
107,7,679,258,155,Land Rover LR2 SUV 2012,01896.jpg,C:/Users/seanf/Desktop/archive/cars_train/cars_train/01896.jpg,97
28,172,961,767,114,Ford F-150 Regular Cab 2007,01897.jpg,C:/Users/seanf/Desktop/archive/cars_train/cars_train/01897.jpg,50
246,169,589,353,49,Buick Verano Sedan 2012,01898.jpg,C:/Users/seanf/Desktop/archive/cars_train/cars_train/01898.jpg,10
20,90,632,339,135,Hyundai Elantra Sedan 2007,01899.jpg,C:/Users/seanf/Desktop/archive/cars_train/cars_train/01899.jpg,12
11,15,277,157,115,Ford Focus Sedan 2007,01900.jpg,C:/Users/seanf/Desktop/archive/cars_train/cars_train/01900.jpg,169
56,92,446,327,7,Acura ZDX Hatchback 2012,01901.jpg,C:/Users/seanf/Desktop/archive/cars_train/cars_train/01901.jpg,139
1,77,449,233,122,GMC Canyon Extended Cab 2012,01902.jpg,C:/Users/seanf/Desktop/archive/cars_train/cars_train/01902.jpg,57
154,277,1453,979,85,Dodge Caravan Minivan 1997,01903.jpg,C:/Users/seanf/Desktop/archive/cars_train/cars_train/01903.jpg,13
11,20,193,140,76,Chrysler Aspen SUV 2009,01904.jpg,C:/Users/seanf/Desktop/archive/cars_train/cars_train/01904.jpg,99
25,98,617,386,69,Chevrolet Silverado 2500HD Regular Cab 2012,01905.jpg,C:/Users/seanf/Desktop/archive/cars_train/cars_train/01905.jpg,147
9,28,247,179,76,Chrysler Aspen SUV 2009,01906.jpg,C:/Users/seanf/Desktop/archive/cars_train/cars_train/01906.jpg,99
45,8,233,178,111,Ford Ranger SuperCab 2011,01907.jpg,C:/Users/seanf/Desktop/archive/cars_train/cars_train/01907.jpg,56
12,23,787,365,194,Volvo 240 Sedan 1993,01908.jpg,C:/Users/seanf/Desktop/archive/cars_train/cars_train/01908.jpg,23
185,132,1015,677,38,BMW Z4 Convertible 2012,01909.jpg,C:/Users/seanf/Desktop/archive/cars_train/cars_train/01909.jpg,32
83,68,551,237,168,Nissan Leaf Hatchback 2012,01910.jpg,C:/Users/seanf/Desktop/archive/cars_train/cars_train/01910.jpg,142
91,175,567,410,6,Acura Integra Type R 2001,01911.jpg,C:/Users/seanf/Desktop/archive/cars_train/cars_train/01911.jpg,123
45,50,262,165,119,GMC Savana Van 2012,01912.jpg,C:/Users/seanf/Desktop/archive/cars_train/cars_train/01912.jpg,38
74,84,963,567,188,Toyota Corolla Sedan 2012,01913.jpg,C:/Users/seanf/Desktop/archive/cars_train/cars_train/01913.jpg,62
49,43,212,153,116,Ford E-Series Wagon Van 2012,01914.jpg,C:/Users/seanf/Desktop/archive/cars_train/cars_train/01914.jpg,67
51,117,441,288,136,Hyundai Accent Sedan 2012,01915.jpg,C:/Users/seanf/Desktop/archive/cars_train/cars_train/01915.jpg,90
6,119,494,276,39,Bentley Continental Supersports Conv. Convertible 2012,01916.jpg,C:/Users/seanf/Desktop/archive/cars_train/cars_train/01916.jpg,170
38,22,790,450,132,Hyundai Tucson SUV 2012,01917.jpg,C:/Users/seanf/Desktop/archive/cars_train/cars_train/01917.jpg,138
8,3,135,86,1,AM General Hummer SUV 2000,01918.jpg,C:/Users/seanf/Desktop/archive/cars_train/cars_train/01918.jpg,107
26,133,618,347,36,BMW M6 Convertible 2010,01919.jpg,C:/Users/seanf/Desktop/archive/cars_train/cars_train/01919.jpg,20
118,8,790,598,116,Ford E-Series Wagon Van 2012,01920.jpg,C:/Users/seanf/Desktop/archive/cars_train/cars_train/01920.jpg,67
28,86,345,215,70,Chevrolet Silverado 1500 Classic Extended Cab 2007,01921.jpg,C:/Users/seanf/Desktop/archive/cars_train/cars_train/01921.jpg,171
112,274,1534,886,182,Suzuki Kizashi Sedan 2012,01922.jpg,C:/Users/seanf/Desktop/archive/cars_train/cars_train/01922.jpg,160
64,246,955,590,112,Ford GT Coupe 2006,01923.jpg,C:/Users/seanf/Desktop/archive/cars_train/cars_train/01923.jpg,73
331,486,1212,917,159,Mazda Tribute SUV 2011,01924.jpg,C:/Users/seanf/Desktop/archive/cars_train/cars_train/01924.jpg,183
29,86,614,456,78,Chrysler Town and Country Minivan 2012,01925.jpg,C:/Users/seanf/Desktop/archive/cars_train/cars_train/01925.jpg,195
10,53,631,294,103,Ferrari 458 Italia Convertible 2012,01926.jpg,C:/Users/seanf/Desktop/archive/cars_train/cars_train/01926.jpg,146
29,108,606,416,109,Ford Expedition EL SUV 2009,01927.jpg,C:/Users/seanf/Desktop/archive/cars_train/cars_train/01927.jpg,87
1,49,234,141,92,Dodge Magnum Wagon 2008,01928.jpg,C:/Users/seanf/Desktop/archive/cars_train/cars_train/01928.jpg,180
15,166,488,383,43,Bentley Continental GT Coupe 2007,01929.jpg,C:/Users/seanf/Desktop/archive/cars_train/cars_train/01929.jpg,65
74,43,839,490,187,Toyota Camry Sedan 2012,01930.jpg,C:/Users/seanf/Desktop/archive/cars_train/cars_train/01930.jpg,53
94,235,571,486,136,Hyundai Accent Sedan 2012,01931.jpg,C:/Users/seanf/Desktop/archive/cars_train/cars_train/01931.jpg,90
61,67,570,344,52,Cadillac SRX SUV 2012,01932.jpg,C:/Users/seanf/Desktop/archive/cars_train/cars_train/01932.jpg,189
96,144,652,394,47,Buick Regal GS 2012,01933.jpg,C:/Users/seanf/Desktop/archive/cars_train/cars_train/01933.jpg,100
83,322,1415,773,105,Fisker Karma Sedan 2012,01934.jpg,C:/Users/seanf/Desktop/archive/cars_train/cars_train/01934.jpg,34
171,179,544,381,43,Bentley Continental GT Coupe 2007,01935.jpg,C:/Users/seanf/Desktop/archive/cars_train/cars_train/01935.jpg,65
78,99,736,438,146,Jeep Wrangler SUV 2012,01936.jpg,C:/Users/seanf/Desktop/archive/cars_train/cars_train/01936.jpg,173
212,192,578,332,103,Ferrari 458 Italia Convertible 2012,01937.jpg,C:/Users/seanf/Desktop/archive/cars_train/cars_train/01937.jpg,146
28,42,474,341,70,Chevrolet Silverado 1500 Classic Extended Cab 2007,01938.jpg,C:/Users/seanf/Desktop/archive/cars_train/cars_train/01938.jpg,171
37,87,463,298,78,Chrysler Town and Country Minivan 2012,01939.jpg,C:/Users/seanf/Desktop/archive/cars_train/cars_train/01939.jpg,195
1,7,200,125,177,Rolls-Royce Phantom Sedan 2012,01940.jpg,C:/Users/seanf/Desktop/archive/cars_train/cars_train/01940.jpg,40
135,753,2152,1461,74,Chevrolet Silverado 1500 Extended Cab 2012,01941.jpg,C:/Users/seanf/Desktop/archive/cars_train/cars_train/01941.jpg,78
13,49,393,275,127,Honda Odyssey Minivan 2007,01942.jpg,C:/Users/seanf/Desktop/archive/cars_train/cars_train/01942.jpg,157
32,322,809,652,84,Dodge Caliber Wagon 2007,01943.jpg,C:/Users/seanf/Desktop/archive/cars_train/cars_train/01943.jpg,137
17,54,288,189,13,Audi A5 Coupe 2012,01944.jpg,C:/Users/seanf/Desktop/archive/cars_train/cars_train/01944.jpg,36
6,17,262,151,48,Buick Rainier SUV 2007,01945.jpg,C:/Users/seanf/Desktop/archive/cars_train/cars_train/01945.jpg,121
17,31,289,178,78,Chrysler Town and Country Minivan 2012,01946.jpg,C:/Users/seanf/Desktop/archive/cars_train/cars_train/01946.jpg,195
3,89,300,260,86,Dodge Ram Pickup 3500 Crew Cab 2010,01947.jpg,C:/Users/seanf/Desktop/archive/cars_train/cars_train/01947.jpg,25
55,110,454,280,25,Audi TT RS Coupe 2012,01948.jpg,C:/Users/seanf/Desktop/archive/cars_train/cars_train/01948.jpg,39
15,1,379,221,71,Chevrolet Express Van 2007,01949.jpg,C:/Users/seanf/Desktop/archive/cars_train/cars_train/01949.jpg,76
80,123,419,293,163,Mercedes-Benz SL-Class Coupe 2009,01950.jpg,C:/Users/seanf/Desktop/archive/cars_train/cars_train/01950.jpg,111
55,49,669,294,110,Ford Edge SUV 2012,01951.jpg,C:/Users/seanf/Desktop/archive/cars_train/cars_train/01951.jpg,64
11,31,490,266,1,AM General Hummer SUV 2000,01952.jpg,C:/Users/seanf/Desktop/archive/cars_train/cars_train/01952.jpg,107
61,368,1223,836,56,Chevrolet Corvette ZR1 2012,01953.jpg,C:/Users/seanf/Desktop/archive/cars_train/cars_train/01953.jpg,94
17,121,550,344,19,Audi TT Hatchback 2011,01954.jpg,C:/Users/seanf/Desktop/archive/cars_train/cars_train/01954.jpg,110
334,551,1260,1014,140,Hyundai Azera Sedan 2012,01955.jpg,C:/Users/seanf/Desktop/archive/cars_train/cars_train/01955.jpg,98
14,63,478,320,56,Chevrolet Corvette ZR1 2012,01956.jpg,C:/Users/seanf/Desktop/archive/cars_train/cars_train/01956.jpg,94
15,188,463,350,135,Hyundai Elantra Sedan 2007,01957.jpg,C:/Users/seanf/Desktop/archive/cars_train/cars_train/01957.jpg,12
5,21,273,126,85,Dodge Caravan Minivan 1997,01958.jpg,C:/Users/seanf/Desktop/archive/cars_train/cars_train/01958.jpg,13
71,137,910,601,66,Chevrolet Cobalt SS 2010,01959.jpg,C:/Users/seanf/Desktop/archive/cars_train/cars_train/01959.jpg,29
59,224,915,708,169,Nissan NV Passenger Van 2012,01960.jpg,C:/Users/seanf/Desktop/archive/cars_train/cars_train/01960.jpg,156
21,114,500,452,67,Chevrolet Malibu Hybrid Sedan 2010,01961.jpg,C:/Users/seanf/Desktop/archive/cars_train/cars_train/01961.jpg,166
69,66,559,333,171,Nissan 240SX Coupe 1998,01962.jpg,C:/Users/seanf/Desktop/archive/cars_train/cars_train/01962.jpg,92
7,123,637,397,72,Chevrolet Monte Carlo Coupe 2007,01963.jpg,C:/Users/seanf/Desktop/archive/cars_train/cars_train/01963.jpg,130
160,170,1007,683,92,Dodge Magnum Wagon 2008,01964.jpg,C:/Users/seanf/Desktop/archive/cars_train/cars_train/01964.jpg,180
38,10,255,199,78,Chrysler Town and Country Minivan 2012,01965.jpg,C:/Users/seanf/Desktop/archive/cars_train/cars_train/01965.jpg,195
24,37,276,169,32,BMW X5 SUV 2007,01966.jpg,C:/Users/seanf/Desktop/archive/cars_train/cars_train/01966.jpg,172
2,1,259,194,70,Chevrolet Silverado 1500 Classic Extended Cab 2007,01967.jpg,C:/Users/seanf/Desktop/archive/cars_train/cars_train/01967.jpg,171
41,97,608,392,47,Buick Regal GS 2012,01968.jpg,C:/Users/seanf/Desktop/archive/cars_train/cars_train/01968.jpg,100
25,120,615,361,84,Dodge Caliber Wagon 2007,01969.jpg,C:/Users/seanf/Desktop/archive/cars_train/cars_train/01969.jpg,137
32,79,431,228,16,Audi V8 Sedan 1994,01970.jpg,C:/Users/seanf/Desktop/archive/cars_train/cars_train/01970.jpg,124
92,459,1215,889,77,Chrysler Sebring Convertible 2010,01971.jpg,C:/Users/seanf/Desktop/archive/cars_train/cars_train/01971.jpg,122
37,67,237,168,5,Acura TSX Sedan 2012,01972.jpg,C:/Users/seanf/Desktop/archive/cars_train/cars_train/01972.jpg,58
16,12,188,115,158,Maybach Landaulet Convertible 2012,01973.jpg,C:/Users/seanf/Desktop/archive/cars_train/cars_train/01973.jpg,158
99,114,306,191,190,Volkswagen Golf Hatchback 2012,01974.jpg,C:/Users/seanf/Desktop/archive/cars_train/cars_train/01974.jpg,51
159,307,997,605,57,Chevrolet Corvette Ron Fellows Edition Z06 2007,01975.jpg,C:/Users/seanf/Desktop/archive/cars_train/cars_train/01975.jpg,18
38,154,474,301,161,Mercedes-Benz 300-Class Convertible 1993,01976.jpg,C:/Users/seanf/Desktop/archive/cars_train/cars_train/01976.jpg,86
53,45,530,370,87,Dodge Ram Pickup 3500 Quad Cab 2009,01977.jpg,C:/Users/seanf/Desktop/archive/cars_train/cars_train/01977.jpg,155
13,23,244,160,51,Cadillac CTS-V Sedan 2012,01978.jpg,C:/Users/seanf/Desktop/archive/cars_train/cars_train/01978.jpg,74
131,264,470,434,107,Ford Mustang Convertible 2007,01979.jpg,C:/Users/seanf/Desktop/archive/cars_train/cars_train/01979.jpg,132
97,193,923,631,148,Jeep Grand Cherokee SUV 2012,01980.jpg,C:/Users/seanf/Desktop/archive/cars_train/cars_train/01980.jpg,43
25,34,413,235,31,BMW 6 Series Convertible 2007,01981.jpg,C:/Users/seanf/Desktop/archive/cars_train/cars_train/01981.jpg,145
19,68,476,338,107,Ford Mustang Convertible 2007,01982.jpg,C:/Users/seanf/Desktop/archive/cars_train/cars_train/01982.jpg,132
102,163,723,454,53,Cadillac Escalade EXT Crew Cab 2007,01983.jpg,C:/Users/seanf/Desktop/archive/cars_train/cars_train/01983.jpg,45
12,189,741,415,57,Chevrolet Corvette Ron Fellows Edition Z06 2007,01984.jpg,C:/Users/seanf/Desktop/archive/cars_train/cars_train/01984.jpg,18
35,162,624,456,184,Suzuki SX4 Sedan 2012,01985.jpg,C:/Users/seanf/Desktop/archive/cars_train/cars_train/01985.jpg,24
47,85,588,374,127,Honda Odyssey Minivan 2007,01986.jpg,C:/Users/seanf/Desktop/archive/cars_train/cars_train/01986.jpg,157
64,123,548,346,52,Cadillac SRX SUV 2012,01987.jpg,C:/Users/seanf/Desktop/archive/cars_train/cars_train/01987.jpg,189
32,52,593,324,105,Fisker Karma Sedan 2012,01988.jpg,C:/Users/seanf/Desktop/archive/cars_train/cars_train/01988.jpg,34
145,182,659,440,144,Jaguar XK XKR 2012,01989.jpg,C:/Users/seanf/Desktop/archive/cars_train/cars_train/01989.jpg,89
20,75,462,331,33,BMW X6 SUV 2012,01990.jpg,C:/Users/seanf/Desktop/archive/cars_train/cars_train/01990.jpg,187
63,28,632,351,33,BMW X6 SUV 2012,01991.jpg,C:/Users/seanf/Desktop/archive/cars_train/cars_train/01991.jpg,187
31,1,640,220,194,Volvo 240 Sedan 1993,01992.jpg,C:/Users/seanf/Desktop/archive/cars_train/cars_train/01992.jpg,23
31,110,405,263,34,BMW M3 Coupe 2012,01993.jpg,C:/Users/seanf/Desktop/archive/cars_train/cars_train/01993.jpg,184
28,36,250,143,38,BMW Z4 Convertible 2012,01994.jpg,C:/Users/seanf/Desktop/archive/cars_train/cars_train/01994.jpg,32
84,87,621,411,153,Lamborghini Diablo Coupe 2001,01995.jpg,C:/Users/seanf/Desktop/archive/cars_train/cars_train/01995.jpg,143
128,126,767,437,165,Mercedes-Benz S-Class Sedan 2012,01996.jpg,C:/Users/seanf/Desktop/archive/cars_train/cars_train/01996.jpg,70
147,178,951,633,192,Volkswagen Beetle Hatchback 2012,01997.jpg,C:/Users/seanf/Desktop/archive/cars_train/cars_train/01997.jpg,17
12,39,237,166,108,Ford Freestar Minivan 2007,01998.jpg,C:/Users/seanf/Desktop/archive/cars_train/cars_train/01998.jpg,108
68,120,433,330,124,HUMMER H3T Crew Cab 2010,01999.jpg,C:/Users/seanf/Desktop/archive/cars_train/cars_train/01999.jpg,49
38,75,380,193,40,Bentley Arnage Sedan 2009,02000.jpg,C:/Users/seanf/Desktop/archive/cars_train/cars_train/02000.jpg,95
56,110,609,440,148,Jeep Grand Cherokee SUV 2012,02001.jpg,C:/Users/seanf/Desktop/archive/cars_train/cars_train/02001.jpg,43
8,1,272,134,52,Cadillac SRX SUV 2012,02002.jpg,C:/Users/seanf/Desktop/archive/cars_train/cars_train/02002.jpg,189
10,340,1591,950,101,Ferrari FF Coupe 2012,02003.jpg,C:/Users/seanf/Desktop/archive/cars_train/cars_train/02003.jpg,52
50,162,640,425,5,Acura TSX Sedan 2012,02004.jpg,C:/Users/seanf/Desktop/archive/cars_train/cars_train/02004.jpg,58
17,75,279,158,141,Infiniti G Coupe IPL 2012,02005.jpg,C:/Users/seanf/Desktop/archive/cars_train/cars_train/02005.jpg,136
57,43,194,127,34,BMW M3 Coupe 2012,02006.jpg,C:/Users/seanf/Desktop/archive/cars_train/cars_train/02006.jpg,184
24,16,454,304,14,Audi TTS Coupe 2012,02007.jpg,C:/Users/seanf/Desktop/archive/cars_train/cars_train/02007.jpg,0
31,146,615,444,115,Ford Focus Sedan 2007,02008.jpg,C:/Users/seanf/Desktop/archive/cars_train/cars_train/02008.jpg,169
14,22,262,122,25,Audi TT RS Coupe 2012,02009.jpg,C:/Users/seanf/Desktop/archive/cars_train/cars_train/02009.jpg,39
66,46,545,426,37,BMW X3 SUV 2012,02010.jpg,C:/Users/seanf/Desktop/archive/cars_train/cars_train/02010.jpg,75
318,76,1193,711,191,Volkswagen Golf Hatchback 1991,02011.jpg,C:/Users/seanf/Desktop/archive/cars_train/cars_train/02011.jpg,37
128,71,417,292,90,Dodge Dakota Crew Cab 2010,02012.jpg,C:/Users/seanf/Desktop/archive/cars_train/cars_train/02012.jpg,48
73,56,591,395,168,Nissan Leaf Hatchback 2012,02013.jpg,C:/Users/seanf/Desktop/archive/cars_train/cars_train/02013.jpg,142
96,222,647,420,54,Chevrolet Silverado 1500 Hybrid Crew Cab 2012,02014.jpg,C:/Users/seanf/Desktop/archive/cars_train/cars_train/02014.jpg,112
35,114,550,327,16,Audi V8 Sedan 1994,02015.jpg,C:/Users/seanf/Desktop/archive/cars_train/cars_train/02015.jpg,124
65,122,568,325,77,Chrysler Sebring Convertible 2010,02016.jpg,C:/Users/seanf/Desktop/archive/cars_train/cars_train/02016.jpg,122
33,200,1001,661,92,Dodge Magnum Wagon 2008,02017.jpg,C:/Users/seanf/Desktop/archive/cars_train/cars_train/02017.jpg,180
210,82,944,734,32,BMW X5 SUV 2007,02018.jpg,C:/Users/seanf/Desktop/archive/cars_train/cars_train/02018.jpg,172
54,69,546,379,52,Cadillac SRX SUV 2012,02019.jpg,C:/Users/seanf/Desktop/archive/cars_train/cars_train/02019.jpg,189
103,335,1151,784,101,Ferrari FF Coupe 2012,02020.jpg,C:/Users/seanf/Desktop/archive/cars_train/cars_train/02020.jpg,52
7,59,390,328,146,Jeep Wrangler SUV 2012,02021.jpg,C:/Users/seanf/Desktop/archive/cars_train/cars_train/02021.jpg,173
133,61,582,318,63,Chevrolet Sonic Sedan 2012,02022.jpg,C:/Users/seanf/Desktop/archive/cars_train/cars_train/02022.jpg,129
43,49,266,176,82,Daewoo Nubira Wagon 2002,02023.jpg,C:/Users/seanf/Desktop/archive/cars_train/cars_train/02023.jpg,186
20,110,415,294,148,Jeep Grand Cherokee SUV 2012,02024.jpg,C:/Users/seanf/Desktop/archive/cars_train/cars_train/02024.jpg,43
10,42,310,180,22,Audi S5 Coupe 2012,02025.jpg,C:/Users/seanf/Desktop/archive/cars_train/cars_train/02025.jpg,164
154,74,593,444,124,HUMMER H3T Crew Cab 2010,02026.jpg,C:/Users/seanf/Desktop/archive/cars_train/cars_train/02026.jpg,49
69,123,1073,705,28,BMW 1 Series Coupe 2012,02027.jpg,C:/Users/seanf/Desktop/archive/cars_train/cars_train/02027.jpg,88
24,96,414,317,175,Rolls-Royce Phantom Drophead Coupe Convertible 2012,02028.jpg,C:/Users/seanf/Desktop/archive/cars_train/cars_train/02028.jpg,72
6,14,216,107,31,BMW 6 Series Convertible 2007,02029.jpg,C:/Users/seanf/Desktop/archive/cars_train/cars_train/02029.jpg,145
29,51,259,187,118,GMC Terrain SUV 2012,02030.jpg,C:/Users/seanf/Desktop/archive/cars_train/cars_train/02030.jpg,179
33,12,226,191,125,HUMMER H2 SUT Crew Cab 2009,02031.jpg,C:/Users/seanf/Desktop/archive/cars_train/cars_train/02031.jpg,115
12,99,380,216,16,Audi V8 Sedan 1994,02032.jpg,C:/Users/seanf/Desktop/archive/cars_train/cars_train/02032.jpg,124
19,34,241,158,34,BMW M3 Coupe 2012,02033.jpg,C:/Users/seanf/Desktop/archive/cars_train/cars_train/02033.jpg,184
10,27,310,134,70,Chevrolet Silverado 1500 Classic Extended Cab 2007,02034.jpg,C:/Users/seanf/Desktop/archive/cars_train/cars_train/02034.jpg,171
11,123,500,358,120,GMC Yukon Hybrid SUV 2012,02035.jpg,C:/Users/seanf/Desktop/archive/cars_train/cars_train/02035.jpg,21
47,89,639,395,119,GMC Savana Van 2012,02036.jpg,C:/Users/seanf/Desktop/archive/cars_train/cars_train/02036.jpg,38
115,164,1342,669,102,Ferrari California Convertible 2012,02037.jpg,C:/Users/seanf/Desktop/archive/cars_train/cars_train/02037.jpg,141
70,3,617,337,96,Dodge Charger Sedan 2012,02038.jpg,C:/Users/seanf/Desktop/archive/cars_train/cars_train/02038.jpg,7
22,159,977,588,194,Volvo 240 Sedan 1993,02039.jpg,C:/Users/seanf/Desktop/archive/cars_train/cars_train/02039.jpg,23
24,59,294,221,97,Dodge Charger SRT-8 2009,02040.jpg,C:/Users/seanf/Desktop/archive/cars_train/cars_train/02040.jpg,33
73,278,1010,659,21,Audi S5 Convertible 2012,02041.jpg,C:/Users/seanf/Desktop/archive/cars_train/cars_train/02041.jpg,144
181,124,1780,1057,27,BMW 1 Series Convertible 2012,02042.jpg,C:/Users/seanf/Desktop/archive/cars_train/cars_train/02042.jpg,192
132,89,940,686,146,Jeep Wrangler SUV 2012,02043.jpg,C:/Users/seanf/Desktop/archive/cars_train/cars_train/02043.jpg,173
129,165,793,545,23,Audi S4 Sedan 2012,02044.jpg,C:/Users/seanf/Desktop/archive/cars_train/cars_train/02044.jpg,127
135,86,463,300,177,Rolls-Royce Phantom Sedan 2012,02045.jpg,C:/Users/seanf/Desktop/archive/cars_train/cars_train/02045.jpg,40
24,123,618,354,32,BMW X5 SUV 2007,02046.jpg,C:/Users/seanf/Desktop/archive/cars_train/cars_train/02046.jpg,172
43,50,136,90,57,Chevrolet Corvette Ron Fellows Edition Z06 2007,02047.jpg,C:/Users/seanf/Desktop/archive/cars_train/cars_train/02047.jpg,18
27,17,297,209,76,Chrysler Aspen SUV 2009,02048.jpg,C:/Users/seanf/Desktop/archive/cars_train/cars_train/02048.jpg,99
30,57,400,309,124,HUMMER H3T Crew Cab 2010,02049.jpg,C:/Users/seanf/Desktop/archive/cars_train/cars_train/02049.jpg,49
30,65,331,199,1,AM General Hummer SUV 2000,02050.jpg,C:/Users/seanf/Desktop/archive/cars_train/cars_train/02050.jpg,107
54,135,1461,822,194,Volvo 240 Sedan 1993,02051.jpg,C:/Users/seanf/Desktop/archive/cars_train/cars_train/02051.jpg,23
26,98,372,219,47,Buick Regal GS 2012,02052.jpg,C:/Users/seanf/Desktop/archive/cars_train/cars_train/02052.jpg,100
22,12,245,178,111,Ford Ranger SuperCab 2011,02053.jpg,C:/Users/seanf/Desktop/archive/cars_train/cars_train/02053.jpg,56
183,4,1186,780,196,smart fortwo Convertible 2012,02054.jpg,C:/Users/seanf/Desktop/archive/cars_train/cars_train/02054.jpg,134
22,160,580,385,11,Aston Martin Virage Coupe 2012,02055.jpg,C:/Users/seanf/Desktop/archive/cars_train/cars_train/02055.jpg,128
32,11,456,307,24,Audi S4 Sedan 2007,02056.jpg,C:/Users/seanf/Desktop/archive/cars_train/cars_train/02056.jpg,105
36,161,611,355,102,Ferrari California Convertible 2012,02057.jpg,C:/Users/seanf/Desktop/archive/cars_train/cars_train/02057.jpg,141
12,67,496,266,9,Aston Martin V8 Vantage Coupe 2012,02058.jpg,C:/Users/seanf/Desktop/archive/cars_train/cars_train/02058.jpg,165
269,339,884,671,23,Audi S4 Sedan 2012,02059.jpg,C:/Users/seanf/Desktop/archive/cars_train/cars_train/02059.jpg,127
11,52,595,293,68,Chevrolet TrailBlazer SS 2009,02060.jpg,C:/Users/seanf/Desktop/archive/cars_train/cars_train/02060.jpg,114
43,110,646,427,183,Suzuki SX4 Hatchback 2012,02061.jpg,C:/Users/seanf/Desktop/archive/cars_train/cars_train/02061.jpg,118
31,52,453,239,174,Ram C/V Cargo Van Minivan 2012,02062.jpg,C:/Users/seanf/Desktop/archive/cars_train/cars_train/02062.jpg,103
39,113,467,320,35,BMW M5 Sedan 2010,02063.jpg,C:/Users/seanf/Desktop/archive/cars_train/cars_train/02063.jpg,194
2,22,296,199,148,Jeep Grand Cherokee SUV 2012,02064.jpg,C:/Users/seanf/Desktop/archive/cars_train/cars_train/02064.jpg,43
73,163,674,401,2,Acura RL Sedan 2012,02065.jpg,C:/Users/seanf/Desktop/archive/cars_train/cars_train/02065.jpg,191
46,315,1249,943,98,Eagle Talon Hatchback 1998,02066.jpg,C:/Users/seanf/Desktop/archive/cars_train/cars_train/02066.jpg,185
241,78,1105,781,194,Volvo 240 Sedan 1993,02067.jpg,C:/Users/seanf/Desktop/archive/cars_train/cars_train/02067.jpg,23
32,56,783,453,16,Audi V8 Sedan 1994,02068.jpg,C:/Users/seanf/Desktop/archive/cars_train/cars_train/02068.jpg,124
1,550,2320,2506,168,Nissan Leaf Hatchback 2012,02069.jpg,C:/Users/seanf/Desktop/archive/cars_train/cars_train/02069.jpg,142
74,38,375,289,95,Dodge Durango SUV 2007,02070.jpg,C:/Users/seanf/Desktop/archive/cars_train/cars_train/02070.jpg,193
21,2,233,100,127,Honda Odyssey Minivan 2007,02071.jpg,C:/Users/seanf/Desktop/archive/cars_train/cars_train/02071.jpg,157
250,205,1092,759,145,Jeep Patriot SUV 2012,02072.jpg,C:/Users/seanf/Desktop/archive/cars_train/cars_train/02072.jpg,68
122,176,929,611,160,McLaren MP4-12C Coupe 2012,02073.jpg,C:/Users/seanf/Desktop/archive/cars_train/cars_train/02073.jpg,116
18,67,496,342,86,Dodge Ram Pickup 3500 Crew Cab 2010,02074.jpg,C:/Users/seanf/Desktop/archive/cars_train/cars_train/02074.jpg,25
9,16,294,156,77,Chrysler Sebring Convertible 2010,02075.jpg,C:/Users/seanf/Desktop/archive/cars_train/cars_train/02075.jpg,122
17,69,247,157,161,Mercedes-Benz 300-Class Convertible 1993,02076.jpg,C:/Users/seanf/Desktop/archive/cars_train/cars_train/02076.jpg,86
2,78,478,249,77,Chrysler Sebring Convertible 2010,02077.jpg,C:/Users/seanf/Desktop/archive/cars_train/cars_train/02077.jpg,122
82,307,1369,1036,96,Dodge Charger Sedan 2012,02078.jpg,C:/Users/seanf/Desktop/archive/cars_train/cars_train/02078.jpg,7
45,181,2582,1848,75,Chevrolet Silverado 1500 Regular Cab 2012,02079.jpg,C:/Users/seanf/Desktop/archive/cars_train/cars_train/02079.jpg,159
128,30,855,596,133,Hyundai Veracruz SUV 2012,02080.jpg,C:/Users/seanf/Desktop/archive/cars_train/cars_train/02080.jpg,30
37,61,756,504,32,BMW X5 SUV 2007,02081.jpg,C:/Users/seanf/Desktop/archive/cars_train/cars_train/02081.jpg,172
205,77,595,295,58,Chevrolet Traverse SUV 2012,02082.jpg,C:/Users/seanf/Desktop/archive/cars_train/cars_train/02082.jpg,9
51,116,630,371,152,Lamborghini Gallardo LP 570-4 Superleggera 2012,02083.jpg,C:/Users/seanf/Desktop/archive/cars_train/cars_train/02083.jpg,176
328,260,1610,935,151,Lamborghini Aventador Coupe 2012,02084.jpg,C:/Users/seanf/Desktop/archive/cars_train/cars_train/02084.jpg,154
13,40,257,143,116,Ford E-Series Wagon Van 2012,02085.jpg,C:/Users/seanf/Desktop/archive/cars_train/cars_train/02085.jpg,67
51,68,595,381,192,Volkswagen Beetle Hatchback 2012,02086.jpg,C:/Users/seanf/Desktop/archive/cars_train/cars_train/02086.jpg,17
19,533,3220,1953,30,BMW 3 Series Wagon 2012,02087.jpg,C:/Users/seanf/Desktop/archive/cars_train/cars_train/02087.jpg,101
2,2,300,208,118,GMC Terrain SUV 2012,02088.jpg,C:/Users/seanf/Desktop/archive/cars_train/cars_train/02088.jpg,179
19,64,471,259,123,Geo Metro Convertible 1993,02089.jpg,C:/Users/seanf/Desktop/archive/cars_train/cars_train/02089.jpg,5
42,79,613,480,154,Land Rover Range Rover SUV 2012,02090.jpg,C:/Users/seanf/Desktop/archive/cars_train/cars_train/02090.jpg,27
15,93,632,373,72,Chevrolet Monte Carlo Coupe 2007,02091.jpg,C:/Users/seanf/Desktop/archive/cars_train/cars_train/02091.jpg,130
31,9,435,244,184,Suzuki SX4 Sedan 2012,02092.jpg,C:/Users/seanf/Desktop/archive/cars_train/cars_train/02092.jpg,24
19,91,482,311,113,Ford F-150 Regular Cab 2012,02093.jpg,C:/Users/seanf/Desktop/archive/cars_train/cars_train/02093.jpg,167
89,43,542,339,146,Jeep Wrangler SUV 2012,02094.jpg,C:/Users/seanf/Desktop/archive/cars_train/cars_train/02094.jpg,173
90,189,1495,820,6,Acura Integra Type R 2001,02095.jpg,C:/Users/seanf/Desktop/archive/cars_train/cars_train/02095.jpg,123
33,156,736,524,44,Bentley Continental Flying Spur Sedan 2007,02096.jpg,C:/Users/seanf/Desktop/archive/cars_train/cars_train/02096.jpg,46
18,1,999,507,75,Chevrolet Silverado 1500 Regular Cab 2012,02097.jpg,C:/Users/seanf/Desktop/archive/cars_train/cars_train/02097.jpg,159
15,17,636,440,58,Chevrolet Traverse SUV 2012,02098.jpg,C:/Users/seanf/Desktop/archive/cars_train/cars_train/02098.jpg,9
14,31,272,198,65,Chevrolet Avalanche Crew Cab 2012,02099.jpg,C:/Users/seanf/Desktop/archive/cars_train/cars_train/02099.jpg,47
66,64,598,385,89,Dodge Journey SUV 2012,02100.jpg,C:/Users/seanf/Desktop/archive/cars_train/cars_train/02100.jpg,6
17,39,237,156,53,Cadillac Escalade EXT Crew Cab 2007,02101.jpg,C:/Users/seanf/Desktop/archive/cars_train/cars_train/02101.jpg,45
20,23,274,196,174,Ram C/V Cargo Van Minivan 2012,02102.jpg,C:/Users/seanf/Desktop/archive/cars_train/cars_train/02102.jpg,103
34,262,766,650,196,smart fortwo Convertible 2012,02103.jpg,C:/Users/seanf/Desktop/archive/cars_train/cars_train/02103.jpg,134
25,215,625,411,173,Porsche Panamera Sedan 2012,02104.jpg,C:/Users/seanf/Desktop/archive/cars_train/cars_train/02104.jpg,41
10,142,465,309,180,Spyker C8 Coupe 2009,02105.jpg,C:/Users/seanf/Desktop/archive/cars_train/cars_train/02105.jpg,26
129,94,502,382,76,Chrysler Aspen SUV 2009,02106.jpg,C:/Users/seanf/Desktop/archive/cars_train/cars_train/02106.jpg,99
23,57,232,186,65,Chevrolet Avalanche Crew Cab 2012,02107.jpg,C:/Users/seanf/Desktop/archive/cars_train/cars_train/02107.jpg,47
53,122,993,553,147,Jeep Liberty SUV 2012,02108.jpg,C:/Users/seanf/Desktop/archive/cars_train/cars_train/02108.jpg,85
31,51,635,399,48,Buick Rainier SUV 2007,02109.jpg,C:/Users/seanf/Desktop/archive/cars_train/cars_train/02109.jpg,121
116,141,535,367,96,Dodge Charger Sedan 2012,02110.jpg,C:/Users/seanf/Desktop/archive/cars_train/cars_train/02110.jpg,7
20,7,239,174,5,Acura TSX Sedan 2012,02111.jpg,C:/Users/seanf/Desktop/archive/cars_train/cars_train/02111.jpg,58
95,84,612,391,114,Ford F-150 Regular Cab 2007,02112.jpg,C:/Users/seanf/Desktop/archive/cars_train/cars_train/02112.jpg,50
109,39,980,590,59,Chevrolet Camaro Convertible 2012,02113.jpg,C:/Users/seanf/Desktop/archive/cars_train/cars_train/02113.jpg,63
9,37,651,477,23,Audi S4 Sedan 2012,02114.jpg,C:/Users/seanf/Desktop/archive/cars_train/cars_train/02114.jpg,127
11,37,441,206,51,Cadillac CTS-V Sedan 2012,02115.jpg,C:/Users/seanf/Desktop/archive/cars_train/cars_train/02115.jpg,74
26,66,379,258,30,BMW 3 Series Wagon 2012,02116.jpg,C:/Users/seanf/Desktop/archive/cars_train/cars_train/02116.jpg,101
1,79,1918,1120,153,Lamborghini Diablo Coupe 2001,02117.jpg,C:/Users/seanf/Desktop/archive/cars_train/cars_train/02117.jpg,143
509,458,1031,686,101,Ferrari FF Coupe 2012,02118.jpg,C:/Users/seanf/Desktop/archive/cars_train/cars_train/02118.jpg,52
44,162,605,360,115,Ford Focus Sedan 2007,02119.jpg,C:/Users/seanf/Desktop/archive/cars_train/cars_train/02119.jpg,169
44,63,448,253,142,Infiniti QX56 SUV 2011,02120.jpg,C:/Users/seanf/Desktop/archive/cars_train/cars_train/02120.jpg,35
143,114,546,374,68,Chevrolet TrailBlazer SS 2009,02121.jpg,C:/Users/seanf/Desktop/archive/cars_train/cars_train/02121.jpg,114
29,63,602,324,102,Ferrari California Convertible 2012,02122.jpg,C:/Users/seanf/Desktop/archive/cars_train/cars_train/02122.jpg,141
74,88,517,354,137,Hyundai Genesis Sedan 2012,02123.jpg,C:/Users/seanf/Desktop/archive/cars_train/cars_train/02123.jpg,83
9,97,493,252,4,Acura TL Type-S 2008,02124.jpg,C:/Users/seanf/Desktop/archive/cars_train/cars_train/02124.jpg,174
21,77,622,466,74,Chevrolet Silverado 1500 Extended Cab 2012,02125.jpg,C:/Users/seanf/Desktop/archive/cars_train/cars_train/02125.jpg,78
7,20,298,197,143,Isuzu Ascender SUV 2008,02126.jpg,C:/Users/seanf/Desktop/archive/cars_train/cars_train/02126.jpg,91
31,98,380,226,38,BMW Z4 Convertible 2012,02127.jpg,C:/Users/seanf/Desktop/archive/cars_train/cars_train/02127.jpg,32
63,328,1223,755,134,Hyundai Sonata Hybrid Sedan 2012,02128.jpg,C:/Users/seanf/Desktop/archive/cars_train/cars_train/02128.jpg,3
20,23,280,164,148,Jeep Grand Cherokee SUV 2012,02129.jpg,C:/Users/seanf/Desktop/archive/cars_train/cars_train/02129.jpg,43
42,89,588,377,19,Audi TT Hatchback 2011,02130.jpg,C:/Users/seanf/Desktop/archive/cars_train/cars_train/02130.jpg,110
81,140,524,337,189,Toyota 4Runner SUV 2012,02131.jpg,C:/Users/seanf/Desktop/archive/cars_train/cars_train/02131.jpg,120
26,290,996,610,91,Dodge Dakota Club Cab 2007,02132.jpg,C:/Users/seanf/Desktop/archive/cars_train/cars_train/02132.jpg,2
126,143,907,715,117,Ford Fiesta Sedan 2012,02133.jpg,C:/Users/seanf/Desktop/archive/cars_train/cars_train/02133.jpg,168
147,149,905,654,57,Chevrolet Corvette Ron Fellows Edition Z06 2007,02134.jpg,C:/Users/seanf/Desktop/archive/cars_train/cars_train/02134.jpg,18
67,103,533,366,87,Dodge Ram Pickup 3500 Quad Cab 2009,02135.jpg,C:/Users/seanf/Desktop/archive/cars_train/cars_train/02135.jpg,155
128,33,515,309,131,Hyundai Santa Fe SUV 2012,02136.jpg,C:/Users/seanf/Desktop/archive/cars_train/cars_train/02136.jpg,80
19,118,557,340,137,Hyundai Genesis Sedan 2012,02137.jpg,C:/Users/seanf/Desktop/archive/cars_train/cars_train/02137.jpg,83
20,272,982,633,164,Mercedes-Benz E-Class Sedan 2012,02138.jpg,C:/Users/seanf/Desktop/archive/cars_train/cars_train/02138.jpg,177
2,3,217,117,161,Mercedes-Benz 300-Class Convertible 1993,02139.jpg,C:/Users/seanf/Desktop/archive/cars_train/cars_train/02139.jpg,86
35,176,492,480,61,Chevrolet Impala Sedan 2007,02140.jpg,C:/Users/seanf/Desktop/archive/cars_train/cars_train/02140.jpg,77
14,164,1011,615,103,Ferrari 458 Italia Convertible 2012,02141.jpg,C:/Users/seanf/Desktop/archive/cars_train/cars_train/02141.jpg,146
74,70,251,170,70,Chevrolet Silverado 1500 Classic Extended Cab 2007,02142.jpg,C:/Users/seanf/Desktop/archive/cars_train/cars_train/02142.jpg,171
8,76,3640,2675,172,Plymouth Neon Coupe 1999,02143.jpg,C:/Users/seanf/Desktop/archive/cars_train/cars_train/02143.jpg,15
37,82,594,380,26,BMW ActiveHybrid 5 Sedan 2012,02144.jpg,C:/Users/seanf/Desktop/archive/cars_train/cars_train/02144.jpg,140
112,7,853,717,1,AM General Hummer SUV 2000,02145.jpg,C:/Users/seanf/Desktop/archive/cars_train/cars_train/02145.jpg,107
8,14,294,142,107,Ford Mustang Convertible 2007,02146.jpg,C:/Users/seanf/Desktop/archive/cars_train/cars_train/02146.jpg,132
74,114,585,432,178,Scion xD Hatchback 2012,02147.jpg,C:/Users/seanf/Desktop/archive/cars_train/cars_train/02147.jpg,93
95,124,617,401,133,Hyundai Veracruz SUV 2012,02148.jpg,C:/Users/seanf/Desktop/archive/cars_train/cars_train/02148.jpg,30
57,107,611,421,48,Buick Rainier SUV 2007,02149.jpg,C:/Users/seanf/Desktop/archive/cars_train/cars_train/02149.jpg,121
55,82,564,338,169,Nissan NV Passenger Van 2012,02150.jpg,C:/Users/seanf/Desktop/archive/cars_train/cars_train/02150.jpg,156
206,135,1543,1076,149,Jeep Compass SUV 2012,02151.jpg,C:/Users/seanf/Desktop/archive/cars_train/cars_train/02151.jpg,102
4,51,458,291,27,BMW 1 Series Convertible 2012,02152.jpg,C:/Users/seanf/Desktop/archive/cars_train/cars_train/02152.jpg,192
208,47,483,364,166,Mercedes-Benz Sprinter Van 2012,02153.jpg,C:/Users/seanf/Desktop/archive/cars_train/cars_train/02153.jpg,162
67,62,212,185,29,BMW 3 Series Sedan 2012,02154.jpg,C:/Users/seanf/Desktop/archive/cars_train/cars_train/02154.jpg,59
86,38,197,151,45,Bugatti Veyron 16.4 Convertible 2009,02155.jpg,C:/Users/seanf/Desktop/archive/cars_train/cars_train/02155.jpg,119
54,55,305,220,123,Geo Metro Convertible 1993,02156.jpg,C:/Users/seanf/Desktop/archive/cars_train/cars_train/02156.jpg,5
156,175,484,332,118,GMC Terrain SUV 2012,02157.jpg,C:/Users/seanf/Desktop/archive/cars_train/cars_train/02157.jpg,179
37,39,486,273,102,Ferrari California Convertible 2012,02158.jpg,C:/Users/seanf/Desktop/archive/cars_train/cars_train/02158.jpg,141
56,200,514,396,144,Jaguar XK XKR 2012,02159.jpg,C:/Users/seanf/Desktop/archive/cars_train/cars_train/02159.jpg,89
63,5,940,723,169,Nissan NV Passenger Van 2012,02160.jpg,C:/Users/seanf/Desktop/archive/cars_train/cars_train/02160.jpg,156
49,38,575,447,149,Jeep Compass SUV 2012,02161.jpg,C:/Users/seanf/Desktop/archive/cars_train/cars_train/02161.jpg,102
40,134,759,463,102,Ferrari California Convertible 2012,02162.jpg,C:/Users/seanf/Desktop/archive/cars_train/cars_train/02162.jpg,141
104,325,1180,776,170,Nissan Juke Hatchback 2012,02163.jpg,C:/Users/seanf/Desktop/archive/cars_train/cars_train/02163.jpg,22
108,49,600,327,31,BMW 6 Series Convertible 2007,02164.jpg,C:/Users/seanf/Desktop/archive/cars_train/cars_train/02164.jpg,145
49,35,565,439,24,Audi S4 Sedan 2007,02165.jpg,C:/Users/seanf/Desktop/archive/cars_train/cars_train/02165.jpg,105
23,113,617,367,117,Ford Fiesta Sedan 2012,02166.jpg,C:/Users/seanf/Desktop/archive/cars_train/cars_train/02166.jpg,168
185,454,1947,1129,107,Ford Mustang Convertible 2007,02167.jpg,C:/Users/seanf/Desktop/archive/cars_train/cars_train/02167.jpg,132
54,246,678,553,101,Ferrari FF Coupe 2012,02168.jpg,C:/Users/seanf/Desktop/archive/cars_train/cars_train/02168.jpg,52
52,27,575,418,65,Chevrolet Avalanche Crew Cab 2012,02169.jpg,C:/Users/seanf/Desktop/archive/cars_train/cars_train/02169.jpg,47
12,6,314,202,114,Ford F-150 Regular Cab 2007,02170.jpg,C:/Users/seanf/Desktop/archive/cars_train/cars_train/02170.jpg,50
32,305,1595,981,18,Audi 100 Wagon 1994,02171.jpg,C:/Users/seanf/Desktop/archive/cars_train/cars_train/02171.jpg,66
49,49,203,164,34,BMW M3 Coupe 2012,02172.jpg,C:/Users/seanf/Desktop/archive/cars_train/cars_train/02172.jpg,184
184,284,840,696,105,Fisker Karma Sedan 2012,02173.jpg,C:/Users/seanf/Desktop/archive/cars_train/cars_train/02173.jpg,34
366,293,1817,1222,145,Jeep Patriot SUV 2012,02174.jpg,C:/Users/seanf/Desktop/archive/cars_train/cars_train/02174.jpg,68
12,58,297,192,44,Bentley Continental Flying Spur Sedan 2007,02175.jpg,C:/Users/seanf/Desktop/archive/cars_train/cars_train/02175.jpg,46
17,111,358,240,17,Audi 100 Sedan 1994,02176.jpg,C:/Users/seanf/Desktop/archive/cars_train/cars_train/02176.jpg,55
22,30,625,531,101,Ferrari FF Coupe 2012,02177.jpg,C:/Users/seanf/Desktop/archive/cars_train/cars_train/02177.jpg,52
15,77,454,272,127,Honda Odyssey Minivan 2007,02178.jpg,C:/Users/seanf/Desktop/archive/cars_train/cars_train/02178.jpg,157
103,180,587,434,120,GMC Yukon Hybrid SUV 2012,02179.jpg,C:/Users/seanf/Desktop/archive/cars_train/cars_train/02179.jpg,21
205,192,617,352,168,Nissan Leaf Hatchback 2012,02180.jpg,C:/Users/seanf/Desktop/archive/cars_train/cars_train/02180.jpg,142
31,74,549,384,48,Buick Rainier SUV 2007,02181.jpg,C:/Users/seanf/Desktop/archive/cars_train/cars_train/02181.jpg,121
35,54,564,361,123,Geo Metro Convertible 1993,02182.jpg,C:/Users/seanf/Desktop/archive/cars_train/cars_train/02182.jpg,5
28,2,608,423,195,Volvo XC90 SUV 2007,02183.jpg,C:/Users/seanf/Desktop/archive/cars_train/cars_train/02183.jpg,131
95,30,492,256,180,Spyker C8 Coupe 2009,02184.jpg,C:/Users/seanf/Desktop/archive/cars_train/cars_train/02184.jpg,26
47,208,997,667,20,Audi S6 Sedan 2011,02185.jpg,C:/Users/seanf/Desktop/archive/cars_train/cars_train/02185.jpg,69
56,67,420,284,178,Scion xD Hatchback 2012,02186.jpg,C:/Users/seanf/Desktop/archive/cars_train/cars_train/02186.jpg,93
28,8,183,138,143,Isuzu Ascender SUV 2008,02187.jpg,C:/Users/seanf/Desktop/archive/cars_train/cars_train/02187.jpg,91
58,1,582,373,30,BMW 3 Series Wagon 2012,02188.jpg,C:/Users/seanf/Desktop/archive/cars_train/cars_train/02188.jpg,101
36,331,857,692,163,Mercedes-Benz SL-Class Coupe 2009,02189.jpg,C:/Users/seanf/Desktop/archive/cars_train/cars_train/02189.jpg,111
10,67,575,302,172,Plymouth Neon Coupe 1999,02190.jpg,C:/Users/seanf/Desktop/archive/cars_train/cars_train/02190.jpg,15
1,28,272,157,156,Lincoln Town Car Sedan 2011,02191.jpg,C:/Users/seanf/Desktop/archive/cars_train/cars_train/02191.jpg,153
61,45,752,502,145,Jeep Patriot SUV 2012,02192.jpg,C:/Users/seanf/Desktop/archive/cars_train/cars_train/02192.jpg,68
52,42,504,315,174,Ram C/V Cargo Van Minivan 2012,02193.jpg,C:/Users/seanf/Desktop/archive/cars_train/cars_train/02193.jpg,103
80,155,471,320,9,Aston Martin V8 Vantage Coupe 2012,02194.jpg,C:/Users/seanf/Desktop/archive/cars_train/cars_train/02194.jpg,165
61,130,738,481,34,BMW M3 Coupe 2012,02195.jpg,C:/Users/seanf/Desktop/archive/cars_train/cars_train/02195.jpg,184
62,210,673,475,122,GMC Canyon Extended Cab 2012,02196.jpg,C:/Users/seanf/Desktop/archive/cars_train/cars_train/02196.jpg,57
180,78,600,402,158,Maybach Landaulet Convertible 2012,02197.jpg,C:/Users/seanf/Desktop/archive/cars_train/cars_train/02197.jpg,158
100,86,304,276,181,Suzuki Aerio Sedan 2007,02198.jpg,C:/Users/seanf/Desktop/archive/cars_train/cars_train/02198.jpg,163
4,56,395,229,104,Ferrari 458 Italia Coupe 2012,02199.jpg,C:/Users/seanf/Desktop/archive/cars_train/cars_train/02199.jpg,31
70,117,461,330,60,Chevrolet HHR SS 2010,02200.jpg,C:/Users/seanf/Desktop/archive/cars_train/cars_train/02200.jpg,96
91,107,937,561,160,McLaren MP4-12C Coupe 2012,02201.jpg,C:/Users/seanf/Desktop/archive/cars_train/cars_train/02201.jpg,116
295,120,1199,519,152,Lamborghini Gallardo LP 570-4 Superleggera 2012,02202.jpg,C:/Users/seanf/Desktop/archive/cars_train/cars_train/02202.jpg,176
114,86,406,288,66,Chevrolet Cobalt SS 2010,02203.jpg,C:/Users/seanf/Desktop/archive/cars_train/cars_train/02203.jpg,29
168,93,1131,699,173,Porsche Panamera Sedan 2012,02204.jpg,C:/Users/seanf/Desktop/archive/cars_train/cars_train/02204.jpg,41
35,74,611,409,68,Chevrolet TrailBlazer SS 2009,02205.jpg,C:/Users/seanf/Desktop/archive/cars_train/cars_train/02205.jpg,114
61,82,948,673,132,Hyundai Tucson SUV 2012,02206.jpg,C:/Users/seanf/Desktop/archive/cars_train/cars_train/02206.jpg,138
18,23,639,387,73,Chevrolet Malibu Sedan 2007,02207.jpg,C:/Users/seanf/Desktop/archive/cars_train/cars_train/02207.jpg,16
46,43,473,375,179,Spyker C8 Convertible 2009,02208.jpg,C:/Users/seanf/Desktop/archive/cars_train/cars_train/02208.jpg,104
25,76,563,312,53,Cadillac Escalade EXT Crew Cab 2007,02209.jpg,C:/Users/seanf/Desktop/archive/cars_train/cars_train/02209.jpg,45
24,77,267,186,156,Lincoln Town Car Sedan 2011,02210.jpg,C:/Users/seanf/Desktop/archive/cars_train/cars_train/02210.jpg,153
41,135,365,300,116,Ford E-Series Wagon Van 2012,02211.jpg,C:/Users/seanf/Desktop/archive/cars_train/cars_train/02211.jpg,67
45,116,547,393,74,Chevrolet Silverado 1500 Extended Cab 2012,02212.jpg,C:/Users/seanf/Desktop/archive/cars_train/cars_train/02212.jpg,78
501,443,1088,706,137,Hyundai Genesis Sedan 2012,02213.jpg,C:/Users/seanf/Desktop/archive/cars_train/cars_train/02213.jpg,83
13,14,301,155,18,Audi 100 Wagon 1994,02214.jpg,C:/Users/seanf/Desktop/archive/cars_train/cars_train/02214.jpg,66
126,27,522,445,58,Chevrolet Traverse SUV 2012,02215.jpg,C:/Users/seanf/Desktop/archive/cars_train/cars_train/02215.jpg,9
89,42,868,504,100,FIAT 500 Convertible 2012,02216.jpg,C:/Users/seanf/Desktop/archive/cars_train/cars_train/02216.jpg,151
35,81,428,294,139,Hyundai Elantra Touring Hatchback 2012,02217.jpg,C:/Users/seanf/Desktop/archive/cars_train/cars_train/02217.jpg,28
328,274,1017,689,145,Jeep Patriot SUV 2012,02218.jpg,C:/Users/seanf/Desktop/archive/cars_train/cars_train/02218.jpg,68
34,33,663,401,149,Jeep Compass SUV 2012,02219.jpg,C:/Users/seanf/Desktop/archive/cars_train/cars_train/02219.jpg,102
73,164,936,471,13,Audi A5 Coupe 2012,02220.jpg,C:/Users/seanf/Desktop/archive/cars_train/cars_train/02220.jpg,36
55,68,529,450,32,BMW X5 SUV 2007,02221.jpg,C:/Users/seanf/Desktop/archive/cars_train/cars_train/02221.jpg,172
29,66,597,228,59,Chevrolet Camaro Convertible 2012,02222.jpg,C:/Users/seanf/Desktop/archive/cars_train/cars_train/02222.jpg,63
11,98,734,463,85,Dodge Caravan Minivan 1997,02223.jpg,C:/Users/seanf/Desktop/archive/cars_train/cars_train/02223.jpg,13
7,61,290,205,80,Chrysler Crossfire Convertible 2008,02224.jpg,C:/Users/seanf/Desktop/archive/cars_train/cars_train/02224.jpg,175
14,58,488,273,91,Dodge Dakota Club Cab 2007,02225.jpg,C:/Users/seanf/Desktop/archive/cars_train/cars_train/02225.jpg,2
109,163,553,425,117,Ford Fiesta Sedan 2012,02226.jpg,C:/Users/seanf/Desktop/archive/cars_train/cars_train/02226.jpg,168
86,68,199,158,165,Mercedes-Benz S-Class Sedan 2012,02227.jpg,C:/Users/seanf/Desktop/archive/cars_train/cars_train/02227.jpg,70
38,134,463,311,137,Hyundai Genesis Sedan 2012,02228.jpg,C:/Users/seanf/Desktop/archive/cars_train/cars_train/02228.jpg,83
107,445,884,665,158,Maybach Landaulet Convertible 2012,02229.jpg,C:/Users/seanf/Desktop/archive/cars_train/cars_train/02229.jpg,158
28,32,340,178,69,Chevrolet Silverado 2500HD Regular Cab 2012,02230.jpg,C:/Users/seanf/Desktop/archive/cars_train/cars_train/02230.jpg,147
48,66,363,210,44,Bentley Continental Flying Spur Sedan 2007,02231.jpg,C:/Users/seanf/Desktop/archive/cars_train/cars_train/02231.jpg,46
109,88,561,349,35,BMW M5 Sedan 2010,02232.jpg,C:/Users/seanf/Desktop/archive/cars_train/cars_train/02232.jpg,194
31,2,357,176,28,BMW 1 Series Coupe 2012,02233.jpg,C:/Users/seanf/Desktop/archive/cars_train/cars_train/02233.jpg,88
61,58,335,236,39,Bentley Continental Supersports Conv. Convertible 2012,02234.jpg,C:/Users/seanf/Desktop/archive/cars_train/cars_train/02234.jpg,170
203,497,2792,1959,66,Chevrolet Cobalt SS 2010,02235.jpg,C:/Users/seanf/Desktop/archive/cars_train/cars_train/02235.jpg,29
45,91,382,288,179,Spyker C8 Convertible 2009,02236.jpg,C:/Users/seanf/Desktop/archive/cars_train/cars_train/02236.jpg,104
14,41,291,165,161,Mercedes-Benz 300-Class Convertible 1993,02237.jpg,C:/Users/seanf/Desktop/archive/cars_train/cars_train/02237.jpg,86
68,135,389,282,138,Hyundai Sonata Sedan 2012,02238.jpg,C:/Users/seanf/Desktop/archive/cars_train/cars_train/02238.jpg,71
55,41,969,673,133,Hyundai Veracruz SUV 2012,02239.jpg,C:/Users/seanf/Desktop/archive/cars_train/cars_train/02239.jpg,30
185,495,1497,964,4,Acura TL Type-S 2008,02240.jpg,C:/Users/seanf/Desktop/archive/cars_train/cars_train/02240.jpg,174
204,227,627,511,27,BMW 1 Series Convertible 2012,02241.jpg,C:/Users/seanf/Desktop/archive/cars_train/cars_train/02241.jpg,192
36,72,594,413,64,Chevrolet Express Cargo Van 2007,02242.jpg,C:/Users/seanf/Desktop/archive/cars_train/cars_train/02242.jpg,178
122,123,503,292,169,Nissan NV Passenger Van 2012,02243.jpg,C:/Users/seanf/Desktop/archive/cars_train/cars_train/02243.jpg,156
180,152,461,362,22,Audi S5 Coupe 2012,02244.jpg,C:/Users/seanf/Desktop/archive/cars_train/cars_train/02244.jpg,164
17,30,405,278,48,Buick Rainier SUV 2007,02245.jpg,C:/Users/seanf/Desktop/archive/cars_train/cars_train/02245.jpg,121
128,203,922,710,164,Mercedes-Benz E-Class Sedan 2012,02246.jpg,C:/Users/seanf/Desktop/archive/cars_train/cars_train/02246.jpg,177
31,125,624,349,114,Ford F-150 Regular Cab 2007,02247.jpg,C:/Users/seanf/Desktop/archive/cars_train/cars_train/02247.jpg,50
86,131,507,384,79,Chrysler 300 SRT-8 2010,02248.jpg,C:/Users/seanf/Desktop/archive/cars_train/cars_train/02248.jpg,19
114,79,600,356,178,Scion xD Hatchback 2012,02249.jpg,C:/Users/seanf/Desktop/archive/cars_train/cars_train/02249.jpg,93
19,39,630,351,188,Toyota Corolla Sedan 2012,02250.jpg,C:/Users/seanf/Desktop/archive/cars_train/cars_train/02250.jpg,62
26,34,246,156,92,Dodge Magnum Wagon 2008,02251.jpg,C:/Users/seanf/Desktop/archive/cars_train/cars_train/02251.jpg,180
35,53,272,190,162,Mercedes-Benz C-Class Sedan 2012,02252.jpg,C:/Users/seanf/Desktop/archive/cars_train/cars_train/02252.jpg,79
26,217,582,396,21,Audi S5 Convertible 2012,02253.jpg,C:/Users/seanf/Desktop/archive/cars_train/cars_train/02253.jpg,144
52,49,668,354,124,HUMMER H3T Crew Cab 2010,02254.jpg,C:/Users/seanf/Desktop/archive/cars_train/cars_train/02254.jpg,49
60,41,365,169,181,Suzuki Aerio Sedan 2007,02255.jpg,C:/Users/seanf/Desktop/archive/cars_train/cars_train/02255.jpg,163
9,33,256,109,22,Audi S5 Coupe 2012,02256.jpg,C:/Users/seanf/Desktop/archive/cars_train/cars_train/02256.jpg,164
6,42,1022,366,57,Chevrolet Corvette Ron Fellows Edition Z06 2007,02257.jpg,C:/Users/seanf/Desktop/archive/cars_train/cars_train/02257.jpg,18
51,81,655,408,26,BMW ActiveHybrid 5 Sedan 2012,02258.jpg,C:/Users/seanf/Desktop/archive/cars_train/cars_train/02258.jpg,140
14,19,450,274,44,Bentley Continental Flying Spur Sedan 2007,02259.jpg,C:/Users/seanf/Desktop/archive/cars_train/cars_train/02259.jpg,46
24,180,605,398,40,Bentley Arnage Sedan 2009,02260.jpg,C:/Users/seanf/Desktop/archive/cars_train/cars_train/02260.jpg,95
76,31,574,261,185,Tesla Model S Sedan 2012,02261.jpg,C:/Users/seanf/Desktop/archive/cars_train/cars_train/02261.jpg,150
57,112,543,316,193,Volvo C30 Hatchback 2012,02262.jpg,C:/Users/seanf/Desktop/archive/cars_train/cars_train/02262.jpg,14
89,129,532,412,177,Rolls-Royce Phantom Sedan 2012,02263.jpg,C:/Users/seanf/Desktop/archive/cars_train/cars_train/02263.jpg,40
162,87,567,318,21,Audi S5 Convertible 2012,02264.jpg,C:/Users/seanf/Desktop/archive/cars_train/cars_train/02264.jpg,144
39,72,653,462,75,Chevrolet Silverado 1500 Regular Cab 2012,02265.jpg,C:/Users/seanf/Desktop/archive/cars_train/cars_train/02265.jpg,159
67,44,180,113,52,Cadillac SRX SUV 2012,02266.jpg,C:/Users/seanf/Desktop/archive/cars_train/cars_train/02266.jpg,189
28,67,479,284,19,Audi TT Hatchback 2011,02267.jpg,C:/Users/seanf/Desktop/archive/cars_train/cars_train/02267.jpg,110
90,65,546,397,71,Chevrolet Express Van 2007,02268.jpg,C:/Users/seanf/Desktop/archive/cars_train/cars_train/02268.jpg,76
13,124,1967,1464,95,Dodge Durango SUV 2007,02269.jpg,C:/Users/seanf/Desktop/archive/cars_train/cars_train/02269.jpg,193
137,164,761,421,101,Ferrari FF Coupe 2012,02270.jpg,C:/Users/seanf/Desktop/archive/cars_train/cars_train/02270.jpg,52
18,24,250,166,125,HUMMER H2 SUT Crew Cab 2009,02271.jpg,C:/Users/seanf/Desktop/archive/cars_train/cars_train/02271.jpg,115
41,31,753,468,183,Suzuki SX4 Hatchback 2012,02272.jpg,C:/Users/seanf/Desktop/archive/cars_train/cars_train/02272.jpg,118
228,83,1253,887,23,Audi S4 Sedan 2012,02273.jpg,C:/Users/seanf/Desktop/archive/cars_train/cars_train/02273.jpg,127
57,50,388,218,4,Acura TL Type-S 2008,02274.jpg,C:/Users/seanf/Desktop/archive/cars_train/cars_train/02274.jpg,174
66,92,492,336,109,Ford Expedition EL SUV 2009,02275.jpg,C:/Users/seanf/Desktop/archive/cars_train/cars_train/02275.jpg,87
53,80,310,175,57,Chevrolet Corvette Ron Fellows Edition Z06 2007,02276.jpg,C:/Users/seanf/Desktop/archive/cars_train/cars_train/02276.jpg,18
96,46,487,186,137,Hyundai Genesis Sedan 2012,02277.jpg,C:/Users/seanf/Desktop/archive/cars_train/cars_train/02277.jpg,83
99,93,690,477,132,Hyundai Tucson SUV 2012,02278.jpg,C:/Users/seanf/Desktop/archive/cars_train/cars_train/02278.jpg,138
36,40,999,751,194,Volvo 240 Sedan 1993,02279.jpg,C:/Users/seanf/Desktop/archive/cars_train/cars_train/02279.jpg,23
190,139,508,394,132,Hyundai Tucson SUV 2012,02280.jpg,C:/Users/seanf/Desktop/archive/cars_train/cars_train/02280.jpg,138
56,33,579,395,93,Dodge Challenger SRT8 2011,02281.jpg,C:/Users/seanf/Desktop/archive/cars_train/cars_train/02281.jpg,117
186,177,1284,819,112,Ford GT Coupe 2006,02282.jpg,C:/Users/seanf/Desktop/archive/cars_train/cars_train/02282.jpg,73
8,48,296,194,186,Toyota Sequoia SUV 2012,02283.jpg,C:/Users/seanf/Desktop/archive/cars_train/cars_train/02283.jpg,11
16,45,291,157,188,Toyota Corolla Sedan 2012,02284.jpg,C:/Users/seanf/Desktop/archive/cars_train/cars_train/02284.jpg,62
1,5,396,213,174,Ram C/V Cargo Van Minivan 2012,02285.jpg,C:/Users/seanf/Desktop/archive/cars_train/cars_train/02285.jpg,103
125,339,2008,1332,8,Aston Martin V8 Vantage Convertible 2012,02286.jpg,C:/Users/seanf/Desktop/archive/cars_train/cars_train/02286.jpg,54
12,20,377,281,34,BMW M3 Coupe 2012,02287.jpg,C:/Users/seanf/Desktop/archive/cars_train/cars_train/02287.jpg,184
151,20,551,221,122,GMC Canyon Extended Cab 2012,02288.jpg,C:/Users/seanf/Desktop/archive/cars_train/cars_train/02288.jpg,57
54,19,233,147,165,Mercedes-Benz S-Class Sedan 2012,02289.jpg,C:/Users/seanf/Desktop/archive/cars_train/cars_train/02289.jpg,70
65,15,232,116,119,GMC Savana Van 2012,02290.jpg,C:/Users/seanf/Desktop/archive/cars_train/cars_train/02290.jpg,38
17,53,607,443,94,Dodge Durango SUV 2012,02291.jpg,C:/Users/seanf/Desktop/archive/cars_train/cars_train/02291.jpg,61
2,15,83,61,18,Audi 100 Wagon 1994,02292.jpg,C:/Users/seanf/Desktop/archive/cars_train/cars_train/02292.jpg,66
37,415,1528,1060,178,Scion xD Hatchback 2012,02293.jpg,C:/Users/seanf/Desktop/archive/cars_train/cars_train/02293.jpg,93
40,35,424,256,86,Dodge Ram Pickup 3500 Crew Cab 2010,02294.jpg,C:/Users/seanf/Desktop/archive/cars_train/cars_train/02294.jpg,25
8,141,618,344,70,Chevrolet Silverado 1500 Classic Extended Cab 2007,02295.jpg,C:/Users/seanf/Desktop/archive/cars_train/cars_train/02295.jpg,171
101,66,555,407,68,Chevrolet TrailBlazer SS 2009,02296.jpg,C:/Users/seanf/Desktop/archive/cars_train/cars_train/02296.jpg,114
32,62,603,423,120,GMC Yukon Hybrid SUV 2012,02297.jpg,C:/Users/seanf/Desktop/archive/cars_train/cars_train/02297.jpg,21
82,103,973,669,111,Ford Ranger SuperCab 2011,02298.jpg,C:/Users/seanf/Desktop/archive/cars_train/cars_train/02298.jpg,56
131,15,459,205,68,Chevrolet TrailBlazer SS 2009,02299.jpg,C:/Users/seanf/Desktop/archive/cars_train/cars_train/02299.jpg,114
13,10,298,194,105,Fisker Karma Sedan 2012,02300.jpg,C:/Users/seanf/Desktop/archive/cars_train/cars_train/02300.jpg,34
54,75,449,300,120,GMC Yukon Hybrid SUV 2012,02301.jpg,C:/Users/seanf/Desktop/archive/cars_train/cars_train/02301.jpg,21
50,168,937,501,126,Honda Odyssey Minivan 2012,02302.jpg,C:/Users/seanf/Desktop/archive/cars_train/cars_train/02302.jpg,60
27,151,623,391,50,Buick Enclave SUV 2012,02303.jpg,C:/Users/seanf/Desktop/archive/cars_train/cars_train/02303.jpg,113
38,74,244,179,16,Audi V8 Sedan 1994,02304.jpg,C:/Users/seanf/Desktop/archive/cars_train/cars_train/02304.jpg,124
83,64,269,158,8,Aston Martin V8 Vantage Convertible 2012,02305.jpg,C:/Users/seanf/Desktop/archive/cars_train/cars_train/02305.jpg,54
29,95,557,375,77,Chrysler Sebring Convertible 2010,02306.jpg,C:/Users/seanf/Desktop/archive/cars_train/cars_train/02306.jpg,122
11,43,472,232,150,Lamborghini Reventon Coupe 2008,02307.jpg,C:/Users/seanf/Desktop/archive/cars_train/cars_train/02307.jpg,188
44,79,584,392,67,Chevrolet Malibu Hybrid Sedan 2010,02308.jpg,C:/Users/seanf/Desktop/archive/cars_train/cars_train/02308.jpg,166
25,86,306,245,46,Bugatti Veyron 16.4 Coupe 2009,02309.jpg,C:/Users/seanf/Desktop/archive/cars_train/cars_train/02309.jpg,149
20,102,376,225,107,Ford Mustang Convertible 2007,02310.jpg,C:/Users/seanf/Desktop/archive/cars_train/cars_train/02310.jpg,132
56,1,394,176,1,AM General Hummer SUV 2000,02311.jpg,C:/Users/seanf/Desktop/archive/cars_train/cars_train/02311.jpg,107
49,117,386,265,56,Chevrolet Corvette ZR1 2012,02312.jpg,C:/Users/seanf/Desktop/archive/cars_train/cars_train/02312.jpg,94
33,114,434,293,156,Lincoln Town Car Sedan 2011,02313.jpg,C:/Users/seanf/Desktop/archive/cars_train/cars_train/02313.jpg,153
18,63,445,267,2,Acura RL Sedan 2012,02314.jpg,C:/Users/seanf/Desktop/archive/cars_train/cars_train/02314.jpg,191
9,42,581,395,172,Plymouth Neon Coupe 1999,02315.jpg,C:/Users/seanf/Desktop/archive/cars_train/cars_train/02315.jpg,15
27,235,665,465,64,Chevrolet Express Cargo Van 2007,02316.jpg,C:/Users/seanf/Desktop/archive/cars_train/cars_train/02316.jpg,178
21,6,623,453,64,Chevrolet Express Cargo Van 2007,02317.jpg,C:/Users/seanf/Desktop/archive/cars_train/cars_train/02317.jpg,178
31,67,573,332,87,Dodge Ram Pickup 3500 Quad Cab 2009,02318.jpg,C:/Users/seanf/Desktop/archive/cars_train/cars_train/02318.jpg,155
41,225,957,579,62,Chevrolet Tahoe Hybrid SUV 2012,02319.jpg,C:/Users/seanf/Desktop/archive/cars_train/cars_train/02319.jpg,161
8,36,268,198,143,Isuzu Ascender SUV 2008,02320.jpg,C:/Users/seanf/Desktop/archive/cars_train/cars_train/02320.jpg,91
37,342,1263,786,160,McLaren MP4-12C Coupe 2012,02321.jpg,C:/Users/seanf/Desktop/archive/cars_train/cars_train/02321.jpg,116
38,52,410,322,175,Rolls-Royce Phantom Drophead Coupe Convertible 2012,02322.jpg,C:/Users/seanf/Desktop/archive/cars_train/cars_train/02322.jpg,72
71,45,752,302,25,Audi TT RS Coupe 2012,02323.jpg,C:/Users/seanf/Desktop/archive/cars_train/cars_train/02323.jpg,39
40,46,539,324,26,BMW ActiveHybrid 5 Sedan 2012,02324.jpg,C:/Users/seanf/Desktop/archive/cars_train/cars_train/02324.jpg,140
34,51,382,258,15,Audi R8 Coupe 2012,02325.jpg,C:/Users/seanf/Desktop/archive/cars_train/cars_train/02325.jpg,44
37,81,554,311,10,Aston Martin Virage Convertible 2012,02326.jpg,C:/Users/seanf/Desktop/archive/cars_train/cars_train/02326.jpg,133
18,27,298,211,148,Jeep Grand Cherokee SUV 2012,02327.jpg,C:/Users/seanf/Desktop/archive/cars_train/cars_train/02327.jpg,43
153,215,606,464,101,Ferrari FF Coupe 2012,02328.jpg,C:/Users/seanf/Desktop/archive/cars_train/cars_train/02328.jpg,52
84,463,1915,1014,104,Ferrari 458 Italia Coupe 2012,02329.jpg,C:/Users/seanf/Desktop/archive/cars_train/cars_train/02329.jpg,31
4,19,276,199,162,Mercedes-Benz C-Class Sedan 2012,02330.jpg,C:/Users/seanf/Desktop/archive/cars_train/cars_train/02330.jpg,79
18,45,404,307,195,Volvo XC90 SUV 2007,02331.jpg,C:/Users/seanf/Desktop/archive/cars_train/cars_train/02331.jpg,131
65,92,606,420,195,Volvo XC90 SUV 2007,02332.jpg,C:/Users/seanf/Desktop/archive/cars_train/cars_train/02332.jpg,131
8,17,292,181,111,Ford Ranger SuperCab 2011,02333.jpg,C:/Users/seanf/Desktop/archive/cars_train/cars_train/02333.jpg,56
69,175,1133,643,25,Audi TT RS Coupe 2012,02334.jpg,C:/Users/seanf/Desktop/archive/cars_train/cars_train/02334.jpg,39
52,69,259,208,21,Audi S5 Convertible 2012,02335.jpg,C:/Users/seanf/Desktop/archive/cars_train/cars_train/02335.jpg,144
71,83,266,174,37,BMW X3 SUV 2012,02336.jpg,C:/Users/seanf/Desktop/archive/cars_train/cars_train/02336.jpg,75
39,151,492,392,153,Lamborghini Diablo Coupe 2001,02337.jpg,C:/Users/seanf/Desktop/archive/cars_train/cars_train/02337.jpg,143
31,40,183,154,28,BMW 1 Series Coupe 2012,02338.jpg,C:/Users/seanf/Desktop/archive/cars_train/cars_train/02338.jpg,88
26,26,268,160,92,Dodge Magnum Wagon 2008,02339.jpg,C:/Users/seanf/Desktop/archive/cars_train/cars_train/02339.jpg,180
47,220,980,715,83,Dodge Caliber Wagon 2012,02340.jpg,C:/Users/seanf/Desktop/archive/cars_train/cars_train/02340.jpg,84
10,52,194,109,18,Audi 100 Wagon 1994,02341.jpg,C:/Users/seanf/Desktop/archive/cars_train/cars_train/02341.jpg,66
72,156,500,322,137,Hyundai Genesis Sedan 2012,02342.jpg,C:/Users/seanf/Desktop/archive/cars_train/cars_train/02342.jpg,83
34,19,254,159,38,BMW Z4 Convertible 2012,02343.jpg,C:/Users/seanf/Desktop/archive/cars_train/cars_train/02343.jpg,32
614,9,1279,329,194,Volvo 240 Sedan 1993,02344.jpg,C:/Users/seanf/Desktop/archive/cars_train/cars_train/02344.jpg,23
25,74,368,282,110,Ford Edge SUV 2012,02345.jpg,C:/Users/seanf/Desktop/archive/cars_train/cars_train/02345.jpg,64
14,22,256,162,102,Ferrari California Convertible 2012,02346.jpg,C:/Users/seanf/Desktop/archive/cars_train/cars_train/02346.jpg,141
11,27,392,210,68,Chevrolet TrailBlazer SS 2009,02347.jpg,C:/Users/seanf/Desktop/archive/cars_train/cars_train/02347.jpg,114
63,95,423,249,107,Ford Mustang Convertible 2007,02348.jpg,C:/Users/seanf/Desktop/archive/cars_train/cars_train/02348.jpg,132
17,45,495,188,185,Tesla Model S Sedan 2012,02349.jpg,C:/Users/seanf/Desktop/archive/cars_train/cars_train/02349.jpg,150
35,259,609,466,17,Audi 100 Sedan 1994,02350.jpg,C:/Users/seanf/Desktop/archive/cars_train/cars_train/02350.jpg,55
34,43,335,166,134,Hyundai Sonata Hybrid Sedan 2012,02351.jpg,C:/Users/seanf/Desktop/archive/cars_train/cars_train/02351.jpg,3
36,89,569,382,43,Bentley Continental GT Coupe 2007,02352.jpg,C:/Users/seanf/Desktop/archive/cars_train/cars_train/02352.jpg,65
73,26,430,282,134,Hyundai Sonata Hybrid Sedan 2012,02353.jpg,C:/Users/seanf/Desktop/archive/cars_train/cars_train/02353.jpg,3
12,81,280,188,62,Chevrolet Tahoe Hybrid SUV 2012,02354.jpg,C:/Users/seanf/Desktop/archive/cars_train/cars_train/02354.jpg,161
42,120,741,478,182,Suzuki Kizashi Sedan 2012,02355.jpg,C:/Users/seanf/Desktop/archive/cars_train/cars_train/02355.jpg,160
594,306,1520,1149,139,Hyundai Elantra Touring Hatchback 2012,02356.jpg,C:/Users/seanf/Desktop/archive/cars_train/cars_train/02356.jpg,28
5,41,191,142,161,Mercedes-Benz 300-Class Convertible 1993,02357.jpg,C:/Users/seanf/Desktop/archive/cars_train/cars_train/02357.jpg,86
51,38,603,432,169,Nissan NV Passenger Van 2012,02358.jpg,C:/Users/seanf/Desktop/archive/cars_train/cars_train/02358.jpg,156
65,101,650,453,7,Acura ZDX Hatchback 2012,02359.jpg,C:/Users/seanf/Desktop/archive/cars_train/cars_train/02359.jpg,139
9,33,252,165,106,Ford F-450 Super Duty Crew Cab 2012,02360.jpg,C:/Users/seanf/Desktop/archive/cars_train/cars_train/02360.jpg,4
18,86,242,192,121,GMC Acadia SUV 2012,02361.jpg,C:/Users/seanf/Desktop/archive/cars_train/cars_train/02361.jpg,82
47,137,965,681,126,Honda Odyssey Minivan 2012,02362.jpg,C:/Users/seanf/Desktop/archive/cars_train/cars_train/02362.jpg,60
26,25,283,157,1,AM General Hummer SUV 2000,02363.jpg,C:/Users/seanf/Desktop/archive/cars_train/cars_train/02363.jpg,107
373,56,2663,1915,3,Acura TL Sedan 2012,02364.jpg,C:/Users/seanf/Desktop/archive/cars_train/cars_train/02364.jpg,1
47,349,997,683,74,Chevrolet Silverado 1500 Extended Cab 2012,02365.jpg,C:/Users/seanf/Desktop/archive/cars_train/cars_train/02365.jpg,78
47,76,556,375,149,Jeep Compass SUV 2012,02366.jpg,C:/Users/seanf/Desktop/archive/cars_train/cars_train/02366.jpg,102
77,91,297,178,29,BMW 3 Series Sedan 2012,02367.jpg,C:/Users/seanf/Desktop/archive/cars_train/cars_train/02367.jpg,59
20,112,685,454,66,Chevrolet Cobalt SS 2010,02368.jpg,C:/Users/seanf/Desktop/archive/cars_train/cars_train/02368.jpg,29
4,62,239,153,76,Chrysler Aspen SUV 2009,02369.jpg,C:/Users/seanf/Desktop/archive/cars_train/cars_train/02369.jpg,99
130,43,508,281,25,Audi TT RS Coupe 2012,02370.jpg,C:/Users/seanf/Desktop/archive/cars_train/cars_train/02370.jpg,39
89,164,473,287,97,Dodge Charger SRT-8 2009,02371.jpg,C:/Users/seanf/Desktop/archive/cars_train/cars_train/02371.jpg,33
117,95,847,596,83,Dodge Caliber Wagon 2012,02372.jpg,C:/Users/seanf/Desktop/archive/cars_train/cars_train/02372.jpg,84
27,131,957,591,167,Mitsubishi Lancer Sedan 2012,02373.jpg,C:/Users/seanf/Desktop/archive/cars_train/cars_train/02373.jpg,8
20,45,234,166,136,Hyundai Accent Sedan 2012,02374.jpg,C:/Users/seanf/Desktop/archive/cars_train/cars_train/02374.jpg,90
13,48,512,297,110,Ford Edge SUV 2012,02375.jpg,C:/Users/seanf/Desktop/archive/cars_train/cars_train/02375.jpg,64
323,345,1052,806,170,Nissan Juke Hatchback 2012,02376.jpg,C:/Users/seanf/Desktop/archive/cars_train/cars_train/02376.jpg,22
79,386,765,615,8,Aston Martin V8 Vantage Convertible 2012,02377.jpg,C:/Users/seanf/Desktop/archive/cars_train/cars_train/02377.jpg,54
105,88,252,156,9,Aston Martin V8 Vantage Coupe 2012,02378.jpg,C:/Users/seanf/Desktop/archive/cars_train/cars_train/02378.jpg,165
1,11,653,336,184,Suzuki SX4 Sedan 2012,02379.jpg,C:/Users/seanf/Desktop/archive/cars_train/cars_train/02379.jpg,24
114,193,1199,757,112,Ford GT Coupe 2006,02380.jpg,C:/Users/seanf/Desktop/archive/cars_train/cars_train/02380.jpg,73
185,261,716,427,39,Bentley Continental Supersports Conv. Convertible 2012,02381.jpg,C:/Users/seanf/Desktop/archive/cars_train/cars_train/02381.jpg,170
1,131,631,365,182,Suzuki Kizashi Sedan 2012,02382.jpg,C:/Users/seanf/Desktop/archive/cars_train/cars_train/02382.jpg,160
17,4,260,175,88,Dodge Sprinter Cargo Van 2009,02383.jpg,C:/Users/seanf/Desktop/archive/cars_train/cars_train/02383.jpg,81
365,181,1895,1185,99,FIAT 500 Abarth 2012,02384.jpg,C:/Users/seanf/Desktop/archive/cars_train/cars_train/02384.jpg,135
19,135,439,288,124,HUMMER H3T Crew Cab 2010,02385.jpg,C:/Users/seanf/Desktop/archive/cars_train/cars_train/02385.jpg,49
609,327,1047,560,41,Bentley Mulsanne Sedan 2011,02386.jpg,C:/Users/seanf/Desktop/archive/cars_train/cars_train/02386.jpg,109
1,16,302,205,153,Lamborghini Diablo Coupe 2001,02387.jpg,C:/Users/seanf/Desktop/archive/cars_train/cars_train/02387.jpg,143
21,29,463,290,60,Chevrolet HHR SS 2010,02388.jpg,C:/Users/seanf/Desktop/archive/cars_train/cars_train/02388.jpg,96
67,14,606,474,85,Dodge Caravan Minivan 1997,02389.jpg,C:/Users/seanf/Desktop/archive/cars_train/cars_train/02389.jpg,13
131,96,1962,1470,146,Jeep Wrangler SUV 2012,02390.jpg,C:/Users/seanf/Desktop/archive/cars_train/cars_train/02390.jpg,173
56,63,367,245,37,BMW X3 SUV 2012,02391.jpg,C:/Users/seanf/Desktop/archive/cars_train/cars_train/02391.jpg,75
17,13,197,115,196,smart fortwo Convertible 2012,02392.jpg,C:/Users/seanf/Desktop/archive/cars_train/cars_train/02392.jpg,134
101,141,719,450,186,Toyota Sequoia SUV 2012,02393.jpg,C:/Users/seanf/Desktop/archive/cars_train/cars_train/02393.jpg,11
33,87,468,278,120,GMC Yukon Hybrid SUV 2012,02394.jpg,C:/Users/seanf/Desktop/archive/cars_train/cars_train/02394.jpg,21
99,157,479,307,21,Audi S5 Convertible 2012,02395.jpg,C:/Users/seanf/Desktop/archive/cars_train/cars_train/02395.jpg,144
21,50,627,394,87,Dodge Ram Pickup 3500 Quad Cab 2009,02396.jpg,C:/Users/seanf/Desktop/archive/cars_train/cars_train/02396.jpg,155
46,240,1467,1115,140,Hyundai Azera Sedan 2012,02397.jpg,C:/Users/seanf/Desktop/archive/cars_train/cars_train/02397.jpg,98
81,62,1201,729,86,Dodge Ram Pickup 3500 Crew Cab 2010,02398.jpg,C:/Users/seanf/Desktop/archive/cars_train/cars_train/02398.jpg,25
12,90,624,423,121,GMC Acadia SUV 2012,02399.jpg,C:/Users/seanf/Desktop/archive/cars_train/cars_train/02399.jpg,82
6,1,216,74,18,Audi 100 Wagon 1994,02400.jpg,C:/Users/seanf/Desktop/archive/cars_train/cars_train/02400.jpg,66
155,21,763,360,193,Volvo C30 Hatchback 2012,02401.jpg,C:/Users/seanf/Desktop/archive/cars_train/cars_train/02401.jpg,14
86,164,535,391,58,Chevrolet Traverse SUV 2012,02402.jpg,C:/Users/seanf/Desktop/archive/cars_train/cars_train/02402.jpg,9
213,37,670,321,147,Jeep Liberty SUV 2012,02403.jpg,C:/Users/seanf/Desktop/archive/cars_train/cars_train/02403.jpg,85
23,89,556,327,120,GMC Yukon Hybrid SUV 2012,02404.jpg,C:/Users/seanf/Desktop/archive/cars_train/cars_train/02404.jpg,21
165,318,1135,923,167,Mitsubishi Lancer Sedan 2012,02405.jpg,C:/Users/seanf/Desktop/archive/cars_train/cars_train/02405.jpg,8
37,67,610,350,176,Rolls-Royce Ghost Sedan 2012,02406.jpg,C:/Users/seanf/Desktop/archive/cars_train/cars_train/02406.jpg,106
49,42,200,167,196,smart fortwo Convertible 2012,02407.jpg,C:/Users/seanf/Desktop/archive/cars_train/cars_train/02407.jpg,134
15,90,999,616,154,Land Rover Range Rover SUV 2012,02408.jpg,C:/Users/seanf/Desktop/archive/cars_train/cars_train/02408.jpg,27
18,22,444,272,85,Dodge Caravan Minivan 1997,02409.jpg,C:/Users/seanf/Desktop/archive/cars_train/cars_train/02409.jpg,13
16,46,251,185,33,BMW X6 SUV 2012,02410.jpg,C:/Users/seanf/Desktop/archive/cars_train/cars_train/02410.jpg,187
182,64,435,281,52,Cadillac SRX SUV 2012,02411.jpg,C:/Users/seanf/Desktop/archive/cars_train/cars_train/02411.jpg,189
198,196,907,643,20,Audi S6 Sedan 2011,02412.jpg,C:/Users/seanf/Desktop/archive/cars_train/cars_train/02412.jpg,69
70,67,689,410,142,Infiniti QX56 SUV 2011,02413.jpg,C:/Users/seanf/Desktop/archive/cars_train/cars_train/02413.jpg,35
19,40,291,182,135,Hyundai Elantra Sedan 2007,02414.jpg,C:/Users/seanf/Desktop/archive/cars_train/cars_train/02414.jpg,12
412,350,1933,996,79,Chrysler 300 SRT-8 2010,02415.jpg,C:/Users/seanf/Desktop/archive/cars_train/cars_train/02415.jpg,19
15,108,419,274,28,BMW 1 Series Coupe 2012,02416.jpg,C:/Users/seanf/Desktop/archive/cars_train/cars_train/02416.jpg,88
147,69,897,572,191,Volkswagen Golf Hatchback 1991,02417.jpg,C:/Users/seanf/Desktop/archive/cars_train/cars_train/02417.jpg,37
4,15,146,93,161,Mercedes-Benz 300-Class Convertible 1993,02418.jpg,C:/Users/seanf/Desktop/archive/cars_train/cars_train/02418.jpg,86
68,140,522,323,30,BMW 3 Series Wagon 2012,02419.jpg,C:/Users/seanf/Desktop/archive/cars_train/cars_train/02419.jpg,101
24,55,607,427,49,Buick Verano Sedan 2012,02420.jpg,C:/Users/seanf/Desktop/archive/cars_train/cars_train/02420.jpg,10
222,229,869,665,159,Mazda Tribute SUV 2011,02421.jpg,C:/Users/seanf/Desktop/archive/cars_train/cars_train/02421.jpg,183
3,50,294,191,51,Cadillac CTS-V Sedan 2012,02422.jpg,C:/Users/seanf/Desktop/archive/cars_train/cars_train/02422.jpg,74
113,154,545,368,187,Toyota Camry Sedan 2012,02423.jpg,C:/Users/seanf/Desktop/archive/cars_train/cars_train/02423.jpg,53
59,82,440,266,193,Volvo C30 Hatchback 2012,02424.jpg,C:/Users/seanf/Desktop/archive/cars_train/cars_train/02424.jpg,14
20,99,926,631,154,Land Rover Range Rover SUV 2012,02425.jpg,C:/Users/seanf/Desktop/archive/cars_train/cars_train/02425.jpg,27
78,155,733,471,35,BMW M5 Sedan 2010,02426.jpg,C:/Users/seanf/Desktop/archive/cars_train/cars_train/02426.jpg,194
101,41,534,430,46,Bugatti Veyron 16.4 Coupe 2009,02427.jpg,C:/Users/seanf/Desktop/archive/cars_train/cars_train/02427.jpg,149
5,5,92,62,123,Geo Metro Convertible 1993,02428.jpg,C:/Users/seanf/Desktop/archive/cars_train/cars_train/02428.jpg,5
94,440,1049,917,98,Eagle Talon Hatchback 1998,02429.jpg,C:/Users/seanf/Desktop/archive/cars_train/cars_train/02429.jpg,185
53,145,570,384,126,Honda Odyssey Minivan 2012,02430.jpg,C:/Users/seanf/Desktop/archive/cars_train/cars_train/02430.jpg,60
47,155,999,581,13,Audi A5 Coupe 2012,02431.jpg,C:/Users/seanf/Desktop/archive/cars_train/cars_train/02431.jpg,36
12,84,672,421,58,Chevrolet Traverse SUV 2012,02432.jpg,C:/Users/seanf/Desktop/archive/cars_train/cars_train/02432.jpg,9
70,58,253,141,51,Cadillac CTS-V Sedan 2012,02433.jpg,C:/Users/seanf/Desktop/archive/cars_train/cars_train/02433.jpg,74
1,47,639,438,130,Hyundai Veloster Hatchback 2012,02434.jpg,C:/Users/seanf/Desktop/archive/cars_train/cars_train/02434.jpg,152
74,89,422,341,175,Rolls-Royce Phantom Drophead Coupe Convertible 2012,02435.jpg,C:/Users/seanf/Desktop/archive/cars_train/cars_train/02435.jpg,72
33,117,587,408,61,Chevrolet Impala Sedan 2007,02436.jpg,C:/Users/seanf/Desktop/archive/cars_train/cars_train/02436.jpg,77
117,116,571,393,187,Toyota Camry Sedan 2012,02437.jpg,C:/Users/seanf/Desktop/archive/cars_train/cars_train/02437.jpg,53
7,41,787,431,7,Acura ZDX Hatchback 2012,02438.jpg,C:/Users/seanf/Desktop/archive/cars_train/cars_train/02438.jpg,139
13,103,624,414,64,Chevrolet Express Cargo Van 2007,02439.jpg,C:/Users/seanf/Desktop/archive/cars_train/cars_train/02439.jpg,178
103,163,1192,623,89,Dodge Journey SUV 2012,02440.jpg,C:/Users/seanf/Desktop/archive/cars_train/cars_train/02440.jpg,6
28,135,948,750,20,Audi S6 Sedan 2011,02441.jpg,C:/Users/seanf/Desktop/archive/cars_train/cars_train/02441.jpg,69
63,153,992,648,67,Chevrolet Malibu Hybrid Sedan 2010,02442.jpg,C:/Users/seanf/Desktop/archive/cars_train/cars_train/02442.jpg,166
74,62,617,411,124,HUMMER H3T Crew Cab 2010,02443.jpg,C:/Users/seanf/Desktop/archive/cars_train/cars_train/02443.jpg,49
70,60,737,541,113,Ford F-150 Regular Cab 2012,02444.jpg,C:/Users/seanf/Desktop/archive/cars_train/cars_train/02444.jpg,167
30,99,743,427,48,Buick Rainier SUV 2007,02445.jpg,C:/Users/seanf/Desktop/archive/cars_train/cars_train/02445.jpg,121
60,126,839,578,153,Lamborghini Diablo Coupe 2001,02446.jpg,C:/Users/seanf/Desktop/archive/cars_train/cars_train/02446.jpg,143
64,58,341,177,174,Ram C/V Cargo Van Minivan 2012,02447.jpg,C:/Users/seanf/Desktop/archive/cars_train/cars_train/02447.jpg,103
3,226,1017,621,91,Dodge Dakota Club Cab 2007,02448.jpg,C:/Users/seanf/Desktop/archive/cars_train/cars_train/02448.jpg,2
61,150,595,378,126,Honda Odyssey Minivan 2012,02449.jpg,C:/Users/seanf/Desktop/archive/cars_train/cars_train/02449.jpg,60
51,99,595,382,49,Buick Verano Sedan 2012,02450.jpg,C:/Users/seanf/Desktop/archive/cars_train/cars_train/02450.jpg,10
29,11,269,159,27,BMW 1 Series Convertible 2012,02451.jpg,C:/Users/seanf/Desktop/archive/cars_train/cars_train/02451.jpg,192
20,44,249,161,44,Bentley Continental Flying Spur Sedan 2007,02452.jpg,C:/Users/seanf/Desktop/archive/cars_train/cars_train/02452.jpg,46
24,61,450,306,86,Dodge Ram Pickup 3500 Crew Cab 2010,02453.jpg,C:/Users/seanf/Desktop/archive/cars_train/cars_train/02453.jpg,25
50,167,605,392,118,GMC Terrain SUV 2012,02454.jpg,C:/Users/seanf/Desktop/archive/cars_train/cars_train/02454.jpg,179
79,97,563,353,91,Dodge Dakota Club Cab 2007,02455.jpg,C:/Users/seanf/Desktop/archive/cars_train/cars_train/02455.jpg,2
40,38,224,155,25,Audi TT RS Coupe 2012,02456.jpg,C:/Users/seanf/Desktop/archive/cars_train/cars_train/02456.jpg,39
126,227,885,551,5,Acura TSX Sedan 2012,02457.jpg,C:/Users/seanf/Desktop/archive/cars_train/cars_train/02457.jpg,58
25,57,520,297,59,Chevrolet Camaro Convertible 2012,02458.jpg,C:/Users/seanf/Desktop/archive/cars_train/cars_train/02458.jpg,63
12,171,623,423,72,Chevrolet Monte Carlo Coupe 2007,02459.jpg,C:/Users/seanf/Desktop/archive/cars_train/cars_train/02459.jpg,130
14,39,252,154,118,GMC Terrain SUV 2012,02460.jpg,C:/Users/seanf/Desktop/archive/cars_train/cars_train/02460.jpg,179
19,62,952,526,191,Volkswagen Golf Hatchback 1991,02461.jpg,C:/Users/seanf/Desktop/archive/cars_train/cars_train/02461.jpg,37
2,12,639,437,146,Jeep Wrangler SUV 2012,02462.jpg,C:/Users/seanf/Desktop/archive/cars_train/cars_train/02462.jpg,173
51,138,926,525,137,Hyundai Genesis Sedan 2012,02463.jpg,C:/Users/seanf/Desktop/archive/cars_train/cars_train/02463.jpg,83
18,99,615,433,13,Audi A5 Coupe 2012,02464.jpg,C:/Users/seanf/Desktop/archive/cars_train/cars_train/02464.jpg,36
225,113,437,266,29,BMW 3 Series Sedan 2012,02465.jpg,C:/Users/seanf/Desktop/archive/cars_train/cars_train/02465.jpg,59
105,10,788,596,122,GMC Canyon Extended Cab 2012,02466.jpg,C:/Users/seanf/Desktop/archive/cars_train/cars_train/02466.jpg,57
26,18,698,468,139,Hyundai Elantra Touring Hatchback 2012,02467.jpg,C:/Users/seanf/Desktop/archive/cars_train/cars_train/02467.jpg,28
80,366,951,637,35,BMW M5 Sedan 2010,02468.jpg,C:/Users/seanf/Desktop/archive/cars_train/cars_train/02468.jpg,194
46,35,762,418,139,Hyundai Elantra Touring Hatchback 2012,02469.jpg,C:/Users/seanf/Desktop/archive/cars_train/cars_train/02469.jpg,28
142,230,1476,983,130,Hyundai Veloster Hatchback 2012,02470.jpg,C:/Users/seanf/Desktop/archive/cars_train/cars_train/02470.jpg,152
268,144,1645,1078,151,Lamborghini Aventador Coupe 2012,02471.jpg,C:/Users/seanf/Desktop/archive/cars_train/cars_train/02471.jpg,154
56,237,960,611,96,Dodge Charger Sedan 2012,02472.jpg,C:/Users/seanf/Desktop/archive/cars_train/cars_train/02472.jpg,7
107,279,1146,618,80,Chrysler Crossfire Convertible 2008,02473.jpg,C:/Users/seanf/Desktop/archive/cars_train/cars_train/02473.jpg,175
182,155,1743,951,14,Audi TTS Coupe 2012,02474.jpg,C:/Users/seanf/Desktop/archive/cars_train/cars_train/02474.jpg,0
34,214,1567,979,153,Lamborghini Diablo Coupe 2001,02475.jpg,C:/Users/seanf/Desktop/archive/cars_train/cars_train/02475.jpg,143
80,10,376,306,143,Isuzu Ascender SUV 2008,02476.jpg,C:/Users/seanf/Desktop/archive/cars_train/cars_train/02476.jpg,91
156,1,1145,747,180,Spyker C8 Coupe 2009,02477.jpg,C:/Users/seanf/Desktop/archive/cars_train/cars_train/02477.jpg,26
180,22,519,229,21,Audi S5 Convertible 2012,02478.jpg,C:/Users/seanf/Desktop/archive/cars_train/cars_train/02478.jpg,144
74,137,597,329,83,Dodge Caliber Wagon 2012,02479.jpg,C:/Users/seanf/Desktop/archive/cars_train/cars_train/02479.jpg,84
43,133,751,400,34,BMW M3 Coupe 2012,02480.jpg,C:/Users/seanf/Desktop/archive/cars_train/cars_train/02480.jpg,184
110,186,601,447,182,Suzuki Kizashi Sedan 2012,02481.jpg,C:/Users/seanf/Desktop/archive/cars_train/cars_train/02481.jpg,160
126,98,822,572,125,HUMMER H2 SUT Crew Cab 2009,02482.jpg,C:/Users/seanf/Desktop/archive/cars_train/cars_train/02482.jpg,115
17,33,389,281,88,Dodge Sprinter Cargo Van 2009,02483.jpg,C:/Users/seanf/Desktop/archive/cars_train/cars_train/02483.jpg,81
435,304,1008,622,10,Aston Martin Virage Convertible 2012,02484.jpg,C:/Users/seanf/Desktop/archive/cars_train/cars_train/02484.jpg,133
51,109,627,453,109,Ford Expedition EL SUV 2009,02485.jpg,C:/Users/seanf/Desktop/archive/cars_train/cars_train/02485.jpg,87
5,5,303,158,68,Chevrolet TrailBlazer SS 2009,02486.jpg,C:/Users/seanf/Desktop/archive/cars_train/cars_train/02486.jpg,114
79,136,913,635,144,Jaguar XK XKR 2012,02487.jpg,C:/Users/seanf/Desktop/archive/cars_train/cars_train/02487.jpg,89
35,201,730,466,87,Dodge Ram Pickup 3500 Quad Cab 2009,02488.jpg,C:/Users/seanf/Desktop/archive/cars_train/cars_train/02488.jpg,155
1,49,202,148,153,Lamborghini Diablo Coupe 2001,02489.jpg,C:/Users/seanf/Desktop/archive/cars_train/cars_train/02489.jpg,143
44,140,597,344,109,Ford Expedition EL SUV 2009,02490.jpg,C:/Users/seanf/Desktop/archive/cars_train/cars_train/02490.jpg,87
47,154,598,369,3,Acura TL Sedan 2012,02491.jpg,C:/Users/seanf/Desktop/archive/cars_train/cars_train/02491.jpg,1
26,60,373,255,135,Hyundai Elantra Sedan 2007,02492.jpg,C:/Users/seanf/Desktop/archive/cars_train/cars_train/02492.jpg,12
9,41,1015,640,44,Bentley Continental Flying Spur Sedan 2007,02493.jpg,C:/Users/seanf/Desktop/archive/cars_train/cars_train/02493.jpg,46
26,56,746,319,86,Dodge Ram Pickup 3500 Crew Cab 2010,02494.jpg,C:/Users/seanf/Desktop/archive/cars_train/cars_train/02494.jpg,25
28,37,445,266,185,Tesla Model S Sedan 2012,02495.jpg,C:/Users/seanf/Desktop/archive/cars_train/cars_train/02495.jpg,150
41,95,607,379,118,GMC Terrain SUV 2012,02496.jpg,C:/Users/seanf/Desktop/archive/cars_train/cars_train/02496.jpg,179
130,170,911,675,144,Jaguar XK XKR 2012,02497.jpg,C:/Users/seanf/Desktop/archive/cars_train/cars_train/02497.jpg,89
14,78,1005,709,108,Ford Freestar Minivan 2007,02498.jpg,C:/Users/seanf/Desktop/archive/cars_train/cars_train/02498.jpg,108
49,163,733,438,118,GMC Terrain SUV 2012,02499.jpg,C:/Users/seanf/Desktop/archive/cars_train/cars_train/02499.jpg,179
17,28,330,218,135,Hyundai Elantra Sedan 2007,02500.jpg,C:/Users/seanf/Desktop/archive/cars_train/cars_train/02500.jpg,12
1,159,400,286,158,Maybach Landaulet Convertible 2012,02501.jpg,C:/Users/seanf/Desktop/archive/cars_train/cars_train/02501.jpg,158
85,266,1021,579,67,Chevrolet Malibu Hybrid Sedan 2010,02502.jpg,C:/Users/seanf/Desktop/archive/cars_train/cars_train/02502.jpg,166
66,138,751,517,68,Chevrolet TrailBlazer SS 2009,02503.jpg,C:/Users/seanf/Desktop/archive/cars_train/cars_train/02503.jpg,114
41,39,223,160,28,BMW 1 Series Coupe 2012,02504.jpg,C:/Users/seanf/Desktop/archive/cars_train/cars_train/02504.jpg,88
1,9,141,63,18,Audi 100 Wagon 1994,02505.jpg,C:/Users/seanf/Desktop/archive/cars_train/cars_train/02505.jpg,66
9,4,251,164,108,Ford Freestar Minivan 2007,02506.jpg,C:/Users/seanf/Desktop/archive/cars_train/cars_train/02506.jpg,108
67,126,774,492,165,Mercedes-Benz S-Class Sedan 2012,02507.jpg,C:/Users/seanf/Desktop/archive/cars_train/cars_train/02507.jpg,70
35,61,599,410,109,Ford Expedition EL SUV 2009,02508.jpg,C:/Users/seanf/Desktop/archive/cars_train/cars_train/02508.jpg,87
17,54,245,169,33,BMW X6 SUV 2012,02509.jpg,C:/Users/seanf/Desktop/archive/cars_train/cars_train/02509.jpg,187
56,59,985,532,171,Nissan 240SX Coupe 1998,02510.jpg,C:/Users/seanf/Desktop/archive/cars_train/cars_train/02510.jpg,92
57,62,967,600,132,Hyundai Tucson SUV 2012,02511.jpg,C:/Users/seanf/Desktop/archive/cars_train/cars_train/02511.jpg,138
64,16,692,449,87,Dodge Ram Pickup 3500 Quad Cab 2009,02512.jpg,C:/Users/seanf/Desktop/archive/cars_train/cars_train/02512.jpg,155
24,141,539,455,154,Land Rover Range Rover SUV 2012,02513.jpg,C:/Users/seanf/Desktop/archive/cars_train/cars_train/02513.jpg,27
208,274,1549,997,149,Jeep Compass SUV 2012,02514.jpg,C:/Users/seanf/Desktop/archive/cars_train/cars_train/02514.jpg,102
25,18,241,168,65,Chevrolet Avalanche Crew Cab 2012,02515.jpg,C:/Users/seanf/Desktop/archive/cars_train/cars_train/02515.jpg,47
113,93,390,273,36,BMW M6 Convertible 2010,02516.jpg,C:/Users/seanf/Desktop/archive/cars_train/cars_train/02516.jpg,20
102,195,675,504,61,Chevrolet Impala Sedan 2007,02517.jpg,C:/Users/seanf/Desktop/archive/cars_train/cars_train/02517.jpg,77
1,20,229,194,86,Dodge Ram Pickup 3500 Crew Cab 2010,02518.jpg,C:/Users/seanf/Desktop/archive/cars_train/cars_train/02518.jpg,25
147,434,1954,1233,119,GMC Savana Van 2012,02519.jpg,C:/Users/seanf/Desktop/archive/cars_train/cars_train/02519.jpg,38
68,86,547,336,46,Bugatti Veyron 16.4 Coupe 2009,02520.jpg,C:/Users/seanf/Desktop/archive/cars_train/cars_train/02520.jpg,149
162,154,470,301,177,Rolls-Royce Phantom Sedan 2012,02521.jpg,C:/Users/seanf/Desktop/archive/cars_train/cars_train/02521.jpg,40
96,299,967,705,89,Dodge Journey SUV 2012,02522.jpg,C:/Users/seanf/Desktop/archive/cars_train/cars_train/02522.jpg,6
43,26,776,569,96,Dodge Charger Sedan 2012,02523.jpg,C:/Users/seanf/Desktop/archive/cars_train/cars_train/02523.jpg,7
15,11,262,196,111,Ford Ranger SuperCab 2011,02524.jpg,C:/Users/seanf/Desktop/archive/cars_train/cars_train/02524.jpg,56
217,330,1103,711,185,Tesla Model S Sedan 2012,02525.jpg,C:/Users/seanf/Desktop/archive/cars_train/cars_train/02525.jpg,150
25,219,304,302,160,McLaren MP4-12C Coupe 2012,02526.jpg,C:/Users/seanf/Desktop/archive/cars_train/cars_train/02526.jpg,116
2,92,595,480,172,Plymouth Neon Coupe 1999,02527.jpg,C:/Users/seanf/Desktop/archive/cars_train/cars_train/02527.jpg,15
13,17,313,178,39,Bentley Continental Supersports Conv. Convertible 2012,02528.jpg,C:/Users/seanf/Desktop/archive/cars_train/cars_train/02528.jpg,170
48,92,582,368,184,Suzuki SX4 Sedan 2012,02529.jpg,C:/Users/seanf/Desktop/archive/cars_train/cars_train/02529.jpg,24
12,18,256,163,162,Mercedes-Benz C-Class Sedan 2012,02530.jpg,C:/Users/seanf/Desktop/archive/cars_train/cars_train/02530.jpg,79
171,138,535,366,89,Dodge Journey SUV 2012,02531.jpg,C:/Users/seanf/Desktop/archive/cars_train/cars_train/02531.jpg,6
22,67,1408,859,98,Eagle Talon Hatchback 1998,02532.jpg,C:/Users/seanf/Desktop/archive/cars_train/cars_train/02532.jpg,185
15,150,626,452,77,Chrysler Sebring Convertible 2010,02533.jpg,C:/Users/seanf/Desktop/archive/cars_train/cars_train/02533.jpg,122
198,213,589,377,40,Bentley Arnage Sedan 2009,02534.jpg,C:/Users/seanf/Desktop/archive/cars_train/cars_train/02534.jpg,95
66,82,673,564,130,Hyundai Veloster Hatchback 2012,02535.jpg,C:/Users/seanf/Desktop/archive/cars_train/cars_train/02535.jpg,152
92,84,564,402,78,Chrysler Town and Country Minivan 2012,02536.jpg,C:/Users/seanf/Desktop/archive/cars_train/cars_train/02536.jpg,195
37,36,246,157,80,Chrysler Crossfire Convertible 2008,02537.jpg,C:/Users/seanf/Desktop/archive/cars_train/cars_train/02537.jpg,175
54,162,565,356,78,Chrysler Town and Country Minivan 2012,02538.jpg,C:/Users/seanf/Desktop/archive/cars_train/cars_train/02538.jpg,195
64,121,365,261,19,Audi TT Hatchback 2011,02539.jpg,C:/Users/seanf/Desktop/archive/cars_train/cars_train/02539.jpg,110
7,133,716,444,2,Acura RL Sedan 2012,02540.jpg,C:/Users/seanf/Desktop/archive/cars_train/cars_train/02540.jpg,191
20,12,651,475,45,Bugatti Veyron 16.4 Convertible 2009,02541.jpg,C:/Users/seanf/Desktop/archive/cars_train/cars_train/02541.jpg,119
104,102,915,581,155,Land Rover LR2 SUV 2012,02542.jpg,C:/Users/seanf/Desktop/archive/cars_train/cars_train/02542.jpg,97
22,58,179,136,80,Chrysler Crossfire Convertible 2008,02543.jpg,C:/Users/seanf/Desktop/archive/cars_train/cars_train/02543.jpg,175
39,275,1143,810,57,Chevrolet Corvette Ron Fellows Edition Z06 2007,02544.jpg,C:/Users/seanf/Desktop/archive/cars_train/cars_train/02544.jpg,18
14,53,251,194,84,Dodge Caliber Wagon 2007,02545.jpg,C:/Users/seanf/Desktop/archive/cars_train/cars_train/02545.jpg,137
12,40,251,167,54,Chevrolet Silverado 1500 Hybrid Crew Cab 2012,02546.jpg,C:/Users/seanf/Desktop/archive/cars_train/cars_train/02546.jpg,112
70,165,542,309,87,Dodge Ram Pickup 3500 Quad Cab 2009,02547.jpg,C:/Users/seanf/Desktop/archive/cars_train/cars_train/02547.jpg,155
23,56,620,429,119,GMC Savana Van 2012,02548.jpg,C:/Users/seanf/Desktop/archive/cars_train/cars_train/02548.jpg,38
189,218,1063,588,45,Bugatti Veyron 16.4 Convertible 2009,02549.jpg,C:/Users/seanf/Desktop/archive/cars_train/cars_train/02549.jpg,119
20,170,639,421,29,BMW 3 Series Sedan 2012,02550.jpg,C:/Users/seanf/Desktop/archive/cars_train/cars_train/02550.jpg,59
32,43,186,124,106,Ford F-450 Super Duty Crew Cab 2012,02551.jpg,C:/Users/seanf/Desktop/archive/cars_train/cars_train/02551.jpg,4
37,74,269,169,105,Fisker Karma Sedan 2012,02552.jpg,C:/Users/seanf/Desktop/archive/cars_train/cars_train/02552.jpg,34
51,193,593,381,43,Bentley Continental GT Coupe 2007,02553.jpg,C:/Users/seanf/Desktop/archive/cars_train/cars_train/02553.jpg,65
106,152,928,618,127,Honda Odyssey Minivan 2007,02554.jpg,C:/Users/seanf/Desktop/archive/cars_train/cars_train/02554.jpg,157
93,162,714,418,133,Hyundai Veracruz SUV 2012,02555.jpg,C:/Users/seanf/Desktop/archive/cars_train/cars_train/02555.jpg,30
10,31,293,157,21,Audi S5 Convertible 2012,02556.jpg,C:/Users/seanf/Desktop/archive/cars_train/cars_train/02556.jpg,144
30,31,189,130,88,Dodge Sprinter Cargo Van 2009,02557.jpg,C:/Users/seanf/Desktop/archive/cars_train/cars_train/02557.jpg,81
11,42,251,157,148,Jeep Grand Cherokee SUV 2012,02558.jpg,C:/Users/seanf/Desktop/archive/cars_train/cars_train/02558.jpg,43
16,26,690,462,81,Chrysler PT Cruiser Convertible 2008,02559.jpg,C:/Users/seanf/Desktop/archive/cars_train/cars_train/02559.jpg,182
16,49,383,277,134,Hyundai Sonata Hybrid Sedan 2012,02560.jpg,C:/Users/seanf/Desktop/archive/cars_train/cars_train/02560.jpg,3
51,4,508,255,24,Audi S4 Sedan 2007,02561.jpg,C:/Users/seanf/Desktop/archive/cars_train/cars_train/02561.jpg,105
77,150,618,397,173,Porsche Panamera Sedan 2012,02562.jpg,C:/Users/seanf/Desktop/archive/cars_train/cars_train/02562.jpg,41
87,224,1521,926,174,Ram C/V Cargo Van Minivan 2012,02563.jpg,C:/Users/seanf/Desktop/archive/cars_train/cars_train/02563.jpg,103
27,165,750,466,71,Chevrolet Express Van 2007,02564.jpg,C:/Users/seanf/Desktop/archive/cars_train/cars_train/02564.jpg,76
120,66,585,425,195,Volvo XC90 SUV 2007,02565.jpg,C:/Users/seanf/Desktop/archive/cars_train/cars_train/02565.jpg,131
59,162,971,635,23,Audi S4 Sedan 2012,02566.jpg,C:/Users/seanf/Desktop/archive/cars_train/cars_train/02566.jpg,127
108,29,1427,925,164,Mercedes-Benz E-Class Sedan 2012,02567.jpg,C:/Users/seanf/Desktop/archive/cars_train/cars_train/02567.jpg,177
30,41,267,179,104,Ferrari 458 Italia Coupe 2012,02568.jpg,C:/Users/seanf/Desktop/archive/cars_train/cars_train/02568.jpg,31
95,124,431,308,93,Dodge Challenger SRT8 2011,02569.jpg,C:/Users/seanf/Desktop/archive/cars_train/cars_train/02569.jpg,117
81,102,596,419,77,Chrysler Sebring Convertible 2010,02570.jpg,C:/Users/seanf/Desktop/archive/cars_train/cars_train/02570.jpg,122
239,180,692,417,146,Jeep Wrangler SUV 2012,02571.jpg,C:/Users/seanf/Desktop/archive/cars_train/cars_train/02571.jpg,173
6,102,609,410,177,Rolls-Royce Phantom Sedan 2012,02572.jpg,C:/Users/seanf/Desktop/archive/cars_train/cars_train/02572.jpg,40
275,53,1359,923,112,Ford GT Coupe 2006,02573.jpg,C:/Users/seanf/Desktop/archive/cars_train/cars_train/02573.jpg,73
527,299,1197,692,97,Dodge Charger SRT-8 2009,02574.jpg,C:/Users/seanf/Desktop/archive/cars_train/cars_train/02574.jpg,33
51,69,618,372,61,Chevrolet Impala Sedan 2007,02575.jpg,C:/Users/seanf/Desktop/archive/cars_train/cars_train/02575.jpg,77
115,38,526,296,62,Chevrolet Tahoe Hybrid SUV 2012,02576.jpg,C:/Users/seanf/Desktop/archive/cars_train/cars_train/02576.jpg,161
21,45,281,133,9,Aston Martin V8 Vantage Coupe 2012,02577.jpg,C:/Users/seanf/Desktop/archive/cars_train/cars_train/02577.jpg,165
18,107,630,340,114,Ford F-150 Regular Cab 2007,02578.jpg,C:/Users/seanf/Desktop/archive/cars_train/cars_train/02578.jpg,50
69,29,408,236,84,Dodge Caliber Wagon 2007,02579.jpg,C:/Users/seanf/Desktop/archive/cars_train/cars_train/02579.jpg,137
39,2,436,192,151,Lamborghini Aventador Coupe 2012,02580.jpg,C:/Users/seanf/Desktop/archive/cars_train/cars_train/02580.jpg,154
12,34,398,254,115,Ford Focus Sedan 2007,02581.jpg,C:/Users/seanf/Desktop/archive/cars_train/cars_train/02581.jpg,169
103,215,667,475,173,Porsche Panamera Sedan 2012,02582.jpg,C:/Users/seanf/Desktop/archive/cars_train/cars_train/02582.jpg,41
6,8,567,342,185,Tesla Model S Sedan 2012,02583.jpg,C:/Users/seanf/Desktop/archive/cars_train/cars_train/02583.jpg,150
33,48,458,289,12,Audi RS 4 Convertible 2008,02584.jpg,C:/Users/seanf/Desktop/archive/cars_train/cars_train/02584.jpg,125
9,71,446,345,84,Dodge Caliber Wagon 2007,02585.jpg,C:/Users/seanf/Desktop/archive/cars_train/cars_train/02585.jpg,137
30,48,404,277,51,Cadillac CTS-V Sedan 2012,02586.jpg,C:/Users/seanf/Desktop/archive/cars_train/cars_train/02586.jpg,74
150,119,481,368,176,Rolls-Royce Ghost Sedan 2012,02587.jpg,C:/Users/seanf/Desktop/archive/cars_train/cars_train/02587.jpg,106
19,82,400,319,114,Ford F-150 Regular Cab 2007,02588.jpg,C:/Users/seanf/Desktop/archive/cars_train/cars_train/02588.jpg,50
71,192,594,465,3,Acura TL Sedan 2012,02589.jpg,C:/Users/seanf/Desktop/archive/cars_train/cars_train/02589.jpg,1
51,74,264,185,67,Chevrolet Malibu Hybrid Sedan 2010,02590.jpg,C:/Users/seanf/Desktop/archive/cars_train/cars_train/02590.jpg,166
256,187,1001,462,112,Ford GT Coupe 2006,02591.jpg,C:/Users/seanf/Desktop/archive/cars_train/cars_train/02591.jpg,73
23,65,624,415,64,Chevrolet Express Cargo Van 2007,02592.jpg,C:/Users/seanf/Desktop/archive/cars_train/cars_train/02592.jpg,178
253,220,662,445,39,Bentley Continental Supersports Conv. Convertible 2012,02593.jpg,C:/Users/seanf/Desktop/archive/cars_train/cars_train/02593.jpg,170
18,58,439,269,10,Aston Martin Virage Convertible 2012,02594.jpg,C:/Users/seanf/Desktop/archive/cars_train/cars_train/02594.jpg,133
129,413,946,879,134,Hyundai Sonata Hybrid Sedan 2012,02595.jpg,C:/Users/seanf/Desktop/archive/cars_train/cars_train/02595.jpg,3
95,208,880,715,81,Chrysler PT Cruiser Convertible 2008,02596.jpg,C:/Users/seanf/Desktop/archive/cars_train/cars_train/02596.jpg,182
48,92,209,181,70,Chevrolet Silverado 1500 Classic Extended Cab 2007,02597.jpg,C:/Users/seanf/Desktop/archive/cars_train/cars_train/02597.jpg,171
40,38,224,155,14,Audi TTS Coupe 2012,02598.jpg,C:/Users/seanf/Desktop/archive/cars_train/cars_train/02598.jpg,0
17,45,438,290,86,Dodge Ram Pickup 3500 Crew Cab 2010,02599.jpg,C:/Users/seanf/Desktop/archive/cars_train/cars_train/02599.jpg,25
18,59,389,264,17,Audi 100 Sedan 1994,02600.jpg,C:/Users/seanf/Desktop/archive/cars_train/cars_train/02600.jpg,55
168,9,1169,880,94,Dodge Durango SUV 2012,02601.jpg,C:/Users/seanf/Desktop/archive/cars_train/cars_train/02601.jpg,61
253,16,534,174,184,Suzuki SX4 Sedan 2012,02602.jpg,C:/Users/seanf/Desktop/archive/cars_train/cars_train/02602.jpg,24
32,35,233,158,67,Chevrolet Malibu Hybrid Sedan 2010,02603.jpg,C:/Users/seanf/Desktop/archive/cars_train/cars_train/02603.jpg,166
34,4,264,195,175,Rolls-Royce Phantom Drophead Coupe Convertible 2012,02604.jpg,C:/Users/seanf/Desktop/archive/cars_train/cars_train/02604.jpg,72
10,34,627,322,6,Acura Integra Type R 2001,02605.jpg,C:/Users/seanf/Desktop/archive/cars_train/cars_train/02605.jpg,123
37,147,973,638,50,Buick Enclave SUV 2012,02606.jpg,C:/Users/seanf/Desktop/archive/cars_train/cars_train/02606.jpg,113
52,197,1936,1339,149,Jeep Compass SUV 2012,02607.jpg,C:/Users/seanf/Desktop/archive/cars_train/cars_train/02607.jpg,102
21,23,693,381,76,Chrysler Aspen SUV 2009,02608.jpg,C:/Users/seanf/Desktop/archive/cars_train/cars_train/02608.jpg,99
75,203,1486,1024,64,Chevrolet Express Cargo Van 2007,02609.jpg,C:/Users/seanf/Desktop/archive/cars_train/cars_train/02609.jpg,178
41,122,601,352,87,Dodge Ram Pickup 3500 Quad Cab 2009,02610.jpg,C:/Users/seanf/Desktop/archive/cars_train/cars_train/02610.jpg,155
8,94,285,200,84,Dodge Caliber Wagon 2007,02611.jpg,C:/Users/seanf/Desktop/archive/cars_train/cars_train/02611.jpg,137
17,147,548,362,98,Eagle Talon Hatchback 1998,02612.jpg,C:/Users/seanf/Desktop/archive/cars_train/cars_train/02612.jpg,185
44,95,595,435,153,Lamborghini Diablo Coupe 2001,02613.jpg,C:/Users/seanf/Desktop/archive/cars_train/cars_train/02613.jpg,143
53,105,461,337,77,Chrysler Sebring Convertible 2010,02614.jpg,C:/Users/seanf/Desktop/archive/cars_train/cars_train/02614.jpg,122
27,35,379,255,108,Ford Freestar Minivan 2007,02615.jpg,C:/Users/seanf/Desktop/archive/cars_train/cars_train/02615.jpg,108
237,88,657,372,151,Lamborghini Aventador Coupe 2012,02616.jpg,C:/Users/seanf/Desktop/archive/cars_train/cars_train/02616.jpg,154
280,158,777,491,140,Hyundai Azera Sedan 2012,02617.jpg,C:/Users/seanf/Desktop/archive/cars_train/cars_train/02617.jpg,98
37,10,400,300,124,HUMMER H3T Crew Cab 2010,02618.jpg,C:/Users/seanf/Desktop/archive/cars_train/cars_train/02618.jpg,49
4,89,680,379,63,Chevrolet Sonic Sedan 2012,02619.jpg,C:/Users/seanf/Desktop/archive/cars_train/cars_train/02619.jpg,129
5,42,797,406,12,Audi RS 4 Convertible 2008,02620.jpg,C:/Users/seanf/Desktop/archive/cars_train/cars_train/02620.jpg,125
44,114,597,435,187,Toyota Camry Sedan 2012,02621.jpg,C:/Users/seanf/Desktop/archive/cars_train/cars_train/02621.jpg,53
57,39,200,156,90,Dodge Dakota Crew Cab 2010,02622.jpg,C:/Users/seanf/Desktop/archive/cars_train/cars_train/02622.jpg,48
41,132,672,431,192,Volkswagen Beetle Hatchback 2012,02623.jpg,C:/Users/seanf/Desktop/archive/cars_train/cars_train/02623.jpg,17
52,147,981,547,81,Chrysler PT Cruiser Convertible 2008,02624.jpg,C:/Users/seanf/Desktop/archive/cars_train/cars_train/02624.jpg,182
53,102,398,234,15,Audi R8 Coupe 2012,02625.jpg,C:/Users/seanf/Desktop/archive/cars_train/cars_train/02625.jpg,44
67,361,1861,1057,105,Fisker Karma Sedan 2012,02626.jpg,C:/Users/seanf/Desktop/archive/cars_train/cars_train/02626.jpg,34
11,11,293,168,28,BMW 1 Series Coupe 2012,02627.jpg,C:/Users/seanf/Desktop/archive/cars_train/cars_train/02627.jpg,88
27,15,310,222,113,Ford F-150 Regular Cab 2012,02628.jpg,C:/Users/seanf/Desktop/archive/cars_train/cars_train/02628.jpg,167
69,284,1105,786,192,Volkswagen Beetle Hatchback 2012,02629.jpg,C:/Users/seanf/Desktop/archive/cars_train/cars_train/02629.jpg,17
153,94,553,356,23,Audi S4 Sedan 2012,02630.jpg,C:/Users/seanf/Desktop/archive/cars_train/cars_train/02630.jpg,127
25,50,623,417,165,Mercedes-Benz S-Class Sedan 2012,02631.jpg,C:/Users/seanf/Desktop/archive/cars_train/cars_train/02631.jpg,70
55,224,884,573,15,Audi R8 Coupe 2012,02632.jpg,C:/Users/seanf/Desktop/archive/cars_train/cars_train/02632.jpg,44
1,56,402,251,60,Chevrolet HHR SS 2010,02633.jpg,C:/Users/seanf/Desktop/archive/cars_train/cars_train/02633.jpg,96
72,199,961,744,106,Ford F-450 Super Duty Crew Cab 2012,02634.jpg,C:/Users/seanf/Desktop/archive/cars_train/cars_train/02634.jpg,4
39,172,1451,902,164,Mercedes-Benz E-Class Sedan 2012,02635.jpg,C:/Users/seanf/Desktop/archive/cars_train/cars_train/02635.jpg,177
121,287,1500,898,160,McLaren MP4-12C Coupe 2012,02636.jpg,C:/Users/seanf/Desktop/archive/cars_train/cars_train/02636.jpg,116
63,105,597,420,78,Chrysler Town and Country Minivan 2012,02637.jpg,C:/Users/seanf/Desktop/archive/cars_train/cars_train/02637.jpg,195
92,158,585,416,89,Dodge Journey SUV 2012,02638.jpg,C:/Users/seanf/Desktop/archive/cars_train/cars_train/02638.jpg,6
44,78,529,329,82,Daewoo Nubira Wagon 2002,02639.jpg,C:/Users/seanf/Desktop/archive/cars_train/cars_train/02639.jpg,186
27,80,613,402,75,Chevrolet Silverado 1500 Regular Cab 2012,02640.jpg,C:/Users/seanf/Desktop/archive/cars_train/cars_train/02640.jpg,159
71,35,587,375,13,Audi A5 Coupe 2012,02641.jpg,C:/Users/seanf/Desktop/archive/cars_train/cars_train/02641.jpg,36
9,12,595,354,185,Tesla Model S Sedan 2012,02642.jpg,C:/Users/seanf/Desktop/archive/cars_train/cars_train/02642.jpg,150
14,82,596,422,58,Chevrolet Traverse SUV 2012,02643.jpg,C:/Users/seanf/Desktop/archive/cars_train/cars_train/02643.jpg,9
12,57,240,134,106,Ford F-450 Super Duty Crew Cab 2012,02644.jpg,C:/Users/seanf/Desktop/archive/cars_train/cars_train/02644.jpg,4
87,75,494,327,9,Aston Martin V8 Vantage Coupe 2012,02645.jpg,C:/Users/seanf/Desktop/archive/cars_train/cars_train/02645.jpg,165
74,87,319,264,97,Dodge Charger SRT-8 2009,02646.jpg,C:/Users/seanf/Desktop/archive/cars_train/cars_train/02646.jpg,33
25,36,292,170,141,Infiniti G Coupe IPL 2012,02647.jpg,C:/Users/seanf/Desktop/archive/cars_train/cars_train/02647.jpg,136
6,38,289,163,82,Daewoo Nubira Wagon 2002,02648.jpg,C:/Users/seanf/Desktop/archive/cars_train/cars_train/02648.jpg,186
65,14,458,326,28,BMW 1 Series Coupe 2012,02649.jpg,C:/Users/seanf/Desktop/archive/cars_train/cars_train/02649.jpg,88
119,64,2029,1533,188,Toyota Corolla Sedan 2012,02650.jpg,C:/Users/seanf/Desktop/archive/cars_train/cars_train/02650.jpg,62
9,118,1007,590,97,Dodge Charger SRT-8 2009,02651.jpg,C:/Users/seanf/Desktop/archive/cars_train/cars_train/02651.jpg,33
18,57,903,686,146,Jeep Wrangler SUV 2012,02652.jpg,C:/Users/seanf/Desktop/archive/cars_train/cars_train/02652.jpg,173
53,301,963,615,164,Mercedes-Benz E-Class Sedan 2012,02653.jpg,C:/Users/seanf/Desktop/archive/cars_train/cars_train/02653.jpg,177
115,47,812,543,57,Chevrolet Corvette Ron Fellows Edition Z06 2007,02654.jpg,C:/Users/seanf/Desktop/archive/cars_train/cars_train/02654.jpg,18
23,50,626,461,32,BMW X5 SUV 2007,02655.jpg,C:/Users/seanf/Desktop/archive/cars_train/cars_train/02655.jpg,172
38,30,240,138,16,Audi V8 Sedan 1994,02656.jpg,C:/Users/seanf/Desktop/archive/cars_train/cars_train/02656.jpg,124
16,35,286,225,151,Lamborghini Aventador Coupe 2012,02657.jpg,C:/Users/seanf/Desktop/archive/cars_train/cars_train/02657.jpg,154
27,37,611,444,64,Chevrolet Express Cargo Van 2007,02658.jpg,C:/Users/seanf/Desktop/archive/cars_train/cars_train/02658.jpg,178
25,69,487,356,110,Ford Edge SUV 2012,02659.jpg,C:/Users/seanf/Desktop/archive/cars_train/cars_train/02659.jpg,64
32,113,527,407,172,Plymouth Neon Coupe 1999,02660.jpg,C:/Users/seanf/Desktop/archive/cars_train/cars_train/02660.jpg,15
17,5,282,173,76,Chrysler Aspen SUV 2009,02661.jpg,C:/Users/seanf/Desktop/archive/cars_train/cars_train/02661.jpg,99
42,81,765,507,82,Daewoo Nubira Wagon 2002,02662.jpg,C:/Users/seanf/Desktop/archive/cars_train/cars_train/02662.jpg,186
14,84,627,398,3,Acura TL Sedan 2012,02663.jpg,C:/Users/seanf/Desktop/archive/cars_train/cars_train/02663.jpg,1
137,131,836,503,101,Ferrari FF Coupe 2012,02664.jpg,C:/Users/seanf/Desktop/archive/cars_train/cars_train/02664.jpg,52
152,167,1095,681,139,Hyundai Elantra Touring Hatchback 2012,02665.jpg,C:/Users/seanf/Desktop/archive/cars_train/cars_train/02665.jpg,28
33,39,374,242,129,Honda Accord Sedan 2012,02666.jpg,C:/Users/seanf/Desktop/archive/cars_train/cars_train/02666.jpg,181
1,27,799,600,57,Chevrolet Corvette Ron Fellows Edition Z06 2007,02667.jpg,C:/Users/seanf/Desktop/archive/cars_train/cars_train/02667.jpg,18
48,10,402,284,84,Dodge Caliber Wagon 2007,02668.jpg,C:/Users/seanf/Desktop/archive/cars_train/cars_train/02668.jpg,137
13,256,769,532,2,Acura RL Sedan 2012,02669.jpg,C:/Users/seanf/Desktop/archive/cars_train/cars_train/02669.jpg,191
19,63,307,170,5,Acura TSX Sedan 2012,02670.jpg,C:/Users/seanf/Desktop/archive/cars_train/cars_train/02670.jpg,58
95,62,402,306,7,Acura ZDX Hatchback 2012,02671.jpg,C:/Users/seanf/Desktop/archive/cars_train/cars_train/02671.jpg,139
14,66,314,199,71,Chevrolet Express Van 2007,02672.jpg,C:/Users/seanf/Desktop/archive/cars_train/cars_train/02672.jpg,76
72,61,541,291,59,Chevrolet Camaro Convertible 2012,02673.jpg,C:/Users/seanf/Desktop/archive/cars_train/cars_train/02673.jpg,63
8,27,252,145,13,Audi A5 Coupe 2012,02674.jpg,C:/Users/seanf/Desktop/archive/cars_train/cars_train/02674.jpg,36
18,29,779,588,79,Chrysler 300 SRT-8 2010,02675.jpg,C:/Users/seanf/Desktop/archive/cars_train/cars_train/02675.jpg,19
13,154,798,466,153,Lamborghini Diablo Coupe 2001,02676.jpg,C:/Users/seanf/Desktop/archive/cars_train/cars_train/02676.jpg,143
18,34,485,310,110,Ford Edge SUV 2012,02677.jpg,C:/Users/seanf/Desktop/archive/cars_train/cars_train/02677.jpg,64
68,230,638,444,143,Isuzu Ascender SUV 2008,02678.jpg,C:/Users/seanf/Desktop/archive/cars_train/cars_train/02678.jpg,91
32,51,360,262,95,Dodge Durango SUV 2007,02679.jpg,C:/Users/seanf/Desktop/archive/cars_train/cars_train/02679.jpg,193
70,1,1597,1099,24,Audi S4 Sedan 2007,02680.jpg,C:/Users/seanf/Desktop/archive/cars_train/cars_train/02680.jpg,105
232,318,803,510,36,BMW M6 Convertible 2010,02681.jpg,C:/Users/seanf/Desktop/archive/cars_train/cars_train/02681.jpg,20
23,91,429,289,104,Ferrari 458 Italia Coupe 2012,02682.jpg,C:/Users/seanf/Desktop/archive/cars_train/cars_train/02682.jpg,31
12,46,245,152,72,Chevrolet Monte Carlo Coupe 2007,02683.jpg,C:/Users/seanf/Desktop/archive/cars_train/cars_train/02683.jpg,130
18,29,242,176,86,Dodge Ram Pickup 3500 Crew Cab 2010,02684.jpg,C:/Users/seanf/Desktop/archive/cars_train/cars_train/02684.jpg,25
21,53,201,136,174,Ram C/V Cargo Van Minivan 2012,02685.jpg,C:/Users/seanf/Desktop/archive/cars_train/cars_train/02685.jpg,103
15,52,262,173,38,BMW Z4 Convertible 2012,02686.jpg,C:/Users/seanf/Desktop/archive/cars_train/cars_train/02686.jpg,32
8,50,247,177,188,Toyota Corolla Sedan 2012,02687.jpg,C:/Users/seanf/Desktop/archive/cars_train/cars_train/02687.jpg,62
35,157,479,332,20,Audi S6 Sedan 2011,02688.jpg,C:/Users/seanf/Desktop/archive/cars_train/cars_train/02688.jpg,69
9,51,296,197,83,Dodge Caliber Wagon 2012,02689.jpg,C:/Users/seanf/Desktop/archive/cars_train/cars_train/02689.jpg,84
60,169,588,467,120,GMC Yukon Hybrid SUV 2012,02690.jpg,C:/Users/seanf/Desktop/archive/cars_train/cars_train/02690.jpg,21
58,67,720,282,34,BMW M3 Coupe 2012,02691.jpg,C:/Users/seanf/Desktop/archive/cars_train/cars_train/02691.jpg,184
41,104,656,401,98,Eagle Talon Hatchback 1998,02692.jpg,C:/Users/seanf/Desktop/archive/cars_train/cars_train/02692.jpg,185
6,55,257,143,161,Mercedes-Benz 300-Class Convertible 1993,02693.jpg,C:/Users/seanf/Desktop/archive/cars_train/cars_train/02693.jpg,86
31,91,441,368,165,Mercedes-Benz S-Class Sedan 2012,02694.jpg,C:/Users/seanf/Desktop/archive/cars_train/cars_train/02694.jpg,70
31,46,475,269,56,Chevrolet Corvette ZR1 2012,02695.jpg,C:/Users/seanf/Desktop/archive/cars_train/cars_train/02695.jpg,94
25,29,265,163,21,Audi S5 Convertible 2012,02696.jpg,C:/Users/seanf/Desktop/archive/cars_train/cars_train/02696.jpg,144
6,17,299,222,76,Chrysler Aspen SUV 2009,02697.jpg,C:/Users/seanf/Desktop/archive/cars_train/cars_train/02697.jpg,99
132,96,525,283,108,Ford Freestar Minivan 2007,02698.jpg,C:/Users/seanf/Desktop/archive/cars_train/cars_train/02698.jpg,108
19,539,1278,981,172,Plymouth Neon Coupe 1999,02699.jpg,C:/Users/seanf/Desktop/archive/cars_train/cars_train/02699.jpg,15
27,2,232,182,121,GMC Acadia SUV 2012,02700.jpg,C:/Users/seanf/Desktop/archive/cars_train/cars_train/02700.jpg,82
137,210,1270,698,144,Jaguar XK XKR 2012,02701.jpg,C:/Users/seanf/Desktop/archive/cars_train/cars_train/02701.jpg,89
15,122,390,281,37,BMW X3 SUV 2012,02702.jpg,C:/Users/seanf/Desktop/archive/cars_train/cars_train/02702.jpg,75
31,96,600,313,186,Toyota Sequoia SUV 2012,02703.jpg,C:/Users/seanf/Desktop/archive/cars_train/cars_train/02703.jpg,11
87,72,738,501,112,Ford GT Coupe 2006,02704.jpg,C:/Users/seanf/Desktop/archive/cars_train/cars_train/02704.jpg,73
12,31,157,116,190,Volkswagen Golf Hatchback 2012,02705.jpg,C:/Users/seanf/Desktop/archive/cars_train/cars_train/02705.jpg,51
14,19,606,275,53,Cadillac Escalade EXT Crew Cab 2007,02706.jpg,C:/Users/seanf/Desktop/archive/cars_train/cars_train/02706.jpg,45
65,153,601,416,115,Ford Focus Sedan 2007,02707.jpg,C:/Users/seanf/Desktop/archive/cars_train/cars_train/02707.jpg,169
37,44,708,436,176,Rolls-Royce Ghost Sedan 2012,02708.jpg,C:/Users/seanf/Desktop/archive/cars_train/cars_train/02708.jpg,106
109,45,527,401,81,Chrysler PT Cruiser Convertible 2008,02709.jpg,C:/Users/seanf/Desktop/archive/cars_train/cars_train/02709.jpg,182
44,99,525,371,98,Eagle Talon Hatchback 1998,02710.jpg,C:/Users/seanf/Desktop/archive/cars_train/cars_train/02710.jpg,185
105,147,545,417,174,Ram C/V Cargo Van Minivan 2012,02711.jpg,C:/Users/seanf/Desktop/archive/cars_train/cars_train/02711.jpg,103
31,8,415,221,109,Ford Expedition EL SUV 2009,02712.jpg,C:/Users/seanf/Desktop/archive/cars_train/cars_train/02712.jpg,87
73,69,271,140,57,Chevrolet Corvette Ron Fellows Edition Z06 2007,02713.jpg,C:/Users/seanf/Desktop/archive/cars_train/cars_train/02713.jpg,18
19,165,709,607,172,Plymouth Neon Coupe 1999,02714.jpg,C:/Users/seanf/Desktop/archive/cars_train/cars_train/02714.jpg,15
56,80,509,408,24,Audi S4 Sedan 2007,02715.jpg,C:/Users/seanf/Desktop/archive/cars_train/cars_train/02715.jpg,105
33,52,227,166,83,Dodge Caliber Wagon 2012,02716.jpg,C:/Users/seanf/Desktop/archive/cars_train/cars_train/02716.jpg,84
39,61,596,347,31,BMW 6 Series Convertible 2007,02717.jpg,C:/Users/seanf/Desktop/archive/cars_train/cars_train/02717.jpg,145
29,11,458,316,41,Bentley Mulsanne Sedan 2011,02718.jpg,C:/Users/seanf/Desktop/archive/cars_train/cars_train/02718.jpg,109
12,55,630,314,93,Dodge Challenger SRT8 2011,02719.jpg,C:/Users/seanf/Desktop/archive/cars_train/cars_train/02719.jpg,117
81,85,565,405,149,Jeep Compass SUV 2012,02720.jpg,C:/Users/seanf/Desktop/archive/cars_train/cars_train/02720.jpg,102
15,4,246,171,116,Ford E-Series Wagon Van 2012,02721.jpg,C:/Users/seanf/Desktop/archive/cars_train/cars_train/02721.jpg,67
78,104,1373,845,103,Ferrari 458 Italia Convertible 2012,02722.jpg,C:/Users/seanf/Desktop/archive/cars_train/cars_train/02722.jpg,146
1,21,400,176,163,Mercedes-Benz SL-Class Coupe 2009,02723.jpg,C:/Users/seanf/Desktop/archive/cars_train/cars_train/02723.jpg,111
38,18,192,110,108,Ford Freestar Minivan 2007,02724.jpg,C:/Users/seanf/Desktop/archive/cars_train/cars_train/02724.jpg,108
104,67,548,409,128,Honda Accord Coupe 2012,02725.jpg,C:/Users/seanf/Desktop/archive/cars_train/cars_train/02725.jpg,126
29,82,215,175,72,Chevrolet Monte Carlo Coupe 2007,02726.jpg,C:/Users/seanf/Desktop/archive/cars_train/cars_train/02726.jpg,130
90,30,577,396,179,Spyker C8 Convertible 2009,02727.jpg,C:/Users/seanf/Desktop/archive/cars_train/cars_train/02727.jpg,104
5,73,280,221,16,Audi V8 Sedan 1994,02728.jpg,C:/Users/seanf/Desktop/archive/cars_train/cars_train/02728.jpg,124
22,45,607,405,94,Dodge Durango SUV 2012,02729.jpg,C:/Users/seanf/Desktop/archive/cars_train/cars_train/02729.jpg,61
249,254,591,467,140,Hyundai Azera Sedan 2012,02730.jpg,C:/Users/seanf/Desktop/archive/cars_train/cars_train/02730.jpg,98
115,73,398,335,100,FIAT 500 Convertible 2012,02731.jpg,C:/Users/seanf/Desktop/archive/cars_train/cars_train/02731.jpg,151
55,48,617,404,88,Dodge Sprinter Cargo Van 2009,02732.jpg,C:/Users/seanf/Desktop/archive/cars_train/cars_train/02732.jpg,81
10,93,784,537,127,Honda Odyssey Minivan 2007,02733.jpg,C:/Users/seanf/Desktop/archive/cars_train/cars_train/02733.jpg,157
36,103,623,397,169,Nissan NV Passenger Van 2012,02734.jpg,C:/Users/seanf/Desktop/archive/cars_train/cars_train/02734.jpg,156
72,63,427,319,46,Bugatti Veyron 16.4 Coupe 2009,02735.jpg,C:/Users/seanf/Desktop/archive/cars_train/cars_train/02735.jpg,149
19,21,244,183,162,Mercedes-Benz C-Class Sedan 2012,02736.jpg,C:/Users/seanf/Desktop/archive/cars_train/cars_train/02736.jpg,79
50,72,558,419,196,smart fortwo Convertible 2012,02737.jpg,C:/Users/seanf/Desktop/archive/cars_train/cars_train/02737.jpg,134
86,292,1176,639,6,Acura Integra Type R 2001,02738.jpg,C:/Users/seanf/Desktop/archive/cars_train/cars_train/02738.jpg,123
27,9,270,128,5,Acura TSX Sedan 2012,02739.jpg,C:/Users/seanf/Desktop/archive/cars_train/cars_train/02739.jpg,58
54,155,729,449,56,Chevrolet Corvette ZR1 2012,02740.jpg,C:/Users/seanf/Desktop/archive/cars_train/cars_train/02740.jpg,94
41,224,951,656,184,Suzuki SX4 Sedan 2012,02741.jpg,C:/Users/seanf/Desktop/archive/cars_train/cars_train/02741.jpg,24
62,377,1015,752,190,Volkswagen Golf Hatchback 2012,02742.jpg,C:/Users/seanf/Desktop/archive/cars_train/cars_train/02742.jpg,51
105,42,493,342,110,Ford Edge SUV 2012,02743.jpg,C:/Users/seanf/Desktop/archive/cars_train/cars_train/02743.jpg,64
66,141,613,379,61,Chevrolet Impala Sedan 2007,02744.jpg,C:/Users/seanf/Desktop/archive/cars_train/cars_train/02744.jpg,77
191,145,760,614,144,Jaguar XK XKR 2012,02745.jpg,C:/Users/seanf/Desktop/archive/cars_train/cars_train/02745.jpg,89
13,15,474,327,60,Chevrolet HHR SS 2010,02746.jpg,C:/Users/seanf/Desktop/archive/cars_train/cars_train/02746.jpg,96
99,160,911,656,147,Jeep Liberty SUV 2012,02747.jpg,C:/Users/seanf/Desktop/archive/cars_train/cars_train/02747.jpg,85
18,10,115,95,119,GMC Savana Van 2012,02748.jpg,C:/Users/seanf/Desktop/archive/cars_train/cars_train/02748.jpg,38
114,26,925,744,150,Lamborghini Reventon Coupe 2008,02749.jpg,C:/Users/seanf/Desktop/archive/cars_train/cars_train/02749.jpg,188
6,8,194,122,135,Hyundai Elantra Sedan 2007,02750.jpg,C:/Users/seanf/Desktop/archive/cars_train/cars_train/02750.jpg,12
4,30,279,186,84,Dodge Caliber Wagon 2007,02751.jpg,C:/Users/seanf/Desktop/archive/cars_train/cars_train/02751.jpg,137
43,51,269,151,151,Lamborghini Aventador Coupe 2012,02752.jpg,C:/Users/seanf/Desktop/archive/cars_train/cars_train/02752.jpg,154
87,86,576,392,166,Mercedes-Benz Sprinter Van 2012,02753.jpg,C:/Users/seanf/Desktop/archive/cars_train/cars_train/02753.jpg,162
39,117,597,417,139,Hyundai Elantra Touring Hatchback 2012,02754.jpg,C:/Users/seanf/Desktop/archive/cars_train/cars_train/02754.jpg,28
31,126,597,447,192,Volkswagen Beetle Hatchback 2012,02755.jpg,C:/Users/seanf/Desktop/archive/cars_train/cars_train/02755.jpg,17
44,15,626,413,169,Nissan NV Passenger Van 2012,02756.jpg,C:/Users/seanf/Desktop/archive/cars_train/cars_train/02756.jpg,156
33,54,614,409,115,Ford Focus Sedan 2007,02757.jpg,C:/Users/seanf/Desktop/archive/cars_train/cars_train/02757.jpg,169
50,57,474,283,28,BMW 1 Series Coupe 2012,02758.jpg,C:/Users/seanf/Desktop/archive/cars_train/cars_train/02758.jpg,88
40,64,390,306,109,Ford Expedition EL SUV 2009,02759.jpg,C:/Users/seanf/Desktop/archive/cars_train/cars_train/02759.jpg,87
27,64,180,169,104,Ferrari 458 Italia Coupe 2012,02760.jpg,C:/Users/seanf/Desktop/archive/cars_train/cars_train/02760.jpg,31
87,158,590,361,90,Dodge Dakota Crew Cab 2010,02761.jpg,C:/Users/seanf/Desktop/archive/cars_train/cars_train/02761.jpg,48
84,117,634,358,104,Ferrari 458 Italia Coupe 2012,02762.jpg,C:/Users/seanf/Desktop/archive/cars_train/cars_train/02762.jpg,31
18,34,285,176,62,Chevrolet Tahoe Hybrid SUV 2012,02763.jpg,C:/Users/seanf/Desktop/archive/cars_train/cars_train/02763.jpg,161
314,235,1383,1002,25,Audi TT RS Coupe 2012,02764.jpg,C:/Users/seanf/Desktop/archive/cars_train/cars_train/02764.jpg,39
12,10,251,173,131,Hyundai Santa Fe SUV 2012,02765.jpg,C:/Users/seanf/Desktop/archive/cars_train/cars_train/02765.jpg,80
131,234,1411,896,14,Audi TTS Coupe 2012,02766.jpg,C:/Users/seanf/Desktop/archive/cars_train/cars_train/02766.jpg,0
25,116,414,276,101,Ferrari FF Coupe 2012,02767.jpg,C:/Users/seanf/Desktop/archive/cars_train/cars_train/02767.jpg,52
36,133,461,327,52,Cadillac SRX SUV 2012,02768.jpg,C:/Users/seanf/Desktop/archive/cars_train/cars_train/02768.jpg,189
32,76,612,415,132,Hyundai Tucson SUV 2012,02769.jpg,C:/Users/seanf/Desktop/archive/cars_train/cars_train/02769.jpg,138
14,96,290,205,17,Audi 100 Sedan 1994,02770.jpg,C:/Users/seanf/Desktop/archive/cars_train/cars_train/02770.jpg,55
120,108,393,203,9,Aston Martin V8 Vantage Coupe 2012,02771.jpg,C:/Users/seanf/Desktop/archive/cars_train/cars_train/02771.jpg,165
122,54,1170,827,28,BMW 1 Series Coupe 2012,02772.jpg,C:/Users/seanf/Desktop/archive/cars_train/cars_train/02772.jpg,88
52,122,386,253,12,Audi RS 4 Convertible 2008,02773.jpg,C:/Users/seanf/Desktop/archive/cars_train/cars_train/02773.jpg,125
16,119,410,244,36,BMW M6 Convertible 2010,02774.jpg,C:/Users/seanf/Desktop/archive/cars_train/cars_train/02774.jpg,20
13,153,626,391,75,Chevrolet Silverado 1500 Regular Cab 2012,02775.jpg,C:/Users/seanf/Desktop/archive/cars_train/cars_train/02775.jpg,159
13,125,591,315,102,Ferrari California Convertible 2012,02776.jpg,C:/Users/seanf/Desktop/archive/cars_train/cars_train/02776.jpg,141
57,46,273,183,157,MINI Cooper Roadster Convertible 2012,02777.jpg,C:/Users/seanf/Desktop/archive/cars_train/cars_train/02777.jpg,190
38,135,1014,719,155,Land Rover LR2 SUV 2012,02778.jpg,C:/Users/seanf/Desktop/archive/cars_train/cars_train/02778.jpg,97
142,76,593,309,147,Jeep Liberty SUV 2012,02779.jpg,C:/Users/seanf/Desktop/archive/cars_train/cars_train/02779.jpg,85
147,156,721,496,195,Volvo XC90 SUV 2007,02780.jpg,C:/Users/seanf/Desktop/archive/cars_train/cars_train/02780.jpg,131
39,94,620,440,123,Geo Metro Convertible 1993,02781.jpg,C:/Users/seanf/Desktop/archive/cars_train/cars_train/02781.jpg,5
181,100,579,371,63,Chevrolet Sonic Sedan 2012,02782.jpg,C:/Users/seanf/Desktop/archive/cars_train/cars_train/02782.jpg,129
12,63,623,333,73,Chevrolet Malibu Sedan 2007,02783.jpg,C:/Users/seanf/Desktop/archive/cars_train/cars_train/02783.jpg,16
79,186,654,437,46,Bugatti Veyron 16.4 Coupe 2009,02784.jpg,C:/Users/seanf/Desktop/archive/cars_train/cars_train/02784.jpg,149
24,55,982,569,77,Chrysler Sebring Convertible 2010,02785.jpg,C:/Users/seanf/Desktop/archive/cars_train/cars_train/02785.jpg,122
187,142,778,594,150,Lamborghini Reventon Coupe 2008,02786.jpg,C:/Users/seanf/Desktop/archive/cars_train/cars_train/02786.jpg,188
46,87,523,348,29,BMW 3 Series Sedan 2012,02787.jpg,C:/Users/seanf/Desktop/archive/cars_train/cars_train/02787.jpg,59
44,117,378,242,38,BMW Z4 Convertible 2012,02788.jpg,C:/Users/seanf/Desktop/archive/cars_train/cars_train/02788.jpg,32
78,253,1230,809,41,Bentley Mulsanne Sedan 2011,02789.jpg,C:/Users/seanf/Desktop/archive/cars_train/cars_train/02789.jpg,109
10,33,250,171,90,Dodge Dakota Crew Cab 2010,02790.jpg,C:/Users/seanf/Desktop/archive/cars_train/cars_train/02790.jpg,48
59,45,414,228,21,Audi S5 Convertible 2012,02791.jpg,C:/Users/seanf/Desktop/archive/cars_train/cars_train/02791.jpg,144
59,101,564,380,54,Chevrolet Silverado 1500 Hybrid Crew Cab 2012,02792.jpg,C:/Users/seanf/Desktop/archive/cars_train/cars_train/02792.jpg,112
82,151,1022,681,124,HUMMER H3T Crew Cab 2010,02793.jpg,C:/Users/seanf/Desktop/archive/cars_train/cars_train/02793.jpg,49
58,59,390,264,49,Buick Verano Sedan 2012,02794.jpg,C:/Users/seanf/Desktop/archive/cars_train/cars_train/02794.jpg,10
102,206,597,407,58,Chevrolet Traverse SUV 2012,02795.jpg,C:/Users/seanf/Desktop/archive/cars_train/cars_train/02795.jpg,9
2,32,156,102,18,Audi 100 Wagon 1994,02796.jpg,C:/Users/seanf/Desktop/archive/cars_train/cars_train/02796.jpg,66
84,31,1128,639,12,Audi RS 4 Convertible 2008,02797.jpg,C:/Users/seanf/Desktop/archive/cars_train/cars_train/02797.jpg,125
64,92,683,438,49,Buick Verano Sedan 2012,02798.jpg,C:/Users/seanf/Desktop/archive/cars_train/cars_train/02798.jpg,10
57,19,331,190,157,MINI Cooper Roadster Convertible 2012,02799.jpg,C:/Users/seanf/Desktop/archive/cars_train/cars_train/02799.jpg,190
5,260,1022,767,23,Audi S4 Sedan 2012,02800.jpg,C:/Users/seanf/Desktop/archive/cars_train/cars_train/02800.jpg,127
34,73,394,292,49,Buick Verano Sedan 2012,02801.jpg,C:/Users/seanf/Desktop/archive/cars_train/cars_train/02801.jpg,10
21,93,419,297,179,Spyker C8 Convertible 2009,02802.jpg,C:/Users/seanf/Desktop/archive/cars_train/cars_train/02802.jpg,104
57,158,500,349,150,Lamborghini Reventon Coupe 2008,02803.jpg,C:/Users/seanf/Desktop/archive/cars_train/cars_train/02803.jpg,188
56,160,476,343,61,Chevrolet Impala Sedan 2007,02804.jpg,C:/Users/seanf/Desktop/archive/cars_train/cars_train/02804.jpg,77
34,99,603,394,113,Ford F-150 Regular Cab 2012,02805.jpg,C:/Users/seanf/Desktop/archive/cars_train/cars_train/02805.jpg,167
66,306,951,667,153,Lamborghini Diablo Coupe 2001,02806.jpg,C:/Users/seanf/Desktop/archive/cars_train/cars_train/02806.jpg,143
59,158,976,671,184,Suzuki SX4 Sedan 2012,02807.jpg,C:/Users/seanf/Desktop/archive/cars_train/cars_train/02807.jpg,24
39,113,627,363,75,Chevrolet Silverado 1500 Regular Cab 2012,02808.jpg,C:/Users/seanf/Desktop/archive/cars_train/cars_train/02808.jpg,159
77,71,386,237,36,BMW M6 Convertible 2010,02809.jpg,C:/Users/seanf/Desktop/archive/cars_train/cars_train/02809.jpg,20
11,57,603,386,115,Ford Focus Sedan 2007,02810.jpg,C:/Users/seanf/Desktop/archive/cars_train/cars_train/02810.jpg,169
78,96,509,330,52,Cadillac SRX SUV 2012,02811.jpg,C:/Users/seanf/Desktop/archive/cars_train/cars_train/02811.jpg,189
5,17,316,175,177,Rolls-Royce Phantom Sedan 2012,02812.jpg,C:/Users/seanf/Desktop/archive/cars_train/cars_train/02812.jpg,40
473,299,1172,740,31,BMW 6 Series Convertible 2007,02813.jpg,C:/Users/seanf/Desktop/archive/cars_train/cars_train/02813.jpg,145
133,219,1547,962,168,Nissan Leaf Hatchback 2012,02814.jpg,C:/Users/seanf/Desktop/archive/cars_train/cars_train/02814.jpg,142
72,16,415,286,174,Ram C/V Cargo Van Minivan 2012,02815.jpg,C:/Users/seanf/Desktop/archive/cars_train/cars_train/02815.jpg,103
538,181,1783,988,170,Nissan Juke Hatchback 2012,02816.jpg,C:/Users/seanf/Desktop/archive/cars_train/cars_train/02816.jpg,22
48,30,179,112,157,MINI Cooper Roadster Convertible 2012,02817.jpg,C:/Users/seanf/Desktop/archive/cars_train/cars_train/02817.jpg,190
32,41,614,440,119,GMC Savana Van 2012,02818.jpg,C:/Users/seanf/Desktop/archive/cars_train/cars_train/02818.jpg,38
67,138,491,348,146,Jeep Wrangler SUV 2012,02819.jpg,C:/Users/seanf/Desktop/archive/cars_train/cars_train/02819.jpg,173
620,431,2899,1909,103,Ferrari 458 Italia Convertible 2012,02820.jpg,C:/Users/seanf/Desktop/archive/cars_train/cars_train/02820.jpg,146
33,32,1079,696,58,Chevrolet Traverse SUV 2012,02821.jpg,C:/Users/seanf/Desktop/archive/cars_train/cars_train/02821.jpg,9
10,4,797,431,178,Scion xD Hatchback 2012,02822.jpg,C:/Users/seanf/Desktop/archive/cars_train/cars_train/02822.jpg,93
90,18,480,316,40,Bentley Arnage Sedan 2009,02823.jpg,C:/Users/seanf/Desktop/archive/cars_train/cars_train/02823.jpg,95
35,172,760,489,46,Bugatti Veyron 16.4 Coupe 2009,02824.jpg,C:/Users/seanf/Desktop/archive/cars_train/cars_train/02824.jpg,149
106,60,431,303,93,Dodge Challenger SRT8 2011,02825.jpg,C:/Users/seanf/Desktop/archive/cars_train/cars_train/02825.jpg,117
41,110,1005,637,167,Mitsubishi Lancer Sedan 2012,02826.jpg,C:/Users/seanf/Desktop/archive/cars_train/cars_train/02826.jpg,8
119,319,1176,826,164,Mercedes-Benz E-Class Sedan 2012,02827.jpg,C:/Users/seanf/Desktop/archive/cars_train/cars_train/02827.jpg,177
263,25,890,679,100,FIAT 500 Convertible 2012,02828.jpg,C:/Users/seanf/Desktop/archive/cars_train/cars_train/02828.jpg,151
33,20,292,200,95,Dodge Durango SUV 2007,02829.jpg,C:/Users/seanf/Desktop/archive/cars_train/cars_train/02829.jpg,193
23,54,237,171,113,Ford F-150 Regular Cab 2012,02830.jpg,C:/Users/seanf/Desktop/archive/cars_train/cars_train/02830.jpg,167
208,166,708,571,98,Eagle Talon Hatchback 1998,02831.jpg,C:/Users/seanf/Desktop/archive/cars_train/cars_train/02831.jpg,185
33,115,576,346,3,Acura TL Sedan 2012,02832.jpg,C:/Users/seanf/Desktop/archive/cars_train/cars_train/02832.jpg,1
53,302,963,619,164,Mercedes-Benz E-Class Sedan 2012,02833.jpg,C:/Users/seanf/Desktop/archive/cars_train/cars_train/02833.jpg,177
331,352,1327,1102,117,Ford Fiesta Sedan 2012,02834.jpg,C:/Users/seanf/Desktop/archive/cars_train/cars_train/02834.jpg,168
26,59,473,306,26,BMW ActiveHybrid 5 Sedan 2012,02835.jpg,C:/Users/seanf/Desktop/archive/cars_train/cars_train/02835.jpg,140
28,236,872,590,56,Chevrolet Corvette ZR1 2012,02836.jpg,C:/Users/seanf/Desktop/archive/cars_train/cars_train/02836.jpg,94
7,26,250,122,138,Hyundai Sonata Sedan 2012,02837.jpg,C:/Users/seanf/Desktop/archive/cars_train/cars_train/02837.jpg,71
100,322,1597,1123,98,Eagle Talon Hatchback 1998,02838.jpg,C:/Users/seanf/Desktop/archive/cars_train/cars_train/02838.jpg,185
304,412,1438,1033,163,Mercedes-Benz SL-Class Coupe 2009,02839.jpg,C:/Users/seanf/Desktop/archive/cars_train/cars_train/02839.jpg,111
7,155,1013,535,74,Chevrolet Silverado 1500 Extended Cab 2012,02840.jpg,C:/Users/seanf/Desktop/archive/cars_train/cars_train/02840.jpg,78
157,226,1909,1078,170,Nissan Juke Hatchback 2012,02841.jpg,C:/Users/seanf/Desktop/archive/cars_train/cars_train/02841.jpg,22
69,99,760,516,75,Chevrolet Silverado 1500 Regular Cab 2012,02842.jpg,C:/Users/seanf/Desktop/archive/cars_train/cars_train/02842.jpg,159
34,53,270,139,5,Acura TSX Sedan 2012,02843.jpg,C:/Users/seanf/Desktop/archive/cars_train/cars_train/02843.jpg,58
40,45,438,338,196,smart fortwo Convertible 2012,02844.jpg,C:/Users/seanf/Desktop/archive/cars_train/cars_train/02844.jpg,134
64,142,590,370,44,Bentley Continental Flying Spur Sedan 2007,02845.jpg,C:/Users/seanf/Desktop/archive/cars_train/cars_train/02845.jpg,46
54,18,200,119,113,Ford F-150 Regular Cab 2012,02846.jpg,C:/Users/seanf/Desktop/archive/cars_train/cars_train/02846.jpg,167
30,34,392,300,188,Toyota Corolla Sedan 2012,02847.jpg,C:/Users/seanf/Desktop/archive/cars_train/cars_train/02847.jpg,62
51,73,570,426,1,AM General Hummer SUV 2000,02848.jpg,C:/Users/seanf/Desktop/archive/cars_train/cars_train/02848.jpg,107
70,222,957,519,79,Chrysler 300 SRT-8 2010,02849.jpg,C:/Users/seanf/Desktop/archive/cars_train/cars_train/02849.jpg,19
97,153,392,271,33,BMW X6 SUV 2012,02850.jpg,C:/Users/seanf/Desktop/archive/cars_train/cars_train/02850.jpg,187
212,278,730,450,51,Cadillac CTS-V Sedan 2012,02851.jpg,C:/Users/seanf/Desktop/archive/cars_train/cars_train/02851.jpg,74
4,69,300,214,165,Mercedes-Benz S-Class Sedan 2012,02852.jpg,C:/Users/seanf/Desktop/archive/cars_train/cars_train/02852.jpg,70
135,195,915,729,89,Dodge Journey SUV 2012,02853.jpg,C:/Users/seanf/Desktop/archive/cars_train/cars_train/02853.jpg,6
26,26,494,286,68,Chevrolet TrailBlazer SS 2009,02854.jpg,C:/Users/seanf/Desktop/archive/cars_train/cars_train/02854.jpg,114
7,58,526,323,78,Chrysler Town and Country Minivan 2012,02855.jpg,C:/Users/seanf/Desktop/archive/cars_train/cars_train/02855.jpg,195
20,152,761,505,81,Chrysler PT Cruiser Convertible 2008,02856.jpg,C:/Users/seanf/Desktop/archive/cars_train/cars_train/02856.jpg,182
7,53,394,268,107,Ford Mustang Convertible 2007,02857.jpg,C:/Users/seanf/Desktop/archive/cars_train/cars_train/02857.jpg,132
80,198,940,583,186,Toyota Sequoia SUV 2012,02858.jpg,C:/Users/seanf/Desktop/archive/cars_train/cars_train/02858.jpg,11
2,57,625,391,74,Chevrolet Silverado 1500 Extended Cab 2012,02859.jpg,C:/Users/seanf/Desktop/archive/cars_train/cars_train/02859.jpg,78
23,9,698,236,192,Volkswagen Beetle Hatchback 2012,02860.jpg,C:/Users/seanf/Desktop/archive/cars_train/cars_train/02860.jpg,17
58,120,462,278,102,Ferrari California Convertible 2012,02861.jpg,C:/Users/seanf/Desktop/archive/cars_train/cars_train/02861.jpg,141
122,78,537,383,64,Chevrolet Express Cargo Van 2007,02862.jpg,C:/Users/seanf/Desktop/archive/cars_train/cars_train/02862.jpg,178
13,203,1015,746,108,Ford Freestar Minivan 2007,02863.jpg,C:/Users/seanf/Desktop/archive/cars_train/cars_train/02863.jpg,108
99,204,1252,746,170,Nissan Juke Hatchback 2012,02864.jpg,C:/Users/seanf/Desktop/archive/cars_train/cars_train/02864.jpg,22
85,170,1967,1145,72,Chevrolet Monte Carlo Coupe 2007,02865.jpg,C:/Users/seanf/Desktop/archive/cars_train/cars_train/02865.jpg,130
18,5,122,82,196,smart fortwo Convertible 2012,02866.jpg,C:/Users/seanf/Desktop/archive/cars_train/cars_train/02866.jpg,134
15,90,592,300,158,Maybach Landaulet Convertible 2012,02867.jpg,C:/Users/seanf/Desktop/archive/cars_train/cars_train/02867.jpg,158
115,104,783,349,43,Bentley Continental GT Coupe 2007,02868.jpg,C:/Users/seanf/Desktop/archive/cars_train/cars_train/02868.jpg,65
2,53,446,203,98,Eagle Talon Hatchback 1998,02869.jpg,C:/Users/seanf/Desktop/archive/cars_train/cars_train/02869.jpg,185
20,56,625,411,194,Volvo 240 Sedan 1993,02870.jpg,C:/Users/seanf/Desktop/archive/cars_train/cars_train/02870.jpg,23
95,174,978,548,75,Chevrolet Silverado 1500 Regular Cab 2012,02871.jpg,C:/Users/seanf/Desktop/archive/cars_train/cars_train/02871.jpg,159
217,236,542,358,148,Jeep Grand Cherokee SUV 2012,02872.jpg,C:/Users/seanf/Desktop/archive/cars_train/cars_train/02872.jpg,43
187,264,1136,720,12,Audi RS 4 Convertible 2008,02873.jpg,C:/Users/seanf/Desktop/archive/cars_train/cars_train/02873.jpg,125
109,155,1971,1387,30,BMW 3 Series Wagon 2012,02874.jpg,C:/Users/seanf/Desktop/archive/cars_train/cars_train/02874.jpg,101
197,223,880,442,144,Jaguar XK XKR 2012,02875.jpg,C:/Users/seanf/Desktop/archive/cars_train/cars_train/02875.jpg,89
54,61,558,278,73,Chevrolet Malibu Sedan 2007,02876.jpg,C:/Users/seanf/Desktop/archive/cars_train/cars_train/02876.jpg,16
12,100,423,264,91,Dodge Dakota Club Cab 2007,02877.jpg,C:/Users/seanf/Desktop/archive/cars_train/cars_train/02877.jpg,2
216,128,1400,974,119,GMC Savana Van 2012,02878.jpg,C:/Users/seanf/Desktop/archive/cars_train/cars_train/02878.jpg,38
47,69,218,171,76,Chrysler Aspen SUV 2009,02879.jpg,C:/Users/seanf/Desktop/archive/cars_train/cars_train/02879.jpg,99
4,4,270,160,116,Ford E-Series Wagon Van 2012,02880.jpg,C:/Users/seanf/Desktop/archive/cars_train/cars_train/02880.jpg,67
28,8,245,171,76,Chrysler Aspen SUV 2009,02881.jpg,C:/Users/seanf/Desktop/archive/cars_train/cars_train/02881.jpg,99
45,160,731,725,63,Chevrolet Sonic Sedan 2012,02882.jpg,C:/Users/seanf/Desktop/archive/cars_train/cars_train/02882.jpg,129
52,73,455,287,62,Chevrolet Tahoe Hybrid SUV 2012,02883.jpg,C:/Users/seanf/Desktop/archive/cars_train/cars_train/02883.jpg,161
233,98,678,368,72,Chevrolet Monte Carlo Coupe 2007,02884.jpg,C:/Users/seanf/Desktop/archive/cars_train/cars_train/02884.jpg,130
207,313,1433,969,12,Audi RS 4 Convertible 2008,02885.jpg,C:/Users/seanf/Desktop/archive/cars_train/cars_train/02885.jpg,125
25,67,557,370,148,Jeep Grand Cherokee SUV 2012,02886.jpg,C:/Users/seanf/Desktop/archive/cars_train/cars_train/02886.jpg,43
52,493,1573,1039,17,Audi 100 Sedan 1994,02887.jpg,C:/Users/seanf/Desktop/archive/cars_train/cars_train/02887.jpg,55
46,46,193,160,135,Hyundai Elantra Sedan 2007,02888.jpg,C:/Users/seanf/Desktop/archive/cars_train/cars_train/02888.jpg,12
68,96,549,380,46,Bugatti Veyron 16.4 Coupe 2009,02889.jpg,C:/Users/seanf/Desktop/archive/cars_train/cars_train/02889.jpg,149
23,4,641,339,168,Nissan Leaf Hatchback 2012,02890.jpg,C:/Users/seanf/Desktop/archive/cars_train/cars_train/02890.jpg,142
23,132,620,396,57,Chevrolet Corvette Ron Fellows Edition Z06 2007,02891.jpg,C:/Users/seanf/Desktop/archive/cars_train/cars_train/02891.jpg,18
29,78,534,415,43,Bentley Continental GT Coupe 2007,02892.jpg,C:/Users/seanf/Desktop/archive/cars_train/cars_train/02892.jpg,65
32,133,984,610,86,Dodge Ram Pickup 3500 Crew Cab 2010,02893.jpg,C:/Users/seanf/Desktop/archive/cars_train/cars_train/02893.jpg,25
25,68,277,144,141,Infiniti G Coupe IPL 2012,02894.jpg,C:/Users/seanf/Desktop/archive/cars_train/cars_train/02894.jpg,136
80,36,426,282,130,Hyundai Veloster Hatchback 2012,02895.jpg,C:/Users/seanf/Desktop/archive/cars_train/cars_train/02895.jpg,152
25,98,591,353,14,Audi TTS Coupe 2012,02896.jpg,C:/Users/seanf/Desktop/archive/cars_train/cars_train/02896.jpg,0
57,35,222,144,5,Acura TSX Sedan 2012,02897.jpg,C:/Users/seanf/Desktop/archive/cars_train/cars_train/02897.jpg,58
26,158,1007,708,77,Chrysler Sebring Convertible 2010,02898.jpg,C:/Users/seanf/Desktop/archive/cars_train/cars_train/02898.jpg,122
100,20,474,216,13,Audi A5 Coupe 2012,02899.jpg,C:/Users/seanf/Desktop/archive/cars_train/cars_train/02899.jpg,36
9,151,474,300,16,Audi V8 Sedan 1994,02900.jpg,C:/Users/seanf/Desktop/archive/cars_train/cars_train/02900.jpg,124
20,81,1012,638,37,BMW X3 SUV 2012,02901.jpg,C:/Users/seanf/Desktop/archive/cars_train/cars_train/02901.jpg,75
16,28,305,224,157,MINI Cooper Roadster Convertible 2012,02902.jpg,C:/Users/seanf/Desktop/archive/cars_train/cars_train/02902.jpg,190
16,23,776,535,75,Chevrolet Silverado 1500 Regular Cab 2012,02903.jpg,C:/Users/seanf/Desktop/archive/cars_train/cars_train/02903.jpg,159
7,70,507,251,180,Spyker C8 Coupe 2009,02904.jpg,C:/Users/seanf/Desktop/archive/cars_train/cars_train/02904.jpg,26
7,345,982,740,63,Chevrolet Sonic Sedan 2012,02905.jpg,C:/Users/seanf/Desktop/archive/cars_train/cars_train/02905.jpg,129
54,77,603,385,49,Buick Verano Sedan 2012,02906.jpg,C:/Users/seanf/Desktop/archive/cars_train/cars_train/02906.jpg,10
23,81,535,339,144,Jaguar XK XKR 2012,02907.jpg,C:/Users/seanf/Desktop/archive/cars_train/cars_train/02907.jpg,89
14,199,625,398,128,Honda Accord Coupe 2012,02908.jpg,C:/Users/seanf/Desktop/archive/cars_train/cars_train/02908.jpg,126
231,85,1712,1026,61,Chevrolet Impala Sedan 2007,02909.jpg,C:/Users/seanf/Desktop/archive/cars_train/cars_train/02909.jpg,77
38,35,250,145,56,Chevrolet Corvette ZR1 2012,02910.jpg,C:/Users/seanf/Desktop/archive/cars_train/cars_train/02910.jpg,94
64,240,1508,943,6,Acura Integra Type R 2001,02911.jpg,C:/Users/seanf/Desktop/archive/cars_train/cars_train/02911.jpg,123
12,37,264,167,74,Chevrolet Silverado 1500 Extended Cab 2012,02912.jpg,C:/Users/seanf/Desktop/archive/cars_train/cars_train/02912.jpg,78
13,46,488,295,4,Acura TL Type-S 2008,02913.jpg,C:/Users/seanf/Desktop/archive/cars_train/cars_train/02913.jpg,174
26,50,228,145,162,Mercedes-Benz C-Class Sedan 2012,02914.jpg,C:/Users/seanf/Desktop/archive/cars_train/cars_train/02914.jpg,79
91,11,334,258,180,Spyker C8 Coupe 2009,02915.jpg,C:/Users/seanf/Desktop/archive/cars_train/cars_train/02915.jpg,26
62,104,512,263,174,Ram C/V Cargo Van Minivan 2012,02916.jpg,C:/Users/seanf/Desktop/archive/cars_train/cars_train/02916.jpg,103
37,32,562,376,98,Eagle Talon Hatchback 1998,02917.jpg,C:/Users/seanf/Desktop/archive/cars_train/cars_train/02917.jpg,185
15,74,439,289,36,BMW M6 Convertible 2010,02918.jpg,C:/Users/seanf/Desktop/archive/cars_train/cars_train/02918.jpg,20
42,96,612,353,6,Acura Integra Type R 2001,02919.jpg,C:/Users/seanf/Desktop/archive/cars_train/cars_train/02919.jpg,123
241,192,542,357,124,HUMMER H3T Crew Cab 2010,02920.jpg,C:/Users/seanf/Desktop/archive/cars_train/cars_train/02920.jpg,49
93,44,488,207,11,Aston Martin Virage Coupe 2012,02921.jpg,C:/Users/seanf/Desktop/archive/cars_train/cars_train/02921.jpg,128
17,75,481,279,179,Spyker C8 Convertible 2009,02922.jpg,C:/Users/seanf/Desktop/archive/cars_train/cars_train/02922.jpg,104
295,87,756,429,101,Ferrari FF Coupe 2012,02923.jpg,C:/Users/seanf/Desktop/archive/cars_train/cars_train/02923.jpg,52
15,330,1268,716,173,Porsche Panamera Sedan 2012,02924.jpg,C:/Users/seanf/Desktop/archive/cars_train/cars_train/02924.jpg,41
56,30,984,494,150,Lamborghini Reventon Coupe 2008,02925.jpg,C:/Users/seanf/Desktop/archive/cars_train/cars_train/02925.jpg,188
72,186,772,510,125,HUMMER H2 SUT Crew Cab 2009,02926.jpg,C:/Users/seanf/Desktop/archive/cars_train/cars_train/02926.jpg,115
3,22,253,173,72,Chevrolet Monte Carlo Coupe 2007,02927.jpg,C:/Users/seanf/Desktop/archive/cars_train/cars_train/02927.jpg,130
62,114,579,327,59,Chevrolet Camaro Convertible 2012,02928.jpg,C:/Users/seanf/Desktop/archive/cars_train/cars_train/02928.jpg,63
24,45,260,189,83,Dodge Caliber Wagon 2012,02929.jpg,C:/Users/seanf/Desktop/archive/cars_train/cars_train/02929.jpg,84
61,101,1013,673,148,Jeep Grand Cherokee SUV 2012,02930.jpg,C:/Users/seanf/Desktop/archive/cars_train/cars_train/02930.jpg,43
107,111,838,545,178,Scion xD Hatchback 2012,02931.jpg,C:/Users/seanf/Desktop/archive/cars_train/cars_train/02931.jpg,93
90,1,799,526,189,Toyota 4Runner SUV 2012,02932.jpg,C:/Users/seanf/Desktop/archive/cars_train/cars_train/02932.jpg,120
29,89,398,275,77,Chrysler Sebring Convertible 2010,02933.jpg,C:/Users/seanf/Desktop/archive/cars_train/cars_train/02933.jpg,122
57,192,921,618,75,Chevrolet Silverado 1500 Regular Cab 2012,02934.jpg,C:/Users/seanf/Desktop/archive/cars_train/cars_train/02934.jpg,159
17,67,631,387,95,Dodge Durango SUV 2007,02935.jpg,C:/Users/seanf/Desktop/archive/cars_train/cars_train/02935.jpg,193
37,23,367,194,38,BMW Z4 Convertible 2012,02936.jpg,C:/Users/seanf/Desktop/archive/cars_train/cars_train/02936.jpg,32
2,195,459,478,178,Scion xD Hatchback 2012,02937.jpg,C:/Users/seanf/Desktop/archive/cars_train/cars_train/02937.jpg,93
87,104,668,423,86,Dodge Ram Pickup 3500 Crew Cab 2010,02938.jpg,C:/Users/seanf/Desktop/archive/cars_train/cars_train/02938.jpg,25
55,228,2021,1165,72,Chevrolet Monte Carlo Coupe 2007,02939.jpg,C:/Users/seanf/Desktop/archive/cars_train/cars_train/02939.jpg,130
9,132,1979,1533,145,Jeep Patriot SUV 2012,02940.jpg,C:/Users/seanf/Desktop/archive/cars_train/cars_train/02940.jpg,68
55,117,419,276,66,Chevrolet Cobalt SS 2010,02941.jpg,C:/Users/seanf/Desktop/archive/cars_train/cars_train/02941.jpg,29
72,1,569,420,58,Chevrolet Traverse SUV 2012,02942.jpg,C:/Users/seanf/Desktop/archive/cars_train/cars_train/02942.jpg,9
24,70,601,345,140,Hyundai Azera Sedan 2012,02943.jpg,C:/Users/seanf/Desktop/archive/cars_train/cars_train/02943.jpg,98
123,207,947,543,129,Honda Accord Sedan 2012,02944.jpg,C:/Users/seanf/Desktop/archive/cars_train/cars_train/02944.jpg,181
12,54,246,181,54,Chevrolet Silverado 1500 Hybrid Crew Cab 2012,02945.jpg,C:/Users/seanf/Desktop/archive/cars_train/cars_train/02945.jpg,112
126,441,1969,1079,75,Chevrolet Silverado 1500 Regular Cab 2012,02946.jpg,C:/Users/seanf/Desktop/archive/cars_train/cars_train/02946.jpg,159
146,274,1153,775,66,Chevrolet Cobalt SS 2010,02947.jpg,C:/Users/seanf/Desktop/archive/cars_train/cars_train/02947.jpg,29
98,133,333,250,14,Audi TTS Coupe 2012,02948.jpg,C:/Users/seanf/Desktop/archive/cars_train/cars_train/02948.jpg,0
68,178,984,592,184,Suzuki SX4 Sedan 2012,02949.jpg,C:/Users/seanf/Desktop/archive/cars_train/cars_train/02949.jpg,24
29,82,631,472,145,Jeep Patriot SUV 2012,02950.jpg,C:/Users/seanf/Desktop/archive/cars_train/cars_train/02950.jpg,68
262,277,1399,1024,135,Hyundai Elantra Sedan 2007,02951.jpg,C:/Users/seanf/Desktop/archive/cars_train/cars_train/02951.jpg,12
31,72,670,426,184,Suzuki SX4 Sedan 2012,02952.jpg,C:/Users/seanf/Desktop/archive/cars_train/cars_train/02952.jpg,24
42,42,431,250,99,FIAT 500 Abarth 2012,02953.jpg,C:/Users/seanf/Desktop/archive/cars_train/cars_train/02953.jpg,135
30,78,498,375,159,Mazda Tribute SUV 2011,02954.jpg,C:/Users/seanf/Desktop/archive/cars_train/cars_train/02954.jpg,183
187,9,688,713,151,Lamborghini Aventador Coupe 2012,02955.jpg,C:/Users/seanf/Desktop/archive/cars_train/cars_train/02955.jpg,154
10,28,434,370,85,Dodge Caravan Minivan 1997,02956.jpg,C:/Users/seanf/Desktop/archive/cars_train/cars_train/02956.jpg,13
10,102,243,188,188,Toyota Corolla Sedan 2012,02957.jpg,C:/Users/seanf/Desktop/archive/cars_train/cars_train/02957.jpg,62
29,54,615,420,20,Audi S6 Sedan 2011,02958.jpg,C:/Users/seanf/Desktop/archive/cars_train/cars_train/02958.jpg,69
9,12,413,265,190,Volkswagen Golf Hatchback 2012,02959.jpg,C:/Users/seanf/Desktop/archive/cars_train/cars_train/02959.jpg,51
18,53,483,299,154,Land Rover Range Rover SUV 2012,02960.jpg,C:/Users/seanf/Desktop/archive/cars_train/cars_train/02960.jpg,27
103,99,894,679,196,smart fortwo Convertible 2012,02961.jpg,C:/Users/seanf/Desktop/archive/cars_train/cars_train/02961.jpg,134
34,45,243,163,125,HUMMER H2 SUT Crew Cab 2009,02962.jpg,C:/Users/seanf/Desktop/archive/cars_train/cars_train/02962.jpg,115
295,235,1747,1140,89,Dodge Journey SUV 2012,02963.jpg,C:/Users/seanf/Desktop/archive/cars_train/cars_train/02963.jpg,6
76,52,530,373,160,McLaren MP4-12C Coupe 2012,02964.jpg,C:/Users/seanf/Desktop/archive/cars_train/cars_train/02964.jpg,116
58,1,1561,1195,133,Hyundai Veracruz SUV 2012,02965.jpg,C:/Users/seanf/Desktop/archive/cars_train/cars_train/02965.jpg,30
39,35,251,173,106,Ford F-450 Super Duty Crew Cab 2012,02966.jpg,C:/Users/seanf/Desktop/archive/cars_train/cars_train/02966.jpg,4
56,153,578,386,43,Bentley Continental GT Coupe 2007,02967.jpg,C:/Users/seanf/Desktop/archive/cars_train/cars_train/02967.jpg,65
62,377,1220,838,173,Porsche Panamera Sedan 2012,02968.jpg,C:/Users/seanf/Desktop/archive/cars_train/cars_train/02968.jpg,41
3,37,191,174,51,Cadillac CTS-V Sedan 2012,02969.jpg,C:/Users/seanf/Desktop/archive/cars_train/cars_train/02969.jpg,74
10,36,219,155,46,Bugatti Veyron 16.4 Coupe 2009,02970.jpg,C:/Users/seanf/Desktop/archive/cars_train/cars_train/02970.jpg,149
5,18,228,175,48,Buick Rainier SUV 2007,02971.jpg,C:/Users/seanf/Desktop/archive/cars_train/cars_train/02971.jpg,121
31,41,178,97,105,Fisker Karma Sedan 2012,02972.jpg,C:/Users/seanf/Desktop/archive/cars_train/cars_train/02972.jpg,34
67,46,556,393,173,Porsche Panamera Sedan 2012,02973.jpg,C:/Users/seanf/Desktop/archive/cars_train/cars_train/02973.jpg,41
8,9,768,450,20,Audi S6 Sedan 2011,02974.jpg,C:/Users/seanf/Desktop/archive/cars_train/cars_train/02974.jpg,69
130,150,1145,699,33,BMW X6 SUV 2012,02975.jpg,C:/Users/seanf/Desktop/archive/cars_train/cars_train/02975.jpg,187
26,26,237,164,70,Chevrolet Silverado 1500 Classic Extended Cab 2007,02976.jpg,C:/Users/seanf/Desktop/archive/cars_train/cars_train/02976.jpg,171
39,135,512,346,110,Ford Edge SUV 2012,02977.jpg,C:/Users/seanf/Desktop/archive/cars_train/cars_train/02977.jpg,64
73,69,552,393,129,Honda Accord Sedan 2012,02978.jpg,C:/Users/seanf/Desktop/archive/cars_train/cars_train/02978.jpg,181
83,83,604,394,163,Mercedes-Benz SL-Class Coupe 2009,02979.jpg,C:/Users/seanf/Desktop/archive/cars_train/cars_train/02979.jpg,111
23,36,639,421,162,Mercedes-Benz C-Class Sedan 2012,02980.jpg,C:/Users/seanf/Desktop/archive/cars_train/cars_train/02980.jpg,79
80,137,944,646,81,Chrysler PT Cruiser Convertible 2008,02981.jpg,C:/Users/seanf/Desktop/archive/cars_train/cars_train/02981.jpg,182
54,42,594,443,172,Plymouth Neon Coupe 1999,02982.jpg,C:/Users/seanf/Desktop/archive/cars_train/cars_train/02982.jpg,15
25,84,612,431,169,Nissan NV Passenger Van 2012,02983.jpg,C:/Users/seanf/Desktop/archive/cars_train/cars_train/02983.jpg,156
39,193,560,433,126,Honda Odyssey Minivan 2012,02984.jpg,C:/Users/seanf/Desktop/archive/cars_train/cars_train/02984.jpg,60
20,19,492,318,109,Ford Expedition EL SUV 2009,02985.jpg,C:/Users/seanf/Desktop/archive/cars_train/cars_train/02985.jpg,87
219,37,771,354,129,Honda Accord Sedan 2012,02986.jpg,C:/Users/seanf/Desktop/archive/cars_train/cars_train/02986.jpg,181
3,5,300,134,181,Suzuki Aerio Sedan 2007,02987.jpg,C:/Users/seanf/Desktop/archive/cars_train/cars_train/02987.jpg,163
34,287,568,584,47,Buick Regal GS 2012,02988.jpg,C:/Users/seanf/Desktop/archive/cars_train/cars_train/02988.jpg,100
585,349,1517,1137,193,Volvo C30 Hatchback 2012,02989.jpg,C:/Users/seanf/Desktop/archive/cars_train/cars_train/02989.jpg,14
26,117,562,288,61,Chevrolet Impala Sedan 2007,02990.jpg,C:/Users/seanf/Desktop/archive/cars_train/cars_train/02990.jpg,77
8,34,182,102,83,Dodge Caliber Wagon 2012,02991.jpg,C:/Users/seanf/Desktop/archive/cars_train/cars_train/02991.jpg,84
32,103,485,288,30,BMW 3 Series Wagon 2012,02992.jpg,C:/Users/seanf/Desktop/archive/cars_train/cars_train/02992.jpg,101
55,163,1573,931,8,Aston Martin V8 Vantage Convertible 2012,02993.jpg,C:/Users/seanf/Desktop/archive/cars_train/cars_train/02993.jpg,54
25,124,772,463,56,Chevrolet Corvette ZR1 2012,02994.jpg,C:/Users/seanf/Desktop/archive/cars_train/cars_train/02994.jpg,94
29,32,585,379,182,Suzuki Kizashi Sedan 2012,02995.jpg,C:/Users/seanf/Desktop/archive/cars_train/cars_train/02995.jpg,160
174,271,3826,2919,149,Jeep Compass SUV 2012,02996.jpg,C:/Users/seanf/Desktop/archive/cars_train/cars_train/02996.jpg,102
226,97,1378,848,192,Volkswagen Beetle Hatchback 2012,02997.jpg,C:/Users/seanf/Desktop/archive/cars_train/cars_train/02997.jpg,17
6,19,160,106,123,Geo Metro Convertible 1993,02998.jpg,C:/Users/seanf/Desktop/archive/cars_train/cars_train/02998.jpg,5
28,28,287,140,33,BMW X6 SUV 2012,02999.jpg,C:/Users/seanf/Desktop/archive/cars_train/cars_train/02999.jpg,187
25,11,266,165,91,Dodge Dakota Club Cab 2007,03000.jpg,C:/Users/seanf/Desktop/archive/cars_train/cars_train/03000.jpg,2
5,1,131,86,161,Mercedes-Benz 300-Class Convertible 1993,03001.jpg,C:/Users/seanf/Desktop/archive/cars_train/cars_train/03001.jpg,86
61,388,1489,1114,179,Spyker C8 Convertible 2009,03002.jpg,C:/Users/seanf/Desktop/archive/cars_train/cars_train/03002.jpg,104
10,246,788,581,191,Volkswagen Golf Hatchback 1991,03003.jpg,C:/Users/seanf/Desktop/archive/cars_train/cars_train/03003.jpg,37
57,120,577,376,178,Scion xD Hatchback 2012,03004.jpg,C:/Users/seanf/Desktop/archive/cars_train/cars_train/03004.jpg,93
5,78,257,169,161,Mercedes-Benz 300-Class Convertible 1993,03005.jpg,C:/Users/seanf/Desktop/archive/cars_train/cars_train/03005.jpg,86
56,77,515,353,59,Chevrolet Camaro Convertible 2012,03006.jpg,C:/Users/seanf/Desktop/archive/cars_train/cars_train/03006.jpg,63
7,6,292,202,48,Buick Rainier SUV 2007,03007.jpg,C:/Users/seanf/Desktop/archive/cars_train/cars_train/03007.jpg,121
13,235,2021,1253,1,AM General Hummer SUV 2000,03008.jpg,C:/Users/seanf/Desktop/archive/cars_train/cars_train/03008.jpg,107
13,97,1576,952,9,Aston Martin V8 Vantage Coupe 2012,03009.jpg,C:/Users/seanf/Desktop/archive/cars_train/cars_train/03009.jpg,165
22,151,467,320,30,BMW 3 Series Wagon 2012,03010.jpg,C:/Users/seanf/Desktop/archive/cars_train/cars_train/03010.jpg,101
104,183,842,608,2,Acura RL Sedan 2012,03011.jpg,C:/Users/seanf/Desktop/archive/cars_train/cars_train/03011.jpg,191
31,72,660,434,83,Dodge Caliber Wagon 2012,03012.jpg,C:/Users/seanf/Desktop/archive/cars_train/cars_train/03012.jpg,84
108,50,896,321,105,Fisker Karma Sedan 2012,03013.jpg,C:/Users/seanf/Desktop/archive/cars_train/cars_train/03013.jpg,34
50,254,700,491,36,BMW M6 Convertible 2010,03014.jpg,C:/Users/seanf/Desktop/archive/cars_train/cars_train/03014.jpg,20
7,97,313,187,16,Audi V8 Sedan 1994,03015.jpg,C:/Users/seanf/Desktop/archive/cars_train/cars_train/03015.jpg,124
44,179,685,475,157,MINI Cooper Roadster Convertible 2012,03016.jpg,C:/Users/seanf/Desktop/archive/cars_train/cars_train/03016.jpg,190
32,118,988,709,95,Dodge Durango SUV 2007,03017.jpg,C:/Users/seanf/Desktop/archive/cars_train/cars_train/03017.jpg,193
43,110,559,452,117,Ford Fiesta Sedan 2012,03018.jpg,C:/Users/seanf/Desktop/archive/cars_train/cars_train/03018.jpg,168
123,103,392,251,25,Audi TT RS Coupe 2012,03019.jpg,C:/Users/seanf/Desktop/archive/cars_train/cars_train/03019.jpg,39
18,89,253,168,74,Chevrolet Silverado 1500 Extended Cab 2012,03020.jpg,C:/Users/seanf/Desktop/archive/cars_train/cars_train/03020.jpg,78
83,81,644,420,139,Hyundai Elantra Touring Hatchback 2012,03021.jpg,C:/Users/seanf/Desktop/archive/cars_train/cars_train/03021.jpg,28
16,17,485,248,37,BMW X3 SUV 2012,03022.jpg,C:/Users/seanf/Desktop/archive/cars_train/cars_train/03022.jpg,75
25,37,215,138,60,Chevrolet HHR SS 2010,03023.jpg,C:/Users/seanf/Desktop/archive/cars_train/cars_train/03023.jpg,96
65,41,546,452,166,Mercedes-Benz Sprinter Van 2012,03024.jpg,C:/Users/seanf/Desktop/archive/cars_train/cars_train/03024.jpg,162
36,49,387,252,20,Audi S6 Sedan 2011,03025.jpg,C:/Users/seanf/Desktop/archive/cars_train/cars_train/03025.jpg,69
37,31,557,306,137,Hyundai Genesis Sedan 2012,03026.jpg,C:/Users/seanf/Desktop/archive/cars_train/cars_train/03026.jpg,83
198,95,1224,763,99,FIAT 500 Abarth 2012,03027.jpg,C:/Users/seanf/Desktop/archive/cars_train/cars_train/03027.jpg,135
2,56,739,455,72,Chevrolet Monte Carlo Coupe 2007,03028.jpg,C:/Users/seanf/Desktop/archive/cars_train/cars_train/03028.jpg,130
21,109,425,236,107,Ford Mustang Convertible 2007,03029.jpg,C:/Users/seanf/Desktop/archive/cars_train/cars_train/03029.jpg,132
35,12,448,331,3,Acura TL Sedan 2012,03030.jpg,C:/Users/seanf/Desktop/archive/cars_train/cars_train/03030.jpg,1
120,249,494,390,163,Mercedes-Benz SL-Class Coupe 2009,03031.jpg,C:/Users/seanf/Desktop/archive/cars_train/cars_train/03031.jpg,111
17,24,253,174,60,Chevrolet HHR SS 2010,03032.jpg,C:/Users/seanf/Desktop/archive/cars_train/cars_train/03032.jpg,96
100,145,559,422,191,Volkswagen Golf Hatchback 1991,03033.jpg,C:/Users/seanf/Desktop/archive/cars_train/cars_train/03033.jpg,37
120,84,890,658,77,Chrysler Sebring Convertible 2010,03034.jpg,C:/Users/seanf/Desktop/archive/cars_train/cars_train/03034.jpg,122
82,1059,1149,1639,63,Chevrolet Sonic Sedan 2012,03035.jpg,C:/Users/seanf/Desktop/archive/cars_train/cars_train/03035.jpg,129
33,41,613,423,94,Dodge Durango SUV 2012,03036.jpg,C:/Users/seanf/Desktop/archive/cars_train/cars_train/03036.jpg,61
7,3,194,101,156,Lincoln Town Car Sedan 2011,03037.jpg,C:/Users/seanf/Desktop/archive/cars_train/cars_train/03037.jpg,153
38,43,607,359,26,BMW ActiveHybrid 5 Sedan 2012,03038.jpg,C:/Users/seanf/Desktop/archive/cars_train/cars_train/03038.jpg,140
92,82,498,336,94,Dodge Durango SUV 2012,03039.jpg,C:/Users/seanf/Desktop/archive/cars_train/cars_train/03039.jpg,61
55,80,608,368,91,Dodge Dakota Club Cab 2007,03040.jpg,C:/Users/seanf/Desktop/archive/cars_train/cars_train/03040.jpg,2
16,69,606,323,186,Toyota Sequoia SUV 2012,03041.jpg,C:/Users/seanf/Desktop/archive/cars_train/cars_train/03041.jpg,11
272,358,1043,949,167,Mitsubishi Lancer Sedan 2012,03042.jpg,C:/Users/seanf/Desktop/archive/cars_train/cars_train/03042.jpg,8
78,93,400,299,157,MINI Cooper Roadster Convertible 2012,03043.jpg,C:/Users/seanf/Desktop/archive/cars_train/cars_train/03043.jpg,190
203,222,751,449,183,Suzuki SX4 Hatchback 2012,03044.jpg,C:/Users/seanf/Desktop/archive/cars_train/cars_train/03044.jpg,118
113,71,596,419,148,Jeep Grand Cherokee SUV 2012,03045.jpg,C:/Users/seanf/Desktop/archive/cars_train/cars_train/03045.jpg,43
47,101,432,241,103,Ferrari 458 Italia Convertible 2012,03046.jpg,C:/Users/seanf/Desktop/archive/cars_train/cars_train/03046.jpg,146
64,214,648,444,93,Dodge Challenger SRT8 2011,03047.jpg,C:/Users/seanf/Desktop/archive/cars_train/cars_train/03047.jpg,117
40,27,391,205,60,Chevrolet HHR SS 2010,03048.jpg,C:/Users/seanf/Desktop/archive/cars_train/cars_train/03048.jpg,96
49,31,150,141,158,Maybach Landaulet Convertible 2012,03049.jpg,C:/Users/seanf/Desktop/archive/cars_train/cars_train/03049.jpg,158
94,21,462,261,176,Rolls-Royce Ghost Sedan 2012,03050.jpg,C:/Users/seanf/Desktop/archive/cars_train/cars_train/03050.jpg,106
39,47,452,227,4,Acura TL Type-S 2008,03051.jpg,C:/Users/seanf/Desktop/archive/cars_train/cars_train/03051.jpg,174
139,134,395,257,130,Hyundai Veloster Hatchback 2012,03052.jpg,C:/Users/seanf/Desktop/archive/cars_train/cars_train/03052.jpg,152
214,463,1210,910,112,Ford GT Coupe 2006,03053.jpg,C:/Users/seanf/Desktop/archive/cars_train/cars_train/03053.jpg,73
20,216,562,391,5,Acura TSX Sedan 2012,03054.jpg,C:/Users/seanf/Desktop/archive/cars_train/cars_train/03054.jpg,58
1,26,201,112,14,Audi TTS Coupe 2012,03055.jpg,C:/Users/seanf/Desktop/archive/cars_train/cars_train/03055.jpg,0
92,224,1206,877,88,Dodge Sprinter Cargo Van 2009,03056.jpg,C:/Users/seanf/Desktop/archive/cars_train/cars_train/03056.jpg,81
149,126,902,554,19,Audi TT Hatchback 2011,03057.jpg,C:/Users/seanf/Desktop/archive/cars_train/cars_train/03057.jpg,110
44,38,548,463,98,Eagle Talon Hatchback 1998,03058.jpg,C:/Users/seanf/Desktop/archive/cars_train/cars_train/03058.jpg,185
39,78,570,447,195,Volvo XC90 SUV 2007,03059.jpg,C:/Users/seanf/Desktop/archive/cars_train/cars_train/03059.jpg,131
65,41,513,375,60,Chevrolet HHR SS 2010,03060.jpg,C:/Users/seanf/Desktop/archive/cars_train/cars_train/03060.jpg,96
14,45,213,149,114,Ford F-150 Regular Cab 2007,03061.jpg,C:/Users/seanf/Desktop/archive/cars_train/cars_train/03061.jpg,50
155,477,1950,1092,69,Chevrolet Silverado 2500HD Regular Cab 2012,03062.jpg,C:/Users/seanf/Desktop/archive/cars_train/cars_train/03062.jpg,147
20,86,374,186,156,Lincoln Town Car Sedan 2011,03063.jpg,C:/Users/seanf/Desktop/archive/cars_train/cars_train/03063.jpg,153
39,33,261,195,9,Aston Martin V8 Vantage Coupe 2012,03064.jpg,C:/Users/seanf/Desktop/archive/cars_train/cars_train/03064.jpg,165
68,16,450,222,186,Toyota Sequoia SUV 2012,03065.jpg,C:/Users/seanf/Desktop/archive/cars_train/cars_train/03065.jpg,11
41,358,696,654,36,BMW M6 Convertible 2010,03066.jpg,C:/Users/seanf/Desktop/archive/cars_train/cars_train/03066.jpg,20
130,133,710,455,165,Mercedes-Benz S-Class Sedan 2012,03067.jpg,C:/Users/seanf/Desktop/archive/cars_train/cars_train/03067.jpg,70
67,68,635,451,137,Hyundai Genesis Sedan 2012,03068.jpg,C:/Users/seanf/Desktop/archive/cars_train/cars_train/03068.jpg,83
38,89,611,403,163,Mercedes-Benz SL-Class Coupe 2009,03069.jpg,C:/Users/seanf/Desktop/archive/cars_train/cars_train/03069.jpg,111
107,115,2370,1355,40,Bentley Arnage Sedan 2009,03070.jpg,C:/Users/seanf/Desktop/archive/cars_train/cars_train/03070.jpg,95
90,164,957,613,38,BMW Z4 Convertible 2012,03071.jpg,C:/Users/seanf/Desktop/archive/cars_train/cars_train/03071.jpg,32
1,13,255,185,91,Dodge Dakota Club Cab 2007,03072.jpg,C:/Users/seanf/Desktop/archive/cars_train/cars_train/03072.jpg,2
7,129,672,425,92,Dodge Magnum Wagon 2008,03073.jpg,C:/Users/seanf/Desktop/archive/cars_train/cars_train/03073.jpg,180
16,6,268,178,125,HUMMER H2 SUT Crew Cab 2009,03074.jpg,C:/Users/seanf/Desktop/archive/cars_train/cars_train/03074.jpg,115
22,298,1537,976,152,Lamborghini Gallardo LP 570-4 Superleggera 2012,03075.jpg,C:/Users/seanf/Desktop/archive/cars_train/cars_train/03075.jpg,176
134,14,1503,996,179,Spyker C8 Convertible 2009,03076.jpg,C:/Users/seanf/Desktop/archive/cars_train/cars_train/03076.jpg,104
104,178,965,656,193,Volvo C30 Hatchback 2012,03077.jpg,C:/Users/seanf/Desktop/archive/cars_train/cars_train/03077.jpg,14
53,32,201,165,90,Dodge Dakota Crew Cab 2010,03078.jpg,C:/Users/seanf/Desktop/archive/cars_train/cars_train/03078.jpg,48
40,164,713,376,171,Nissan 240SX Coupe 1998,03079.jpg,C:/Users/seanf/Desktop/archive/cars_train/cars_train/03079.jpg,92
327,275,779,481,176,Rolls-Royce Ghost Sedan 2012,03080.jpg,C:/Users/seanf/Desktop/archive/cars_train/cars_train/03080.jpg,106
26,37,241,166,5,Acura TSX Sedan 2012,03081.jpg,C:/Users/seanf/Desktop/archive/cars_train/cars_train/03081.jpg,58
75,66,420,274,93,Dodge Challenger SRT8 2011,03082.jpg,C:/Users/seanf/Desktop/archive/cars_train/cars_train/03082.jpg,117
124,87,435,321,54,Chevrolet Silverado 1500 Hybrid Crew Cab 2012,03083.jpg,C:/Users/seanf/Desktop/archive/cars_train/cars_train/03083.jpg,112
3,2,574,429,98,Eagle Talon Hatchback 1998,03084.jpg,C:/Users/seanf/Desktop/archive/cars_train/cars_train/03084.jpg,185
66,68,480,249,67,Chevrolet Malibu Hybrid Sedan 2010,03085.jpg,C:/Users/seanf/Desktop/archive/cars_train/cars_train/03085.jpg,166
11,83,441,261,136,Hyundai Accent Sedan 2012,03086.jpg,C:/Users/seanf/Desktop/archive/cars_train/cars_train/03086.jpg,90
86,44,547,275,24,Audi S4 Sedan 2007,03087.jpg,C:/Users/seanf/Desktop/archive/cars_train/cars_train/03087.jpg,105
17,41,596,431,171,Nissan 240SX Coupe 1998,03088.jpg,C:/Users/seanf/Desktop/archive/cars_train/cars_train/03088.jpg,92
236,79,825,588,146,Jeep Wrangler SUV 2012,03089.jpg,C:/Users/seanf/Desktop/archive/cars_train/cars_train/03089.jpg,173
18,31,556,407,186,Toyota Sequoia SUV 2012,03090.jpg,C:/Users/seanf/Desktop/archive/cars_train/cars_train/03090.jpg,11
35,34,419,297,36,BMW M6 Convertible 2010,03091.jpg,C:/Users/seanf/Desktop/archive/cars_train/cars_train/03091.jpg,20
1,250,1597,952,164,Mercedes-Benz E-Class Sedan 2012,03092.jpg,C:/Users/seanf/Desktop/archive/cars_train/cars_train/03092.jpg,177
91,141,1894,1234,154,Land Rover Range Rover SUV 2012,03093.jpg,C:/Users/seanf/Desktop/archive/cars_train/cars_train/03093.jpg,27
20,18,263,151,54,Chevrolet Silverado 1500 Hybrid Crew Cab 2012,03094.jpg,C:/Users/seanf/Desktop/archive/cars_train/cars_train/03094.jpg,112
140,317,1457,840,119,GMC Savana Van 2012,03095.jpg,C:/Users/seanf/Desktop/archive/cars_train/cars_train/03095.jpg,38
31,111,743,457,97,Dodge Charger SRT-8 2009,03096.jpg,C:/Users/seanf/Desktop/archive/cars_train/cars_train/03096.jpg,33
19,241,1576,1129,125,HUMMER H2 SUT Crew Cab 2009,03097.jpg,C:/Users/seanf/Desktop/archive/cars_train/cars_train/03097.jpg,115
36,115,415,294,123,Geo Metro Convertible 1993,03098.jpg,C:/Users/seanf/Desktop/archive/cars_train/cars_train/03098.jpg,5
51,43,577,378,116,Ford E-Series Wagon Van 2012,03099.jpg,C:/Users/seanf/Desktop/archive/cars_train/cars_train/03099.jpg,67
111,140,408,262,129,Honda Accord Sedan 2012,03100.jpg,C:/Users/seanf/Desktop/archive/cars_train/cars_train/03100.jpg,181
66,68,512,289,10,Aston Martin Virage Convertible 2012,03101.jpg,C:/Users/seanf/Desktop/archive/cars_train/cars_train/03101.jpg,133
14,135,605,445,4,Acura TL Type-S 2008,03102.jpg,C:/Users/seanf/Desktop/archive/cars_train/cars_train/03102.jpg,174
23,46,284,189,23,Audi S4 Sedan 2012,03103.jpg,C:/Users/seanf/Desktop/archive/cars_train/cars_train/03103.jpg,127
105,58,837,370,51,Cadillac CTS-V Sedan 2012,03104.jpg,C:/Users/seanf/Desktop/archive/cars_train/cars_train/03104.jpg,74
10,15,276,202,95,Dodge Durango SUV 2007,03105.jpg,C:/Users/seanf/Desktop/archive/cars_train/cars_train/03105.jpg,193
44,92,603,387,77,Chrysler Sebring Convertible 2010,03106.jpg,C:/Users/seanf/Desktop/archive/cars_train/cars_train/03106.jpg,122
33,91,468,314,162,Mercedes-Benz C-Class Sedan 2012,03107.jpg,C:/Users/seanf/Desktop/archive/cars_train/cars_train/03107.jpg,79
54,114,359,267,109,Ford Expedition EL SUV 2009,03108.jpg,C:/Users/seanf/Desktop/archive/cars_train/cars_train/03108.jpg,87
36,62,267,176,186,Toyota Sequoia SUV 2012,03109.jpg,C:/Users/seanf/Desktop/archive/cars_train/cars_train/03109.jpg,11
151,172,909,627,95,Dodge Durango SUV 2007,03110.jpg,C:/Users/seanf/Desktop/archive/cars_train/cars_train/03110.jpg,193
17,36,778,481,35,BMW M5 Sedan 2010,03111.jpg,C:/Users/seanf/Desktop/archive/cars_train/cars_train/03111.jpg,194
119,186,507,381,168,Nissan Leaf Hatchback 2012,03112.jpg,C:/Users/seanf/Desktop/archive/cars_train/cars_train/03112.jpg,142
28,61,409,266,188,Toyota Corolla Sedan 2012,03113.jpg,C:/Users/seanf/Desktop/archive/cars_train/cars_train/03113.jpg,62
71,28,491,359,193,Volvo C30 Hatchback 2012,03114.jpg,C:/Users/seanf/Desktop/archive/cars_train/cars_train/03114.jpg,14
67,31,212,147,38,BMW Z4 Convertible 2012,03115.jpg,C:/Users/seanf/Desktop/archive/cars_train/cars_train/03115.jpg,32
3,89,374,254,148,Jeep Grand Cherokee SUV 2012,03116.jpg,C:/Users/seanf/Desktop/archive/cars_train/cars_train/03116.jpg,43
71,183,432,308,74,Chevrolet Silverado 1500 Extended Cab 2012,03117.jpg,C:/Users/seanf/Desktop/archive/cars_train/cars_train/03117.jpg,78
20,19,243,175,111,Ford Ranger SuperCab 2011,03118.jpg,C:/Users/seanf/Desktop/archive/cars_train/cars_train/03118.jpg,56
11,51,629,408,24,Audi S4 Sedan 2007,03119.jpg,C:/Users/seanf/Desktop/archive/cars_train/cars_train/03119.jpg,105
11,21,248,172,116,Ford E-Series Wagon Van 2012,03120.jpg,C:/Users/seanf/Desktop/archive/cars_train/cars_train/03120.jpg,67
9,28,300,213,25,Audi TT RS Coupe 2012,03121.jpg,C:/Users/seanf/Desktop/archive/cars_train/cars_train/03121.jpg,39
37,93,427,298,152,Lamborghini Gallardo LP 570-4 Superleggera 2012,03122.jpg,C:/Users/seanf/Desktop/archive/cars_train/cars_train/03122.jpg,176
24,20,429,278,124,HUMMER H3T Crew Cab 2010,03123.jpg,C:/Users/seanf/Desktop/archive/cars_train/cars_train/03123.jpg,49
193,209,1347,875,167,Mitsubishi Lancer Sedan 2012,03124.jpg,C:/Users/seanf/Desktop/archive/cars_train/cars_train/03124.jpg,8
35,64,989,598,170,Nissan Juke Hatchback 2012,03125.jpg,C:/Users/seanf/Desktop/archive/cars_train/cars_train/03125.jpg,22
75,143,397,279,142,Infiniti QX56 SUV 2011,03126.jpg,C:/Users/seanf/Desktop/archive/cars_train/cars_train/03126.jpg,35
25,56,450,316,5,Acura TSX Sedan 2012,03127.jpg,C:/Users/seanf/Desktop/archive/cars_train/cars_train/03127.jpg,58
1,19,500,359,160,McLaren MP4-12C Coupe 2012,03128.jpg,C:/Users/seanf/Desktop/archive/cars_train/cars_train/03128.jpg,116
65,44,821,340,95,Dodge Durango SUV 2007,03129.jpg,C:/Users/seanf/Desktop/archive/cars_train/cars_train/03129.jpg,193
26,206,1001,517,72,Chevrolet Monte Carlo Coupe 2007,03130.jpg,C:/Users/seanf/Desktop/archive/cars_train/cars_train/03130.jpg,130
21,70,624,435,120,GMC Yukon Hybrid SUV 2012,03131.jpg,C:/Users/seanf/Desktop/archive/cars_train/cars_train/03131.jpg,21
45,14,261,191,90,Dodge Dakota Crew Cab 2010,03132.jpg,C:/Users/seanf/Desktop/archive/cars_train/cars_train/03132.jpg,48
14,6,263,173,131,Hyundai Santa Fe SUV 2012,03133.jpg,C:/Users/seanf/Desktop/archive/cars_train/cars_train/03133.jpg,80
20,74,562,370,121,GMC Acadia SUV 2012,03134.jpg,C:/Users/seanf/Desktop/archive/cars_train/cars_train/03134.jpg,82
61,16,393,204,62,Chevrolet Tahoe Hybrid SUV 2012,03135.jpg,C:/Users/seanf/Desktop/archive/cars_train/cars_train/03135.jpg,161
45,41,286,141,128,Honda Accord Coupe 2012,03136.jpg,C:/Users/seanf/Desktop/archive/cars_train/cars_train/03136.jpg,126
358,128,551,273,169,Nissan NV Passenger Van 2012,03137.jpg,C:/Users/seanf/Desktop/archive/cars_train/cars_train/03137.jpg,156
8,51,342,212,48,Buick Rainier SUV 2007,03138.jpg,C:/Users/seanf/Desktop/archive/cars_train/cars_train/03138.jpg,121
173,307,1083,617,15,Audi R8 Coupe 2012,03139.jpg,C:/Users/seanf/Desktop/archive/cars_train/cars_train/03139.jpg,44
125,47,551,393,148,Jeep Grand Cherokee SUV 2012,03140.jpg,C:/Users/seanf/Desktop/archive/cars_train/cars_train/03140.jpg,43
66,123,523,395,191,Volkswagen Golf Hatchback 1991,03141.jpg,C:/Users/seanf/Desktop/archive/cars_train/cars_train/03141.jpg,37
105,47,961,660,132,Hyundai Tucson SUV 2012,03142.jpg,C:/Users/seanf/Desktop/archive/cars_train/cars_train/03142.jpg,138
1,28,260,132,118,GMC Terrain SUV 2012,03143.jpg,C:/Users/seanf/Desktop/archive/cars_train/cars_train/03143.jpg,179
130,157,938,537,66,Chevrolet Cobalt SS 2010,03144.jpg,C:/Users/seanf/Desktop/archive/cars_train/cars_train/03144.jpg,29
12,60,396,312,111,Ford Ranger SuperCab 2011,03145.jpg,C:/Users/seanf/Desktop/archive/cars_train/cars_train/03145.jpg,56
18,57,478,274,110,Ford Edge SUV 2012,03146.jpg,C:/Users/seanf/Desktop/archive/cars_train/cars_train/03146.jpg,64
34,48,471,274,130,Hyundai Veloster Hatchback 2012,03147.jpg,C:/Users/seanf/Desktop/archive/cars_train/cars_train/03147.jpg,152
36,129,471,328,181,Suzuki Aerio Sedan 2007,03148.jpg,C:/Users/seanf/Desktop/archive/cars_train/cars_train/03148.jpg,163
133,176,2208,1603,44,Bentley Continental Flying Spur Sedan 2007,03149.jpg,C:/Users/seanf/Desktop/archive/cars_train/cars_train/03149.jpg,46
41,4,259,190,118,GMC Terrain SUV 2012,03150.jpg,C:/Users/seanf/Desktop/archive/cars_train/cars_train/03150.jpg,179
160,132,908,559,112,Ford GT Coupe 2006,03151.jpg,C:/Users/seanf/Desktop/archive/cars_train/cars_train/03151.jpg,73
48,41,511,237,3,Acura TL Sedan 2012,03152.jpg,C:/Users/seanf/Desktop/archive/cars_train/cars_train/03152.jpg,1
51,114,433,296,179,Spyker C8 Convertible 2009,03153.jpg,C:/Users/seanf/Desktop/archive/cars_train/cars_train/03153.jpg,104
71,169,593,447,58,Chevrolet Traverse SUV 2012,03154.jpg,C:/Users/seanf/Desktop/archive/cars_train/cars_train/03154.jpg,9
28,154,435,378,120,GMC Yukon Hybrid SUV 2012,03155.jpg,C:/Users/seanf/Desktop/archive/cars_train/cars_train/03155.jpg,21
59,71,549,349,62,Chevrolet Tahoe Hybrid SUV 2012,03156.jpg,C:/Users/seanf/Desktop/archive/cars_train/cars_train/03156.jpg,161
28,180,988,694,20,Audi S6 Sedan 2011,03157.jpg,C:/Users/seanf/Desktop/archive/cars_train/cars_train/03157.jpg,69
16,147,377,287,71,Chevrolet Express Van 2007,03158.jpg,C:/Users/seanf/Desktop/archive/cars_train/cars_train/03158.jpg,76
9,3,273,166,100,FIAT 500 Convertible 2012,03159.jpg,C:/Users/seanf/Desktop/archive/cars_train/cars_train/03159.jpg,151
17,135,589,439,97,Dodge Charger SRT-8 2009,03160.jpg,C:/Users/seanf/Desktop/archive/cars_train/cars_train/03160.jpg,33
2,1,639,475,178,Scion xD Hatchback 2012,03161.jpg,C:/Users/seanf/Desktop/archive/cars_train/cars_train/03161.jpg,93
100,360,1172,825,27,BMW 1 Series Convertible 2012,03162.jpg,C:/Users/seanf/Desktop/archive/cars_train/cars_train/03162.jpg,192
62,243,941,610,66,Chevrolet Cobalt SS 2010,03163.jpg,C:/Users/seanf/Desktop/archive/cars_train/cars_train/03163.jpg,29
40,49,281,182,48,Buick Rainier SUV 2007,03164.jpg,C:/Users/seanf/Desktop/archive/cars_train/cars_train/03164.jpg,121
30,26,589,373,4,Acura TL Type-S 2008,03165.jpg,C:/Users/seanf/Desktop/archive/cars_train/cars_train/03165.jpg,174
1,87,791,430,122,GMC Canyon Extended Cab 2012,03166.jpg,C:/Users/seanf/Desktop/archive/cars_train/cars_train/03166.jpg,57
44,30,412,199,12,Audi RS 4 Convertible 2008,03167.jpg,C:/Users/seanf/Desktop/archive/cars_train/cars_train/03167.jpg,125
72,139,532,331,49,Buick Verano Sedan 2012,03168.jpg,C:/Users/seanf/Desktop/archive/cars_train/cars_train/03168.jpg,10
84,13,562,311,3,Acura TL Sedan 2012,03169.jpg,C:/Users/seanf/Desktop/archive/cars_train/cars_train/03169.jpg,1
31,193,769,520,181,Suzuki Aerio Sedan 2007,03170.jpg,C:/Users/seanf/Desktop/archive/cars_train/cars_train/03170.jpg,163
97,101,495,369,86,Dodge Ram Pickup 3500 Crew Cab 2010,03171.jpg,C:/Users/seanf/Desktop/archive/cars_train/cars_train/03171.jpg,25
21,38,579,418,82,Daewoo Nubira Wagon 2002,03172.jpg,C:/Users/seanf/Desktop/archive/cars_train/cars_train/03172.jpg,186
50,163,983,552,158,Maybach Landaulet Convertible 2012,03173.jpg,C:/Users/seanf/Desktop/archive/cars_train/cars_train/03173.jpg,158
213,209,1193,685,36,BMW M6 Convertible 2010,03174.jpg,C:/Users/seanf/Desktop/archive/cars_train/cars_train/03174.jpg,20
46,132,620,386,43,Bentley Continental GT Coupe 2007,03175.jpg,C:/Users/seanf/Desktop/archive/cars_train/cars_train/03175.jpg,65
25,19,281,142,106,Ford F-450 Super Duty Crew Cab 2012,03176.jpg,C:/Users/seanf/Desktop/archive/cars_train/cars_train/03176.jpg,4
105,84,651,472,193,Volvo C30 Hatchback 2012,03177.jpg,C:/Users/seanf/Desktop/archive/cars_train/cars_train/03177.jpg,14
1,1,500,214,31,BMW 6 Series Convertible 2007,03178.jpg,C:/Users/seanf/Desktop/archive/cars_train/cars_train/03178.jpg,145
196,113,1563,1118,149,Jeep Compass SUV 2012,03179.jpg,C:/Users/seanf/Desktop/archive/cars_train/cars_train/03179.jpg,102
81,167,1344,984,32,BMW X5 SUV 2007,03180.jpg,C:/Users/seanf/Desktop/archive/cars_train/cars_train/03180.jpg,172
28,39,473,324,34,BMW M3 Coupe 2012,03181.jpg,C:/Users/seanf/Desktop/archive/cars_train/cars_train/03181.jpg,184
82,124,739,437,100,FIAT 500 Convertible 2012,03182.jpg,C:/Users/seanf/Desktop/archive/cars_train/cars_train/03182.jpg,151
68,175,784,492,141,Infiniti G Coupe IPL 2012,03183.jpg,C:/Users/seanf/Desktop/archive/cars_train/cars_train/03183.jpg,136
88,158,746,395,11,Aston Martin Virage Coupe 2012,03184.jpg,C:/Users/seanf/Desktop/archive/cars_train/cars_train/03184.jpg,128
673,981,4278,2553,56,Chevrolet Corvette ZR1 2012,03185.jpg,C:/Users/seanf/Desktop/archive/cars_train/cars_train/03185.jpg,94
48,69,573,379,178,Scion xD Hatchback 2012,03186.jpg,C:/Users/seanf/Desktop/archive/cars_train/cars_train/03186.jpg,93
66,39,576,446,89,Dodge Journey SUV 2012,03187.jpg,C:/Users/seanf/Desktop/archive/cars_train/cars_train/03187.jpg,6
57,1,567,375,193,Volvo C30 Hatchback 2012,03188.jpg,C:/Users/seanf/Desktop/archive/cars_train/cars_train/03188.jpg,14
7,46,195,148,121,GMC Acadia SUV 2012,03189.jpg,C:/Users/seanf/Desktop/archive/cars_train/cars_train/03189.jpg,82
184,493,1666,1027,165,Mercedes-Benz S-Class Sedan 2012,03190.jpg,C:/Users/seanf/Desktop/archive/cars_train/cars_train/03190.jpg,70
4,7,299,124,5,Acura TSX Sedan 2012,03191.jpg,C:/Users/seanf/Desktop/archive/cars_train/cars_train/03191.jpg,58
328,325,1540,1090,112,Ford GT Coupe 2006,03192.jpg,C:/Users/seanf/Desktop/archive/cars_train/cars_train/03192.jpg,73
26,55,355,223,119,GMC Savana Van 2012,03193.jpg,C:/Users/seanf/Desktop/archive/cars_train/cars_train/03193.jpg,38
181,253,1501,895,77,Chrysler Sebring Convertible 2010,03194.jpg,C:/Users/seanf/Desktop/archive/cars_train/cars_train/03194.jpg,122
33,95,621,383,54,Chevrolet Silverado 1500 Hybrid Crew Cab 2012,03195.jpg,C:/Users/seanf/Desktop/archive/cars_train/cars_train/03195.jpg,112
170,93,524,345,100,FIAT 500 Convertible 2012,03196.jpg,C:/Users/seanf/Desktop/archive/cars_train/cars_train/03196.jpg,151
87,101,284,207,148,Jeep Grand Cherokee SUV 2012,03197.jpg,C:/Users/seanf/Desktop/archive/cars_train/cars_train/03197.jpg,43
34,36,266,182,76,Chrysler Aspen SUV 2009,03198.jpg,C:/Users/seanf/Desktop/archive/cars_train/cars_train/03198.jpg,99
364,372,953,820,27,BMW 1 Series Convertible 2012,03199.jpg,C:/Users/seanf/Desktop/archive/cars_train/cars_train/03199.jpg,192
590,243,1455,829,168,Nissan Leaf Hatchback 2012,03200.jpg,C:/Users/seanf/Desktop/archive/cars_train/cars_train/03200.jpg,142
134,162,502,354,176,Rolls-Royce Ghost Sedan 2012,03201.jpg,C:/Users/seanf/Desktop/archive/cars_train/cars_train/03201.jpg,106
38,129,1765,1002,127,Honda Odyssey Minivan 2007,03202.jpg,C:/Users/seanf/Desktop/archive/cars_train/cars_train/03202.jpg,157
51,180,976,627,15,Audi R8 Coupe 2012,03203.jpg,C:/Users/seanf/Desktop/archive/cars_train/cars_train/03203.jpg,44
55,109,957,702,166,Mercedes-Benz Sprinter Van 2012,03204.jpg,C:/Users/seanf/Desktop/archive/cars_train/cars_train/03204.jpg,162
119,68,445,301,83,Dodge Caliber Wagon 2012,03205.jpg,C:/Users/seanf/Desktop/archive/cars_train/cars_train/03205.jpg,84
138,45,602,287,23,Audi S4 Sedan 2012,03206.jpg,C:/Users/seanf/Desktop/archive/cars_train/cars_train/03206.jpg,127
13,67,284,154,92,Dodge Magnum Wagon 2008,03207.jpg,C:/Users/seanf/Desktop/archive/cars_train/cars_train/03207.jpg,180
114,114,682,382,11,Aston Martin Virage Coupe 2012,03208.jpg,C:/Users/seanf/Desktop/archive/cars_train/cars_train/03208.jpg,128
7,131,424,323,155,Land Rover LR2 SUV 2012,03209.jpg,C:/Users/seanf/Desktop/archive/cars_train/cars_train/03209.jpg,97
40,153,715,444,87,Dodge Ram Pickup 3500 Quad Cab 2009,03210.jpg,C:/Users/seanf/Desktop/archive/cars_train/cars_train/03210.jpg,155
169,199,1405,820,55,Chevrolet Corvette Convertible 2012,03211.jpg,C:/Users/seanf/Desktop/archive/cars_train/cars_train/03211.jpg,148
8,78,231,160,181,Suzuki Aerio Sedan 2007,03212.jpg,C:/Users/seanf/Desktop/archive/cars_train/cars_train/03212.jpg,163
79,45,493,316,163,Mercedes-Benz SL-Class Coupe 2009,03213.jpg,C:/Users/seanf/Desktop/archive/cars_train/cars_train/03213.jpg,111
7,12,287,135,30,BMW 3 Series Wagon 2012,03214.jpg,C:/Users/seanf/Desktop/archive/cars_train/cars_train/03214.jpg,101
25,140,537,329,15,Audi R8 Coupe 2012,03215.jpg,C:/Users/seanf/Desktop/archive/cars_train/cars_train/03215.jpg,44
72,1,578,349,73,Chevrolet Malibu Sedan 2007,03216.jpg,C:/Users/seanf/Desktop/archive/cars_train/cars_train/03216.jpg,16
3,152,996,766,61,Chevrolet Impala Sedan 2007,03217.jpg,C:/Users/seanf/Desktop/archive/cars_train/cars_train/03217.jpg,77
75,1,738,470,166,Mercedes-Benz Sprinter Van 2012,03218.jpg,C:/Users/seanf/Desktop/archive/cars_train/cars_train/03218.jpg,162
148,803,3159,1819,112,Ford GT Coupe 2006,03219.jpg,C:/Users/seanf/Desktop/archive/cars_train/cars_train/03219.jpg,73
31,25,252,167,86,Dodge Ram Pickup 3500 Crew Cab 2010,03220.jpg,C:/Users/seanf/Desktop/archive/cars_train/cars_train/03220.jpg,25
112,13,690,391,13,Audi A5 Coupe 2012,03221.jpg,C:/Users/seanf/Desktop/archive/cars_train/cars_train/03221.jpg,36
4,4,232,147,54,Chevrolet Silverado 1500 Hybrid Crew Cab 2012,03222.jpg,C:/Users/seanf/Desktop/archive/cars_train/cars_train/03222.jpg,112
1,1,300,103,111,Ford Ranger SuperCab 2011,03223.jpg,C:/Users/seanf/Desktop/archive/cars_train/cars_train/03223.jpg,56
65,478,1514,989,193,Volvo C30 Hatchback 2012,03224.jpg,C:/Users/seanf/Desktop/archive/cars_train/cars_train/03224.jpg,14
36,107,986,721,117,Ford Fiesta Sedan 2012,03225.jpg,C:/Users/seanf/Desktop/archive/cars_train/cars_train/03225.jpg,168
37,460,1901,1066,22,Audi S5 Coupe 2012,03226.jpg,C:/Users/seanf/Desktop/archive/cars_train/cars_train/03226.jpg,164
79,13,575,290,194,Volvo 240 Sedan 1993,03227.jpg,C:/Users/seanf/Desktop/archive/cars_train/cars_train/03227.jpg,23
22,8,607,434,94,Dodge Durango SUV 2012,03228.jpg,C:/Users/seanf/Desktop/archive/cars_train/cars_train/03228.jpg,61
84,89,564,435,117,Ford Fiesta Sedan 2012,03229.jpg,C:/Users/seanf/Desktop/archive/cars_train/cars_train/03229.jpg,168
36,122,3433,1518,167,Mitsubishi Lancer Sedan 2012,03230.jpg,C:/Users/seanf/Desktop/archive/cars_train/cars_train/03230.jpg,8
61,169,518,343,72,Chevrolet Monte Carlo Coupe 2007,03231.jpg,C:/Users/seanf/Desktop/archive/cars_train/cars_train/03231.jpg,130
90,42,340,265,109,Ford Expedition EL SUV 2009,03232.jpg,C:/Users/seanf/Desktop/archive/cars_train/cars_train/03232.jpg,87
7,14,294,174,13,Audi A5 Coupe 2012,03233.jpg,C:/Users/seanf/Desktop/archive/cars_train/cars_train/03233.jpg,36
44,24,322,228,82,Daewoo Nubira Wagon 2002,03234.jpg,C:/Users/seanf/Desktop/archive/cars_train/cars_train/03234.jpg,186
28,26,394,244,150,Lamborghini Reventon Coupe 2008,03235.jpg,C:/Users/seanf/Desktop/archive/cars_train/cars_train/03235.jpg,188
70,15,886,571,60,Chevrolet HHR SS 2010,03236.jpg,C:/Users/seanf/Desktop/archive/cars_train/cars_train/03236.jpg,96
57,30,587,455,33,BMW X6 SUV 2012,03237.jpg,C:/Users/seanf/Desktop/archive/cars_train/cars_train/03237.jpg,187
62,149,560,323,4,Acura TL Type-S 2008,03238.jpg,C:/Users/seanf/Desktop/archive/cars_train/cars_train/03238.jpg,174
39,144,766,532,9,Aston Martin V8 Vantage Coupe 2012,03239.jpg,C:/Users/seanf/Desktop/archive/cars_train/cars_train/03239.jpg,165
3,7,257,101,106,Ford F-450 Super Duty Crew Cab 2012,03240.jpg,C:/Users/seanf/Desktop/archive/cars_train/cars_train/03240.jpg,4
45,79,795,507,4,Acura TL Type-S 2008,03241.jpg,C:/Users/seanf/Desktop/archive/cars_train/cars_train/03241.jpg,174
65,60,439,268,66,Chevrolet Cobalt SS 2010,03242.jpg,C:/Users/seanf/Desktop/archive/cars_train/cars_train/03242.jpg,29
51,71,588,375,4,Acura TL Type-S 2008,03243.jpg,C:/Users/seanf/Desktop/archive/cars_train/cars_train/03243.jpg,174
157,138,731,596,32,BMW X5 SUV 2007,03244.jpg,C:/Users/seanf/Desktop/archive/cars_train/cars_train/03244.jpg,172
11,53,1001,702,43,Bentley Continental GT Coupe 2007,03245.jpg,C:/Users/seanf/Desktop/archive/cars_train/cars_train/03245.jpg,65
10,199,492,505,110,Ford Edge SUV 2012,03246.jpg,C:/Users/seanf/Desktop/archive/cars_train/cars_train/03246.jpg,64
95,130,988,685,125,HUMMER H2 SUT Crew Cab 2009,03247.jpg,C:/Users/seanf/Desktop/archive/cars_train/cars_train/03247.jpg,115
92,64,256,158,177,Rolls-Royce Phantom Sedan 2012,03248.jpg,C:/Users/seanf/Desktop/archive/cars_train/cars_train/03248.jpg,40
37,104,382,268,81,Chrysler PT Cruiser Convertible 2008,03249.jpg,C:/Users/seanf/Desktop/archive/cars_train/cars_train/03249.jpg,182
366,163,602,301,176,Rolls-Royce Ghost Sedan 2012,03250.jpg,C:/Users/seanf/Desktop/archive/cars_train/cars_train/03250.jpg,106
69,174,444,338,66,Chevrolet Cobalt SS 2010,03251.jpg,C:/Users/seanf/Desktop/archive/cars_train/cars_train/03251.jpg,29
15,116,445,365,85,Dodge Caravan Minivan 1997,03252.jpg,C:/Users/seanf/Desktop/archive/cars_train/cars_train/03252.jpg,13
11,23,248,172,17,Audi 100 Sedan 1994,03253.jpg,C:/Users/seanf/Desktop/archive/cars_train/cars_train/03253.jpg,55
201,154,447,304,29,BMW 3 Series Sedan 2012,03254.jpg,C:/Users/seanf/Desktop/archive/cars_train/cars_train/03254.jpg,59
154,120,1051,783,149,Jeep Compass SUV 2012,03255.jpg,C:/Users/seanf/Desktop/archive/cars_train/cars_train/03255.jpg,102
383,797,2407,1754,140,Hyundai Azera Sedan 2012,03256.jpg,C:/Users/seanf/Desktop/archive/cars_train/cars_train/03256.jpg,98
39,18,522,379,179,Spyker C8 Convertible 2009,03257.jpg,C:/Users/seanf/Desktop/archive/cars_train/cars_train/03257.jpg,104
83,82,539,374,160,McLaren MP4-12C Coupe 2012,03258.jpg,C:/Users/seanf/Desktop/archive/cars_train/cars_train/03258.jpg,116
136,181,1133,719,180,Spyker C8 Coupe 2009,03259.jpg,C:/Users/seanf/Desktop/archive/cars_train/cars_train/03259.jpg,26
35,57,751,472,133,Hyundai Veracruz SUV 2012,03260.jpg,C:/Users/seanf/Desktop/archive/cars_train/cars_train/03260.jpg,30
4,31,259,146,70,Chevrolet Silverado 1500 Classic Extended Cab 2007,03261.jpg,C:/Users/seanf/Desktop/archive/cars_train/cars_train/03261.jpg,171
38,13,178,111,158,Maybach Landaulet Convertible 2012,03262.jpg,C:/Users/seanf/Desktop/archive/cars_train/cars_train/03262.jpg,158
72,89,568,274,168,Nissan Leaf Hatchback 2012,03263.jpg,C:/Users/seanf/Desktop/archive/cars_train/cars_train/03263.jpg,142
163,319,1588,1027,98,Eagle Talon Hatchback 1998,03264.jpg,C:/Users/seanf/Desktop/archive/cars_train/cars_train/03264.jpg,185
33,150,619,409,6,Acura Integra Type R 2001,03265.jpg,C:/Users/seanf/Desktop/archive/cars_train/cars_train/03265.jpg,123
36,85,476,246,134,Hyundai Sonata Hybrid Sedan 2012,03266.jpg,C:/Users/seanf/Desktop/archive/cars_train/cars_train/03266.jpg,3
16,115,445,269,2,Acura RL Sedan 2012,03267.jpg,C:/Users/seanf/Desktop/archive/cars_train/cars_train/03267.jpg,191
43,128,409,284,84,Dodge Caliber Wagon 2007,03268.jpg,C:/Users/seanf/Desktop/archive/cars_train/cars_train/03268.jpg,137
35,75,351,212,24,Audi S4 Sedan 2007,03269.jpg,C:/Users/seanf/Desktop/archive/cars_train/cars_train/03269.jpg,105
167,147,478,325,98,Eagle Talon Hatchback 1998,03270.jpg,C:/Users/seanf/Desktop/archive/cars_train/cars_train/03270.jpg,185
7,26,392,225,186,Toyota Sequoia SUV 2012,03271.jpg,C:/Users/seanf/Desktop/archive/cars_train/cars_train/03271.jpg,11
203,191,1278,812,98,Eagle Talon Hatchback 1998,03272.jpg,C:/Users/seanf/Desktop/archive/cars_train/cars_train/03272.jpg,185
17,70,527,294,40,Bentley Arnage Sedan 2009,03273.jpg,C:/Users/seanf/Desktop/archive/cars_train/cars_train/03273.jpg,95
37,53,546,315,132,Hyundai Tucson SUV 2012,03274.jpg,C:/Users/seanf/Desktop/archive/cars_train/cars_train/03274.jpg,138
18,28,422,280,143,Isuzu Ascender SUV 2008,03275.jpg,C:/Users/seanf/Desktop/archive/cars_train/cars_train/03275.jpg,91
4,14,499,305,196,smart fortwo Convertible 2012,03276.jpg,C:/Users/seanf/Desktop/archive/cars_train/cars_train/03276.jpg,134
545,333,1496,977,140,Hyundai Azera Sedan 2012,03277.jpg,C:/Users/seanf/Desktop/archive/cars_train/cars_train/03277.jpg,98
210,257,2274,1379,46,Bugatti Veyron 16.4 Coupe 2009,03278.jpg,C:/Users/seanf/Desktop/archive/cars_train/cars_train/03278.jpg,149
81,127,1539,1344,132,Hyundai Tucson SUV 2012,03279.jpg,C:/Users/seanf/Desktop/archive/cars_train/cars_train/03279.jpg,138
31,20,592,352,84,Dodge Caliber Wagon 2007,03280.jpg,C:/Users/seanf/Desktop/archive/cars_train/cars_train/03280.jpg,137
38,29,615,445,189,Toyota 4Runner SUV 2012,03281.jpg,C:/Users/seanf/Desktop/archive/cars_train/cars_train/03281.jpg,120
50,48,611,453,79,Chrysler 300 SRT-8 2010,03282.jpg,C:/Users/seanf/Desktop/archive/cars_train/cars_train/03282.jpg,19
37,65,612,367,15,Audi R8 Coupe 2012,03283.jpg,C:/Users/seanf/Desktop/archive/cars_train/cars_train/03283.jpg,44
52,267,544,526,183,Suzuki SX4 Hatchback 2012,03284.jpg,C:/Users/seanf/Desktop/archive/cars_train/cars_train/03284.jpg,118
80,121,581,329,41,Bentley Mulsanne Sedan 2011,03285.jpg,C:/Users/seanf/Desktop/archive/cars_train/cars_train/03285.jpg,109
83,67,504,309,166,Mercedes-Benz Sprinter Van 2012,03286.jpg,C:/Users/seanf/Desktop/archive/cars_train/cars_train/03286.jpg,162
88,1,588,316,48,Buick Rainier SUV 2007,03287.jpg,C:/Users/seanf/Desktop/archive/cars_train/cars_train/03287.jpg,121
18,86,571,324,35,BMW M5 Sedan 2010,03288.jpg,C:/Users/seanf/Desktop/archive/cars_train/cars_train/03288.jpg,194
172,227,644,432,14,Audi TTS Coupe 2012,03289.jpg,C:/Users/seanf/Desktop/archive/cars_train/cars_train/03289.jpg,0
30,87,963,629,137,Hyundai Genesis Sedan 2012,03290.jpg,C:/Users/seanf/Desktop/archive/cars_train/cars_train/03290.jpg,83
217,151,596,423,56,Chevrolet Corvette ZR1 2012,03291.jpg,C:/Users/seanf/Desktop/archive/cars_train/cars_train/03291.jpg,94
125,39,624,442,132,Hyundai Tucson SUV 2012,03292.jpg,C:/Users/seanf/Desktop/archive/cars_train/cars_train/03292.jpg,138
23,34,405,243,100,FIAT 500 Convertible 2012,03293.jpg,C:/Users/seanf/Desktop/archive/cars_train/cars_train/03293.jpg,151
57,17,484,335,34,BMW M3 Coupe 2012,03294.jpg,C:/Users/seanf/Desktop/archive/cars_train/cars_train/03294.jpg,184
1,92,714,575,91,Dodge Dakota Club Cab 2007,03295.jpg,C:/Users/seanf/Desktop/archive/cars_train/cars_train/03295.jpg,2
76,197,730,419,171,Nissan 240SX Coupe 1998,03296.jpg,C:/Users/seanf/Desktop/archive/cars_train/cars_train/03296.jpg,92
111,260,636,524,160,McLaren MP4-12C Coupe 2012,03297.jpg,C:/Users/seanf/Desktop/archive/cars_train/cars_train/03297.jpg,116
6,34,298,210,35,BMW M5 Sedan 2010,03298.jpg,C:/Users/seanf/Desktop/archive/cars_train/cars_train/03298.jpg,194
28,37,233,156,41,Bentley Mulsanne Sedan 2011,03299.jpg,C:/Users/seanf/Desktop/archive/cars_train/cars_train/03299.jpg,109
41,164,619,383,191,Volkswagen Golf Hatchback 1991,03300.jpg,C:/Users/seanf/Desktop/archive/cars_train/cars_train/03300.jpg,37
1,32,767,688,171,Nissan 240SX Coupe 1998,03301.jpg,C:/Users/seanf/Desktop/archive/cars_train/cars_train/03301.jpg,92
49,40,565,401,165,Mercedes-Benz S-Class Sedan 2012,03302.jpg,C:/Users/seanf/Desktop/archive/cars_train/cars_train/03302.jpg,70
23,145,603,410,155,Land Rover LR2 SUV 2012,03303.jpg,C:/Users/seanf/Desktop/archive/cars_train/cars_train/03303.jpg,97
228,140,831,412,63,Chevrolet Sonic Sedan 2012,03304.jpg,C:/Users/seanf/Desktop/archive/cars_train/cars_train/03304.jpg,129
11,24,630,374,87,Dodge Ram Pickup 3500 Quad Cab 2009,03305.jpg,C:/Users/seanf/Desktop/archive/cars_train/cars_train/03305.jpg,155
24,43,398,325,110,Ford Edge SUV 2012,03306.jpg,C:/Users/seanf/Desktop/archive/cars_train/cars_train/03306.jpg,64
72,53,317,207,195,Volvo XC90 SUV 2007,03307.jpg,C:/Users/seanf/Desktop/archive/cars_train/cars_train/03307.jpg,131
33,148,598,368,7,Acura ZDX Hatchback 2012,03308.jpg,C:/Users/seanf/Desktop/archive/cars_train/cars_train/03308.jpg,139
7,151,1015,644,122,GMC Canyon Extended Cab 2012,03309.jpg,C:/Users/seanf/Desktop/archive/cars_train/cars_train/03309.jpg,57
30,90,764,540,179,Spyker C8 Convertible 2009,03310.jpg,C:/Users/seanf/Desktop/archive/cars_train/cars_train/03310.jpg,104
22,142,474,326,8,Aston Martin V8 Vantage Convertible 2012,03311.jpg,C:/Users/seanf/Desktop/archive/cars_train/cars_train/03311.jpg,54
40,183,548,368,111,Ford Ranger SuperCab 2011,03312.jpg,C:/Users/seanf/Desktop/archive/cars_train/cars_train/03312.jpg,56
21,55,283,223,13,Audi A5 Coupe 2012,03313.jpg,C:/Users/seanf/Desktop/archive/cars_train/cars_train/03313.jpg,36
12,168,612,347,16,Audi V8 Sedan 1994,03314.jpg,C:/Users/seanf/Desktop/archive/cars_train/cars_train/03314.jpg,124
38,54,593,431,82,Daewoo Nubira Wagon 2002,03315.jpg,C:/Users/seanf/Desktop/archive/cars_train/cars_train/03315.jpg,186
300,221,685,418,7,Acura ZDX Hatchback 2012,03316.jpg,C:/Users/seanf/Desktop/archive/cars_train/cars_train/03316.jpg,139
32,32,438,394,2,Acura RL Sedan 2012,03317.jpg,C:/Users/seanf/Desktop/archive/cars_train/cars_train/03317.jpg,191
102,84,534,440,119,GMC Savana Van 2012,03318.jpg,C:/Users/seanf/Desktop/archive/cars_train/cars_train/03318.jpg,38
19,35,242,174,125,HUMMER H2 SUT Crew Cab 2009,03319.jpg,C:/Users/seanf/Desktop/archive/cars_train/cars_train/03319.jpg,115
24,53,241,151,69,Chevrolet Silverado 2500HD Regular Cab 2012,03320.jpg,C:/Users/seanf/Desktop/archive/cars_train/cars_train/03320.jpg,147
8,59,498,266,16,Audi V8 Sedan 1994,03321.jpg,C:/Users/seanf/Desktop/archive/cars_train/cars_train/03321.jpg,124
18,16,288,201,127,Honda Odyssey Minivan 2007,03322.jpg,C:/Users/seanf/Desktop/archive/cars_train/cars_train/03322.jpg,157
111,209,934,501,151,Lamborghini Aventador Coupe 2012,03323.jpg,C:/Users/seanf/Desktop/archive/cars_train/cars_train/03323.jpg,154
74,97,648,393,59,Chevrolet Camaro Convertible 2012,03324.jpg,C:/Users/seanf/Desktop/archive/cars_train/cars_train/03324.jpg,63
185,116,920,485,165,Mercedes-Benz S-Class Sedan 2012,03325.jpg,C:/Users/seanf/Desktop/archive/cars_train/cars_train/03325.jpg,70
32,28,730,512,167,Mitsubishi Lancer Sedan 2012,03326.jpg,C:/Users/seanf/Desktop/archive/cars_train/cars_train/03326.jpg,8
53,142,385,250,36,BMW M6 Convertible 2010,03327.jpg,C:/Users/seanf/Desktop/archive/cars_train/cars_train/03327.jpg,20
46,16,368,300,88,Dodge Sprinter Cargo Van 2009,03328.jpg,C:/Users/seanf/Desktop/archive/cars_train/cars_train/03328.jpg,81
13,55,618,435,87,Dodge Ram Pickup 3500 Quad Cab 2009,03329.jpg,C:/Users/seanf/Desktop/archive/cars_train/cars_train/03329.jpg,155
130,277,1267,859,46,Bugatti Veyron 16.4 Coupe 2009,03330.jpg,C:/Users/seanf/Desktop/archive/cars_train/cars_train/03330.jpg,149
10,7,964,491,81,Chrysler PT Cruiser Convertible 2008,03331.jpg,C:/Users/seanf/Desktop/archive/cars_train/cars_train/03331.jpg,182
1,70,487,320,127,Honda Odyssey Minivan 2007,03332.jpg,C:/Users/seanf/Desktop/archive/cars_train/cars_train/03332.jpg,157
16,37,219,168,177,Rolls-Royce Phantom Sedan 2012,03333.jpg,C:/Users/seanf/Desktop/archive/cars_train/cars_train/03333.jpg,40
14,81,615,420,172,Plymouth Neon Coupe 1999,03334.jpg,C:/Users/seanf/Desktop/archive/cars_train/cars_train/03334.jpg,15
120,105,528,310,42,Bentley Continental GT Coupe 2012,03335.jpg,C:/Users/seanf/Desktop/archive/cars_train/cars_train/03335.jpg,42
26,116,433,275,85,Dodge Caravan Minivan 1997,03336.jpg,C:/Users/seanf/Desktop/archive/cars_train/cars_train/03336.jpg,13
3,1,497,225,186,Toyota Sequoia SUV 2012,03337.jpg,C:/Users/seanf/Desktop/archive/cars_train/cars_train/03337.jpg,11
288,198,1645,874,167,Mitsubishi Lancer Sedan 2012,03338.jpg,C:/Users/seanf/Desktop/archive/cars_train/cars_train/03338.jpg,8
82,177,969,659,37,BMW X3 SUV 2012,03339.jpg,C:/Users/seanf/Desktop/archive/cars_train/cars_train/03339.jpg,75
43,164,997,663,96,Dodge Charger Sedan 2012,03340.jpg,C:/Users/seanf/Desktop/archive/cars_train/cars_train/03340.jpg,7
13,38,236,192,196,smart fortwo Convertible 2012,03341.jpg,C:/Users/seanf/Desktop/archive/cars_train/cars_train/03341.jpg,134
31,99,412,232,51,Cadillac CTS-V Sedan 2012,03342.jpg,C:/Users/seanf/Desktop/archive/cars_train/cars_train/03342.jpg,74
57,77,595,379,73,Chevrolet Malibu Sedan 2007,03343.jpg,C:/Users/seanf/Desktop/archive/cars_train/cars_train/03343.jpg,16
24,28,416,289,20,Audi S6 Sedan 2011,03344.jpg,C:/Users/seanf/Desktop/archive/cars_train/cars_train/03344.jpg,69
96,159,427,329,194,Volvo 240 Sedan 1993,03345.jpg,C:/Users/seanf/Desktop/archive/cars_train/cars_train/03345.jpg,23
34,88,968,640,168,Nissan Leaf Hatchback 2012,03346.jpg,C:/Users/seanf/Desktop/archive/cars_train/cars_train/03346.jpg,142
152,115,469,227,38,BMW Z4 Convertible 2012,03347.jpg,C:/Users/seanf/Desktop/archive/cars_train/cars_train/03347.jpg,32
7,30,253,167,121,GMC Acadia SUV 2012,03348.jpg,C:/Users/seanf/Desktop/archive/cars_train/cars_train/03348.jpg,82
26,104,632,392,25,Audi TT RS Coupe 2012,03349.jpg,C:/Users/seanf/Desktop/archive/cars_train/cars_train/03349.jpg,39
38,42,263,147,104,Ferrari 458 Italia Coupe 2012,03350.jpg,C:/Users/seanf/Desktop/archive/cars_train/cars_train/03350.jpg,31
104,145,1203,765,63,Chevrolet Sonic Sedan 2012,03351.jpg,C:/Users/seanf/Desktop/archive/cars_train/cars_train/03351.jpg,129
40,81,394,227,67,Chevrolet Malibu Hybrid Sedan 2010,03352.jpg,C:/Users/seanf/Desktop/archive/cars_train/cars_train/03352.jpg,166
20,89,444,256,49,Buick Verano Sedan 2012,03353.jpg,C:/Users/seanf/Desktop/archive/cars_train/cars_train/03353.jpg,10
81,68,612,414,155,Land Rover LR2 SUV 2012,03354.jpg,C:/Users/seanf/Desktop/archive/cars_train/cars_train/03354.jpg,97
10,12,256,175,67,Chevrolet Malibu Hybrid Sedan 2010,03355.jpg,C:/Users/seanf/Desktop/archive/cars_train/cars_train/03355.jpg,166
51,197,937,563,192,Volkswagen Beetle Hatchback 2012,03356.jpg,C:/Users/seanf/Desktop/archive/cars_train/cars_train/03356.jpg,17
19,14,434,259,179,Spyker C8 Convertible 2009,03357.jpg,C:/Users/seanf/Desktop/archive/cars_train/cars_train/03357.jpg,104
8,159,466,357,181,Suzuki Aerio Sedan 2007,03358.jpg,C:/Users/seanf/Desktop/archive/cars_train/cars_train/03358.jpg,163
17,42,469,344,69,Chevrolet Silverado 2500HD Regular Cab 2012,03359.jpg,C:/Users/seanf/Desktop/archive/cars_train/cars_train/03359.jpg,147
98,163,747,495,26,BMW ActiveHybrid 5 Sedan 2012,03360.jpg,C:/Users/seanf/Desktop/archive/cars_train/cars_train/03360.jpg,140
32,60,626,410,37,BMW X3 SUV 2012,03361.jpg,C:/Users/seanf/Desktop/archive/cars_train/cars_train/03361.jpg,75
75,5,552,353,149,Jeep Compass SUV 2012,03362.jpg,C:/Users/seanf/Desktop/archive/cars_train/cars_train/03362.jpg,102
167,267,763,623,88,Dodge Sprinter Cargo Van 2009,03363.jpg,C:/Users/seanf/Desktop/archive/cars_train/cars_train/03363.jpg,81
22,63,441,259,125,HUMMER H2 SUT Crew Cab 2009,03364.jpg,C:/Users/seanf/Desktop/archive/cars_train/cars_train/03364.jpg,115
40,91,1504,983,123,Geo Metro Convertible 1993,03365.jpg,C:/Users/seanf/Desktop/archive/cars_train/cars_train/03365.jpg,5
70,61,720,537,186,Toyota Sequoia SUV 2012,03366.jpg,C:/Users/seanf/Desktop/archive/cars_train/cars_train/03366.jpg,11
32,125,762,503,20,Audi S6 Sedan 2011,03367.jpg,C:/Users/seanf/Desktop/archive/cars_train/cars_train/03367.jpg,69
25,42,552,326,177,Rolls-Royce Phantom Sedan 2012,03368.jpg,C:/Users/seanf/Desktop/archive/cars_train/cars_train/03368.jpg,40
154,313,963,623,157,MINI Cooper Roadster Convertible 2012,03369.jpg,C:/Users/seanf/Desktop/archive/cars_train/cars_train/03369.jpg,190
187,235,934,604,31,BMW 6 Series Convertible 2007,03370.jpg,C:/Users/seanf/Desktop/archive/cars_train/cars_train/03370.jpg,145
5,115,545,338,76,Chrysler Aspen SUV 2009,03371.jpg,C:/Users/seanf/Desktop/archive/cars_train/cars_train/03371.jpg,99
13,80,288,178,47,Buick Regal GS 2012,03372.jpg,C:/Users/seanf/Desktop/archive/cars_train/cars_train/03372.jpg,100
26,56,389,248,77,Chrysler Sebring Convertible 2010,03373.jpg,C:/Users/seanf/Desktop/archive/cars_train/cars_train/03373.jpg,122
56,99,392,239,162,Mercedes-Benz C-Class Sedan 2012,03374.jpg,C:/Users/seanf/Desktop/archive/cars_train/cars_train/03374.jpg,79
147,38,897,696,121,GMC Acadia SUV 2012,03375.jpg,C:/Users/seanf/Desktop/archive/cars_train/cars_train/03375.jpg,82
14,39,278,206,51,Cadillac CTS-V Sedan 2012,03376.jpg,C:/Users/seanf/Desktop/archive/cars_train/cars_train/03376.jpg,74
18,102,630,433,71,Chevrolet Express Van 2007,03377.jpg,C:/Users/seanf/Desktop/archive/cars_train/cars_train/03377.jpg,76
7,50,256,145,109,Ford Expedition EL SUV 2009,03378.jpg,C:/Users/seanf/Desktop/archive/cars_train/cars_train/03378.jpg,87
67,227,1005,746,8,Aston Martin V8 Vantage Convertible 2012,03379.jpg,C:/Users/seanf/Desktop/archive/cars_train/cars_train/03379.jpg,54
20,17,251,179,108,Ford Freestar Minivan 2007,03380.jpg,C:/Users/seanf/Desktop/archive/cars_train/cars_train/03380.jpg,108
78,111,589,392,155,Land Rover LR2 SUV 2012,03381.jpg,C:/Users/seanf/Desktop/archive/cars_train/cars_train/03381.jpg,97
297,346,995,584,192,Volkswagen Beetle Hatchback 2012,03382.jpg,C:/Users/seanf/Desktop/archive/cars_train/cars_train/03382.jpg,17
15,44,245,184,19,Audi TT Hatchback 2011,03383.jpg,C:/Users/seanf/Desktop/archive/cars_train/cars_train/03383.jpg,110
17,93,233,231,85,Dodge Caravan Minivan 1997,03384.jpg,C:/Users/seanf/Desktop/archive/cars_train/cars_train/03384.jpg,13
3,2,495,228,186,Toyota Sequoia SUV 2012,03385.jpg,C:/Users/seanf/Desktop/archive/cars_train/cars_train/03385.jpg,11
25,10,584,404,101,Ferrari FF Coupe 2012,03386.jpg,C:/Users/seanf/Desktop/archive/cars_train/cars_train/03386.jpg,52
29,55,233,142,92,Dodge Magnum Wagon 2008,03387.jpg,C:/Users/seanf/Desktop/archive/cars_train/cars_train/03387.jpg,180
70,85,955,681,137,Hyundai Genesis Sedan 2012,03388.jpg,C:/Users/seanf/Desktop/archive/cars_train/cars_train/03388.jpg,83
17,11,240,160,109,Ford Expedition EL SUV 2009,03389.jpg,C:/Users/seanf/Desktop/archive/cars_train/cars_train/03389.jpg,87
21,198,629,441,10,Aston Martin Virage Convertible 2012,03390.jpg,C:/Users/seanf/Desktop/archive/cars_train/cars_train/03390.jpg,133
139,76,358,216,93,Dodge Challenger SRT8 2011,03391.jpg,C:/Users/seanf/Desktop/archive/cars_train/cars_train/03391.jpg,117
35,346,1237,736,164,Mercedes-Benz E-Class Sedan 2012,03392.jpg,C:/Users/seanf/Desktop/archive/cars_train/cars_train/03392.jpg,177
125,645,1845,1421,1,AM General Hummer SUV 2000,03393.jpg,C:/Users/seanf/Desktop/archive/cars_train/cars_train/03393.jpg,107
20,321,1003,621,164,Mercedes-Benz E-Class Sedan 2012,03394.jpg,C:/Users/seanf/Desktop/archive/cars_train/cars_train/03394.jpg,177
279,258,1390,886,93,Dodge Challenger SRT8 2011,03395.jpg,C:/Users/seanf/Desktop/archive/cars_train/cars_train/03395.jpg,117
53,130,471,304,165,Mercedes-Benz S-Class Sedan 2012,03396.jpg,C:/Users/seanf/Desktop/archive/cars_train/cars_train/03396.jpg,70
24,110,618,369,96,Dodge Charger Sedan 2012,03397.jpg,C:/Users/seanf/Desktop/archive/cars_train/cars_train/03397.jpg,7
102,117,524,328,103,Ferrari 458 Italia Convertible 2012,03398.jpg,C:/Users/seanf/Desktop/archive/cars_train/cars_train/03398.jpg,146
140,61,482,283,35,BMW M5 Sedan 2010,03399.jpg,C:/Users/seanf/Desktop/archive/cars_train/cars_train/03399.jpg,194
71,111,558,356,134,Hyundai Sonata Hybrid Sedan 2012,03400.jpg,C:/Users/seanf/Desktop/archive/cars_train/cars_train/03400.jpg,3
39,112,753,462,62,Chevrolet Tahoe Hybrid SUV 2012,03401.jpg,C:/Users/seanf/Desktop/archive/cars_train/cars_train/03401.jpg,161
7,48,294,179,29,BMW 3 Series Sedan 2012,03402.jpg,C:/Users/seanf/Desktop/archive/cars_train/cars_train/03402.jpg,59
82,53,438,306,137,Hyundai Genesis Sedan 2012,03403.jpg,C:/Users/seanf/Desktop/archive/cars_train/cars_train/03403.jpg,83
19,116,517,316,41,Bentley Mulsanne Sedan 2011,03404.jpg,C:/Users/seanf/Desktop/archive/cars_train/cars_train/03404.jpg,109
104,1,533,476,166,Mercedes-Benz Sprinter Van 2012,03405.jpg,C:/Users/seanf/Desktop/archive/cars_train/cars_train/03405.jpg,162
39,24,577,316,180,Spyker C8 Coupe 2009,03406.jpg,C:/Users/seanf/Desktop/archive/cars_train/cars_train/03406.jpg,26
8,28,263,142,128,Honda Accord Coupe 2012,03407.jpg,C:/Users/seanf/Desktop/archive/cars_train/cars_train/03407.jpg,126
101,149,436,285,56,Chevrolet Corvette ZR1 2012,03408.jpg,C:/Users/seanf/Desktop/archive/cars_train/cars_train/03408.jpg,94
90,408,1510,866,144,Jaguar XK XKR 2012,03409.jpg,C:/Users/seanf/Desktop/archive/cars_train/cars_train/03409.jpg,89
127,59,449,284,138,Hyundai Sonata Sedan 2012,03410.jpg,C:/Users/seanf/Desktop/archive/cars_train/cars_train/03410.jpg,71
36,62,246,132,67,Chevrolet Malibu Hybrid Sedan 2010,03411.jpg,C:/Users/seanf/Desktop/archive/cars_train/cars_train/03411.jpg,166
37,53,982,725,20,Audi S6 Sedan 2011,03412.jpg,C:/Users/seanf/Desktop/archive/cars_train/cars_train/03412.jpg,69
123,373,1196,827,42,Bentley Continental GT Coupe 2012,03413.jpg,C:/Users/seanf/Desktop/archive/cars_train/cars_train/03413.jpg,42
15,18,204,120,151,Lamborghini Aventador Coupe 2012,03414.jpg,C:/Users/seanf/Desktop/archive/cars_train/cars_train/03414.jpg,154
7,82,648,417,84,Dodge Caliber Wagon 2007,03415.jpg,C:/Users/seanf/Desktop/archive/cars_train/cars_train/03415.jpg,137
71,90,433,290,176,Rolls-Royce Ghost Sedan 2012,03416.jpg,C:/Users/seanf/Desktop/archive/cars_train/cars_train/03416.jpg,106
45,62,247,190,5,Acura TSX Sedan 2012,03417.jpg,C:/Users/seanf/Desktop/archive/cars_train/cars_train/03417.jpg,58
19,109,585,409,13,Audi A5 Coupe 2012,03418.jpg,C:/Users/seanf/Desktop/archive/cars_train/cars_train/03418.jpg,36
25,19,324,183,180,Spyker C8 Coupe 2009,03419.jpg,C:/Users/seanf/Desktop/archive/cars_train/cars_train/03419.jpg,26
12,5,282,161,90,Dodge Dakota Crew Cab 2010,03420.jpg,C:/Users/seanf/Desktop/archive/cars_train/cars_train/03420.jpg,48
48,72,590,378,45,Bugatti Veyron 16.4 Convertible 2009,03421.jpg,C:/Users/seanf/Desktop/archive/cars_train/cars_train/03421.jpg,119
207,177,581,343,25,Audi TT RS Coupe 2012,03422.jpg,C:/Users/seanf/Desktop/archive/cars_train/cars_train/03422.jpg,39
17,533,637,905,170,Nissan Juke Hatchback 2012,03423.jpg,C:/Users/seanf/Desktop/archive/cars_train/cars_train/03423.jpg,22
6,98,691,450,194,Volvo 240 Sedan 1993,03424.jpg,C:/Users/seanf/Desktop/archive/cars_train/cars_train/03424.jpg,23
36,93,521,319,43,Bentley Continental GT Coupe 2007,03425.jpg,C:/Users/seanf/Desktop/archive/cars_train/cars_train/03425.jpg,65
16,62,384,257,68,Chevrolet TrailBlazer SS 2009,03426.jpg,C:/Users/seanf/Desktop/archive/cars_train/cars_train/03426.jpg,114
44,89,278,201,22,Audi S5 Coupe 2012,03427.jpg,C:/Users/seanf/Desktop/archive/cars_train/cars_train/03427.jpg,164
25,79,492,369,114,Ford F-150 Regular Cab 2007,03428.jpg,C:/Users/seanf/Desktop/archive/cars_train/cars_train/03428.jpg,50
7,66,475,321,16,Audi V8 Sedan 1994,03429.jpg,C:/Users/seanf/Desktop/archive/cars_train/cars_train/03429.jpg,124
28,181,1585,961,191,Volkswagen Golf Hatchback 1991,03430.jpg,C:/Users/seanf/Desktop/archive/cars_train/cars_train/03430.jpg,37
5,18,111,73,123,Geo Metro Convertible 1993,03431.jpg,C:/Users/seanf/Desktop/archive/cars_train/cars_train/03431.jpg,5
180,117,500,362,83,Dodge Caliber Wagon 2012,03432.jpg,C:/Users/seanf/Desktop/archive/cars_train/cars_train/03432.jpg,84
52,242,632,520,43,Bentley Continental GT Coupe 2007,03433.jpg,C:/Users/seanf/Desktop/archive/cars_train/cars_train/03433.jpg,65
14,79,410,289,128,Honda Accord Coupe 2012,03434.jpg,C:/Users/seanf/Desktop/archive/cars_train/cars_train/03434.jpg,126
4,15,87,54,18,Audi 100 Wagon 1994,03435.jpg,C:/Users/seanf/Desktop/archive/cars_train/cars_train/03435.jpg,66
20,96,564,341,43,Bentley Continental GT Coupe 2007,03436.jpg,C:/Users/seanf/Desktop/archive/cars_train/cars_train/03436.jpg,65
94,325,1531,1099,181,Suzuki Aerio Sedan 2007,03437.jpg,C:/Users/seanf/Desktop/archive/cars_train/cars_train/03437.jpg,163
47,21,620,382,191,Volkswagen Golf Hatchback 1991,03438.jpg,C:/Users/seanf/Desktop/archive/cars_train/cars_train/03438.jpg,37
9,77,376,189,18,Audi 100 Wagon 1994,03439.jpg,C:/Users/seanf/Desktop/archive/cars_train/cars_train/03439.jpg,66
106,61,394,306,110,Ford Edge SUV 2012,03440.jpg,C:/Users/seanf/Desktop/archive/cars_train/cars_train/03440.jpg,64
63,138,539,321,126,Honda Odyssey Minivan 2012,03441.jpg,C:/Users/seanf/Desktop/archive/cars_train/cars_train/03441.jpg,60
29,101,450,265,62,Chevrolet Tahoe Hybrid SUV 2012,03442.jpg,C:/Users/seanf/Desktop/archive/cars_train/cars_train/03442.jpg,161
31,37,238,164,86,Dodge Ram Pickup 3500 Crew Cab 2010,03443.jpg,C:/Users/seanf/Desktop/archive/cars_train/cars_train/03443.jpg,25
8,6,241,142,95,Dodge Durango SUV 2007,03444.jpg,C:/Users/seanf/Desktop/archive/cars_train/cars_train/03444.jpg,193
13,113,243,191,22,Audi S5 Coupe 2012,03445.jpg,C:/Users/seanf/Desktop/archive/cars_train/cars_train/03445.jpg,164
5,29,257,183,162,Mercedes-Benz C-Class Sedan 2012,03446.jpg,C:/Users/seanf/Desktop/archive/cars_train/cars_train/03446.jpg,79
40,88,468,290,52,Cadillac SRX SUV 2012,03447.jpg,C:/Users/seanf/Desktop/archive/cars_train/cars_train/03447.jpg,189
11,45,487,246,78,Chrysler Town and Country Minivan 2012,03448.jpg,C:/Users/seanf/Desktop/archive/cars_train/cars_train/03448.jpg,195
12,60,294,185,22,Audi S5 Coupe 2012,03449.jpg,C:/Users/seanf/Desktop/archive/cars_train/cars_train/03449.jpg,164
31,114,460,325,78,Chrysler Town and Country Minivan 2012,03450.jpg,C:/Users/seanf/Desktop/archive/cars_train/cars_train/03450.jpg,195
37,31,441,318,34,BMW M3 Coupe 2012,03451.jpg,C:/Users/seanf/Desktop/archive/cars_train/cars_train/03451.jpg,184
73,447,1155,858,160,McLaren MP4-12C Coupe 2012,03452.jpg,C:/Users/seanf/Desktop/archive/cars_train/cars_train/03452.jpg,116
27,85,613,403,82,Daewoo Nubira Wagon 2002,03453.jpg,C:/Users/seanf/Desktop/archive/cars_train/cars_train/03453.jpg,186
8,33,195,119,9,Aston Martin V8 Vantage Coupe 2012,03454.jpg,C:/Users/seanf/Desktop/archive/cars_train/cars_train/03454.jpg,165
71,124,968,569,41,Bentley Mulsanne Sedan 2011,03455.jpg,C:/Users/seanf/Desktop/archive/cars_train/cars_train/03455.jpg,109
47,87,973,589,138,Hyundai Sonata Sedan 2012,03456.jpg,C:/Users/seanf/Desktop/archive/cars_train/cars_train/03456.jpg,71
32,97,462,303,27,BMW 1 Series Convertible 2012,03457.jpg,C:/Users/seanf/Desktop/archive/cars_train/cars_train/03457.jpg,192
39,198,992,597,11,Aston Martin Virage Coupe 2012,03458.jpg,C:/Users/seanf/Desktop/archive/cars_train/cars_train/03458.jpg,128
29,98,613,298,82,Daewoo Nubira Wagon 2002,03459.jpg,C:/Users/seanf/Desktop/archive/cars_train/cars_train/03459.jpg,186
128,191,894,744,83,Dodge Caliber Wagon 2012,03460.jpg,C:/Users/seanf/Desktop/archive/cars_train/cars_train/03460.jpg,84
88,97,600,388,123,Geo Metro Convertible 1993,03461.jpg,C:/Users/seanf/Desktop/archive/cars_train/cars_train/03461.jpg,5
8,95,623,375,173,Porsche Panamera Sedan 2012,03462.jpg,C:/Users/seanf/Desktop/archive/cars_train/cars_train/03462.jpg,41
33,73,760,585,119,GMC Savana Van 2012,03463.jpg,C:/Users/seanf/Desktop/archive/cars_train/cars_train/03463.jpg,38
21,30,423,255,44,Bentley Continental Flying Spur Sedan 2007,03464.jpg,C:/Users/seanf/Desktop/archive/cars_train/cars_train/03464.jpg,46
6,63,638,391,72,Chevrolet Monte Carlo Coupe 2007,03465.jpg,C:/Users/seanf/Desktop/archive/cars_train/cars_train/03465.jpg,130
20,68,618,300,186,Toyota Sequoia SUV 2012,03466.jpg,C:/Users/seanf/Desktop/archive/cars_train/cars_train/03466.jpg,11
30,152,602,421,4,Acura TL Type-S 2008,03467.jpg,C:/Users/seanf/Desktop/archive/cars_train/cars_train/03467.jpg,174
2,142,508,429,82,Daewoo Nubira Wagon 2002,03468.jpg,C:/Users/seanf/Desktop/archive/cars_train/cars_train/03468.jpg,186
325,190,1627,997,42,Bentley Continental GT Coupe 2012,03469.jpg,C:/Users/seanf/Desktop/archive/cars_train/cars_train/03469.jpg,42
16,91,676,400,182,Suzuki Kizashi Sedan 2012,03470.jpg,C:/Users/seanf/Desktop/archive/cars_train/cars_train/03470.jpg,160
140,368,1973,1006,173,Porsche Panamera Sedan 2012,03471.jpg,C:/Users/seanf/Desktop/archive/cars_train/cars_train/03471.jpg,41
67,482,638,901,23,Audi S4 Sedan 2012,03472.jpg,C:/Users/seanf/Desktop/archive/cars_train/cars_train/03472.jpg,127
87,81,627,460,122,GMC Canyon Extended Cab 2012,03473.jpg,C:/Users/seanf/Desktop/archive/cars_train/cars_train/03473.jpg,57
754,210,1401,679,148,Jeep Grand Cherokee SUV 2012,03474.jpg,C:/Users/seanf/Desktop/archive/cars_train/cars_train/03474.jpg,43
197,598,958,1005,103,Ferrari 458 Italia Convertible 2012,03475.jpg,C:/Users/seanf/Desktop/archive/cars_train/cars_train/03475.jpg,146
26,48,380,244,178,Scion xD Hatchback 2012,03476.jpg,C:/Users/seanf/Desktop/archive/cars_train/cars_train/03476.jpg,93
39,42,584,421,148,Jeep Grand Cherokee SUV 2012,03477.jpg,C:/Users/seanf/Desktop/archive/cars_train/cars_train/03477.jpg,43
17,24,620,330,34,BMW M3 Coupe 2012,03478.jpg,C:/Users/seanf/Desktop/archive/cars_train/cars_train/03478.jpg,184
21,80,437,308,46,Bugatti Veyron 16.4 Coupe 2009,03479.jpg,C:/Users/seanf/Desktop/archive/cars_train/cars_train/03479.jpg,149
166,83,807,520,43,Bentley Continental GT Coupe 2007,03480.jpg,C:/Users/seanf/Desktop/archive/cars_train/cars_train/03480.jpg,65
30,65,545,506,125,HUMMER H2 SUT Crew Cab 2009,03481.jpg,C:/Users/seanf/Desktop/archive/cars_train/cars_train/03481.jpg,115
55,107,996,721,71,Chevrolet Express Van 2007,03482.jpg,C:/Users/seanf/Desktop/archive/cars_train/cars_train/03482.jpg,76
52,1,996,562,58,Chevrolet Traverse SUV 2012,03483.jpg,C:/Users/seanf/Desktop/archive/cars_train/cars_train/03483.jpg,9
16,52,388,191,67,Chevrolet Malibu Hybrid Sedan 2010,03484.jpg,C:/Users/seanf/Desktop/archive/cars_train/cars_train/03484.jpg,166
59,139,1003,644,172,Plymouth Neon Coupe 1999,03485.jpg,C:/Users/seanf/Desktop/archive/cars_train/cars_train/03485.jpg,15
51,89,741,474,35,BMW M5 Sedan 2010,03486.jpg,C:/Users/seanf/Desktop/archive/cars_train/cars_train/03486.jpg,194
127,88,1846,1237,183,Suzuki SX4 Hatchback 2012,03487.jpg,C:/Users/seanf/Desktop/archive/cars_train/cars_train/03487.jpg,118
37,114,612,335,111,Ford Ranger SuperCab 2011,03488.jpg,C:/Users/seanf/Desktop/archive/cars_train/cars_train/03488.jpg,56
1,329,3054,2242,149,Jeep Compass SUV 2012,03489.jpg,C:/Users/seanf/Desktop/archive/cars_train/cars_train/03489.jpg,102
37,124,1003,631,183,Suzuki SX4 Hatchback 2012,03490.jpg,C:/Users/seanf/Desktop/archive/cars_train/cars_train/03490.jpg,118
24,20,259,170,121,GMC Acadia SUV 2012,03491.jpg,C:/Users/seanf/Desktop/archive/cars_train/cars_train/03491.jpg,82
42,112,783,424,153,Lamborghini Diablo Coupe 2001,03492.jpg,C:/Users/seanf/Desktop/archive/cars_train/cars_train/03492.jpg,143
7,104,618,405,178,Scion xD Hatchback 2012,03493.jpg,C:/Users/seanf/Desktop/archive/cars_train/cars_train/03493.jpg,93
57,27,535,363,155,Land Rover LR2 SUV 2012,03494.jpg,C:/Users/seanf/Desktop/archive/cars_train/cars_train/03494.jpg,97
83,146,605,438,129,Honda Accord Sedan 2012,03495.jpg,C:/Users/seanf/Desktop/archive/cars_train/cars_train/03495.jpg,181
179,165,438,271,29,BMW 3 Series Sedan 2012,03496.jpg,C:/Users/seanf/Desktop/archive/cars_train/cars_train/03496.jpg,59
213,7,549,203,119,GMC Savana Van 2012,03497.jpg,C:/Users/seanf/Desktop/archive/cars_train/cars_train/03497.jpg,38
33,82,327,200,18,Audi 100 Wagon 1994,03498.jpg,C:/Users/seanf/Desktop/archive/cars_train/cars_train/03498.jpg,66
43,96,265,160,59,Chevrolet Camaro Convertible 2012,03499.jpg,C:/Users/seanf/Desktop/archive/cars_train/cars_train/03499.jpg,63
16,80,254,152,151,Lamborghini Aventador Coupe 2012,03500.jpg,C:/Users/seanf/Desktop/archive/cars_train/cars_train/03500.jpg,154
42,118,633,333,128,Honda Accord Coupe 2012,03501.jpg,C:/Users/seanf/Desktop/archive/cars_train/cars_train/03501.jpg,126
200,521,986,789,11,Aston Martin Virage Coupe 2012,03502.jpg,C:/Users/seanf/Desktop/archive/cars_train/cars_train/03502.jpg,128
40,116,552,360,21,Audi S5 Convertible 2012,03503.jpg,C:/Users/seanf/Desktop/archive/cars_train/cars_train/03503.jpg,144
15,53,355,223,141,Infiniti G Coupe IPL 2012,03504.jpg,C:/Users/seanf/Desktop/archive/cars_train/cars_train/03504.jpg,136
134,136,991,573,87,Dodge Ram Pickup 3500 Quad Cab 2009,03505.jpg,C:/Users/seanf/Desktop/archive/cars_train/cars_train/03505.jpg,155
209,90,684,460,41,Bentley Mulsanne Sedan 2011,03506.jpg,C:/Users/seanf/Desktop/archive/cars_train/cars_train/03506.jpg,109
99,49,508,336,47,Buick Regal GS 2012,03507.jpg,C:/Users/seanf/Desktop/archive/cars_train/cars_train/03507.jpg,100
18,162,1017,612,171,Nissan 240SX Coupe 1998,03508.jpg,C:/Users/seanf/Desktop/archive/cars_train/cars_train/03508.jpg,92
18,38,200,128,125,HUMMER H2 SUT Crew Cab 2009,03509.jpg,C:/Users/seanf/Desktop/archive/cars_train/cars_train/03509.jpg,115
67,29,253,181,188,Toyota Corolla Sedan 2012,03510.jpg,C:/Users/seanf/Desktop/archive/cars_train/cars_train/03510.jpg,62
9,36,293,180,5,Acura TSX Sedan 2012,03511.jpg,C:/Users/seanf/Desktop/archive/cars_train/cars_train/03511.jpg,58
147,215,1468,786,4,Acura TL Type-S 2008,03512.jpg,C:/Users/seanf/Desktop/archive/cars_train/cars_train/03512.jpg,174
101,131,674,385,16,Audi V8 Sedan 1994,03513.jpg,C:/Users/seanf/Desktop/archive/cars_train/cars_train/03513.jpg,124
12,52,256,186,80,Chrysler Crossfire Convertible 2008,03514.jpg,C:/Users/seanf/Desktop/archive/cars_train/cars_train/03514.jpg,175
5,95,1022,633,144,Jaguar XK XKR 2012,03515.jpg,C:/Users/seanf/Desktop/archive/cars_train/cars_train/03515.jpg,89
91,143,582,410,75,Chevrolet Silverado 1500 Regular Cab 2012,03516.jpg,C:/Users/seanf/Desktop/archive/cars_train/cars_train/03516.jpg,159
62,23,447,306,165,Mercedes-Benz S-Class Sedan 2012,03517.jpg,C:/Users/seanf/Desktop/archive/cars_train/cars_train/03517.jpg,70
266,235,773,708,183,Suzuki SX4 Hatchback 2012,03518.jpg,C:/Users/seanf/Desktop/archive/cars_train/cars_train/03518.jpg,118
32,187,948,686,113,Ford F-150 Regular Cab 2012,03519.jpg,C:/Users/seanf/Desktop/archive/cars_train/cars_train/03519.jpg,167
88,75,587,394,89,Dodge Journey SUV 2012,03520.jpg,C:/Users/seanf/Desktop/archive/cars_train/cars_train/03520.jpg,6
6,1,613,447,166,Mercedes-Benz Sprinter Van 2012,03521.jpg,C:/Users/seanf/Desktop/archive/cars_train/cars_train/03521.jpg,162
135,1,1982,1165,97,Dodge Charger SRT-8 2009,03522.jpg,C:/Users/seanf/Desktop/archive/cars_train/cars_train/03522.jpg,33
43,15,248,154,8,Aston Martin V8 Vantage Convertible 2012,03523.jpg,C:/Users/seanf/Desktop/archive/cars_train/cars_train/03523.jpg,54
44,243,1259,711,112,Ford GT Coupe 2006,03524.jpg,C:/Users/seanf/Desktop/archive/cars_train/cars_train/03524.jpg,73
42,51,208,146,27,BMW 1 Series Convertible 2012,03525.jpg,C:/Users/seanf/Desktop/archive/cars_train/cars_train/03525.jpg,192
26,90,542,298,74,Chevrolet Silverado 1500 Extended Cab 2012,03526.jpg,C:/Users/seanf/Desktop/archive/cars_train/cars_train/03526.jpg,78
1,22,640,230,179,Spyker C8 Convertible 2009,03527.jpg,C:/Users/seanf/Desktop/archive/cars_train/cars_train/03527.jpg,104
1,33,240,166,146,Jeep Wrangler SUV 2012,03528.jpg,C:/Users/seanf/Desktop/archive/cars_train/cars_train/03528.jpg,173
74,81,476,431,85,Dodge Caravan Minivan 1997,03529.jpg,C:/Users/seanf/Desktop/archive/cars_train/cars_train/03529.jpg,13
203,112,955,644,155,Land Rover LR2 SUV 2012,03530.jpg,C:/Users/seanf/Desktop/archive/cars_train/cars_train/03530.jpg,97
135,247,541,447,187,Toyota Camry Sedan 2012,03531.jpg,C:/Users/seanf/Desktop/archive/cars_train/cars_train/03531.jpg,53
220,41,653,284,174,Ram C/V Cargo Van Minivan 2012,03532.jpg,C:/Users/seanf/Desktop/archive/cars_train/cars_train/03532.jpg,103
6,19,231,144,17,Audi 100 Sedan 1994,03533.jpg,C:/Users/seanf/Desktop/archive/cars_train/cars_train/03533.jpg,55
63,1,594,316,32,BMW X5 SUV 2007,03534.jpg,C:/Users/seanf/Desktop/archive/cars_train/cars_train/03534.jpg,172
46,28,217,141,162,Mercedes-Benz C-Class Sedan 2012,03535.jpg,C:/Users/seanf/Desktop/archive/cars_train/cars_train/03535.jpg,79
17,71,384,250,92,Dodge Magnum Wagon 2008,03536.jpg,C:/Users/seanf/Desktop/archive/cars_train/cars_train/03536.jpg,180
45,68,426,253,2,Acura RL Sedan 2012,03537.jpg,C:/Users/seanf/Desktop/archive/cars_train/cars_train/03537.jpg,191
4,98,496,322,36,BMW M6 Convertible 2010,03538.jpg,C:/Users/seanf/Desktop/archive/cars_train/cars_train/03538.jpg,20
48,50,404,177,69,Chevrolet Silverado 2500HD Regular Cab 2012,03539.jpg,C:/Users/seanf/Desktop/archive/cars_train/cars_train/03539.jpg,147
26,102,618,382,173,Porsche Panamera Sedan 2012,03540.jpg,C:/Users/seanf/Desktop/archive/cars_train/cars_train/03540.jpg,41
55,59,431,220,56,Chevrolet Corvette ZR1 2012,03541.jpg,C:/Users/seanf/Desktop/archive/cars_train/cars_train/03541.jpg,94
135,146,827,491,140,Hyundai Azera Sedan 2012,03542.jpg,C:/Users/seanf/Desktop/archive/cars_train/cars_train/03542.jpg,98
29,248,760,522,20,Audi S6 Sedan 2011,03543.jpg,C:/Users/seanf/Desktop/archive/cars_train/cars_train/03543.jpg,69
13,111,480,268,56,Chevrolet Corvette ZR1 2012,03544.jpg,C:/Users/seanf/Desktop/archive/cars_train/cars_train/03544.jpg,94
68,30,336,253,35,BMW M5 Sedan 2010,03545.jpg,C:/Users/seanf/Desktop/archive/cars_train/cars_train/03545.jpg,194
103,167,695,467,154,Land Rover Range Rover SUV 2012,03546.jpg,C:/Users/seanf/Desktop/archive/cars_train/cars_train/03546.jpg,27
118,131,575,336,14,Audi TTS Coupe 2012,03547.jpg,C:/Users/seanf/Desktop/archive/cars_train/cars_train/03547.jpg,0
200,96,899,654,167,Mitsubishi Lancer Sedan 2012,03548.jpg,C:/Users/seanf/Desktop/archive/cars_train/cars_train/03548.jpg,8
181,147,741,425,102,Ferrari California Convertible 2012,03549.jpg,C:/Users/seanf/Desktop/archive/cars_train/cars_train/03549.jpg,141
51,156,601,363,87,Dodge Ram Pickup 3500 Quad Cab 2009,03550.jpg,C:/Users/seanf/Desktop/archive/cars_train/cars_train/03550.jpg,155
59,129,594,453,87,Dodge Ram Pickup 3500 Quad Cab 2009,03551.jpg,C:/Users/seanf/Desktop/archive/cars_train/cars_train/03551.jpg,155
10,37,312,202,109,Ford Expedition EL SUV 2009,03552.jpg,C:/Users/seanf/Desktop/archive/cars_train/cars_train/03552.jpg,87
5,150,796,444,50,Buick Enclave SUV 2012,03553.jpg,C:/Users/seanf/Desktop/archive/cars_train/cars_train/03553.jpg,113
22,84,252,168,119,GMC Savana Van 2012,03554.jpg,C:/Users/seanf/Desktop/archive/cars_train/cars_train/03554.jpg,38
36,51,817,531,193,Volvo C30 Hatchback 2012,03555.jpg,C:/Users/seanf/Desktop/archive/cars_train/cars_train/03555.jpg,14
23,23,620,450,110,Ford Edge SUV 2012,03556.jpg,C:/Users/seanf/Desktop/archive/cars_train/cars_train/03556.jpg,64
39,50,566,413,85,Dodge Caravan Minivan 1997,03557.jpg,C:/Users/seanf/Desktop/archive/cars_train/cars_train/03557.jpg,13
57,155,589,426,37,BMW X3 SUV 2012,03558.jpg,C:/Users/seanf/Desktop/archive/cars_train/cars_train/03558.jpg,75
90,141,476,274,56,Chevrolet Corvette ZR1 2012,03559.jpg,C:/Users/seanf/Desktop/archive/cars_train/cars_train/03559.jpg,94
458,408,1374,1012,42,Bentley Continental GT Coupe 2012,03560.jpg,C:/Users/seanf/Desktop/archive/cars_train/cars_train/03560.jpg,42
69,60,600,359,11,Aston Martin Virage Coupe 2012,03561.jpg,C:/Users/seanf/Desktop/archive/cars_train/cars_train/03561.jpg,128
8,67,620,268,101,Ferrari FF Coupe 2012,03562.jpg,C:/Users/seanf/Desktop/archive/cars_train/cars_train/03562.jpg,52
19,39,275,161,105,Fisker Karma Sedan 2012,03563.jpg,C:/Users/seanf/Desktop/archive/cars_train/cars_train/03563.jpg,34
56,152,698,427,179,Spyker C8 Convertible 2009,03564.jpg,C:/Users/seanf/Desktop/archive/cars_train/cars_train/03564.jpg,104
16,52,380,280,84,Dodge Caliber Wagon 2007,03565.jpg,C:/Users/seanf/Desktop/archive/cars_train/cars_train/03565.jpg,137
5,113,466,360,107,Ford Mustang Convertible 2007,03566.jpg,C:/Users/seanf/Desktop/archive/cars_train/cars_train/03566.jpg,132
35,180,855,793,154,Land Rover Range Rover SUV 2012,03567.jpg,C:/Users/seanf/Desktop/archive/cars_train/cars_train/03567.jpg,27
38,163,593,342,29,BMW 3 Series Sedan 2012,03568.jpg,C:/Users/seanf/Desktop/archive/cars_train/cars_train/03568.jpg,59
23,75,283,173,136,Hyundai Accent Sedan 2012,03569.jpg,C:/Users/seanf/Desktop/archive/cars_train/cars_train/03569.jpg,90
20,100,482,310,33,BMW X6 SUV 2012,03570.jpg,C:/Users/seanf/Desktop/archive/cars_train/cars_train/03570.jpg,187
123,86,576,408,155,Land Rover LR2 SUV 2012,03571.jpg,C:/Users/seanf/Desktop/archive/cars_train/cars_train/03571.jpg,97
24,45,426,256,102,Ferrari California Convertible 2012,03572.jpg,C:/Users/seanf/Desktop/archive/cars_train/cars_train/03572.jpg,141
8,40,467,319,110,Ford Edge SUV 2012,03573.jpg,C:/Users/seanf/Desktop/archive/cars_train/cars_train/03573.jpg,64
48,5,722,497,166,Mercedes-Benz Sprinter Van 2012,03574.jpg,C:/Users/seanf/Desktop/archive/cars_train/cars_train/03574.jpg,162
57,3,615,461,8,Aston Martin V8 Vantage Convertible 2012,03575.jpg,C:/Users/seanf/Desktop/archive/cars_train/cars_train/03575.jpg,54
22,138,515,284,101,Ferrari FF Coupe 2012,03576.jpg,C:/Users/seanf/Desktop/archive/cars_train/cars_train/03576.jpg,52
33,50,425,303,90,Dodge Dakota Crew Cab 2010,03577.jpg,C:/Users/seanf/Desktop/archive/cars_train/cars_train/03577.jpg,48
122,30,491,401,49,Buick Verano Sedan 2012,03578.jpg,C:/Users/seanf/Desktop/archive/cars_train/cars_train/03578.jpg,10
80,265,1180,782,191,Volkswagen Golf Hatchback 1991,03579.jpg,C:/Users/seanf/Desktop/archive/cars_train/cars_train/03579.jpg,37
1,31,636,433,145,Jeep Patriot SUV 2012,03580.jpg,C:/Users/seanf/Desktop/archive/cars_train/cars_train/03580.jpg,68
45,83,590,452,65,Chevrolet Avalanche Crew Cab 2012,03581.jpg,C:/Users/seanf/Desktop/archive/cars_train/cars_train/03581.jpg,47
245,235,560,414,168,Nissan Leaf Hatchback 2012,03582.jpg,C:/Users/seanf/Desktop/archive/cars_train/cars_train/03582.jpg,142
59,164,716,419,140,Hyundai Azera Sedan 2012,03583.jpg,C:/Users/seanf/Desktop/archive/cars_train/cars_train/03583.jpg,98
276,420,1291,932,112,Ford GT Coupe 2006,03584.jpg,C:/Users/seanf/Desktop/archive/cars_train/cars_train/03584.jpg,73
69,258,768,583,188,Toyota Corolla Sedan 2012,03585.jpg,C:/Users/seanf/Desktop/archive/cars_train/cars_train/03585.jpg,62
142,351,1438,975,145,Jeep Patriot SUV 2012,03586.jpg,C:/Users/seanf/Desktop/archive/cars_train/cars_train/03586.jpg,68
45,26,393,263,143,Isuzu Ascender SUV 2008,03587.jpg,C:/Users/seanf/Desktop/archive/cars_train/cars_train/03587.jpg,91
34,5,288,195,195,Volvo XC90 SUV 2007,03588.jpg,C:/Users/seanf/Desktop/archive/cars_train/cars_train/03588.jpg,131
57,70,578,328,8,Aston Martin V8 Vantage Convertible 2012,03589.jpg,C:/Users/seanf/Desktop/archive/cars_train/cars_train/03589.jpg,54
2,35,262,142,14,Audi TTS Coupe 2012,03590.jpg,C:/Users/seanf/Desktop/archive/cars_train/cars_train/03590.jpg,0
52,340,453,700,144,Jaguar XK XKR 2012,03591.jpg,C:/Users/seanf/Desktop/archive/cars_train/cars_train/03591.jpg,89
197,55,520,217,96,Dodge Charger Sedan 2012,03592.jpg,C:/Users/seanf/Desktop/archive/cars_train/cars_train/03592.jpg,7
55,308,949,675,192,Volkswagen Beetle Hatchback 2012,03593.jpg,C:/Users/seanf/Desktop/archive/cars_train/cars_train/03593.jpg,17
126,3,1178,813,180,Spyker C8 Coupe 2009,03594.jpg,C:/Users/seanf/Desktop/archive/cars_train/cars_train/03594.jpg,26
16,207,556,420,22,Audi S5 Coupe 2012,03595.jpg,C:/Users/seanf/Desktop/archive/cars_train/cars_train/03595.jpg,164
247,178,1258,871,191,Volkswagen Golf Hatchback 1991,03596.jpg,C:/Users/seanf/Desktop/archive/cars_train/cars_train/03596.jpg,37
17,158,588,401,61,Chevrolet Impala Sedan 2007,03597.jpg,C:/Users/seanf/Desktop/archive/cars_train/cars_train/03597.jpg,77
44,161,615,471,133,Hyundai Veracruz SUV 2012,03598.jpg,C:/Users/seanf/Desktop/archive/cars_train/cars_train/03598.jpg,30
108,292,1243,850,171,Nissan 240SX Coupe 1998,03599.jpg,C:/Users/seanf/Desktop/archive/cars_train/cars_train/03599.jpg,92
252,201,1275,835,89,Dodge Journey SUV 2012,03600.jpg,C:/Users/seanf/Desktop/archive/cars_train/cars_train/03600.jpg,6
68,82,988,625,94,Dodge Durango SUV 2012,03601.jpg,C:/Users/seanf/Desktop/archive/cars_train/cars_train/03601.jpg,61
3,40,271,157,56,Chevrolet Corvette ZR1 2012,03602.jpg,C:/Users/seanf/Desktop/archive/cars_train/cars_train/03602.jpg,94
55,91,497,315,40,Bentley Arnage Sedan 2009,03603.jpg,C:/Users/seanf/Desktop/archive/cars_train/cars_train/03603.jpg,95
21,85,379,255,68,Chevrolet TrailBlazer SS 2009,03604.jpg,C:/Users/seanf/Desktop/archive/cars_train/cars_train/03604.jpg,114
375,421,2556,1450,152,Lamborghini Gallardo LP 570-4 Superleggera 2012,03605.jpg,C:/Users/seanf/Desktop/archive/cars_train/cars_train/03605.jpg,176
94,104,606,404,57,Chevrolet Corvette Ron Fellows Edition Z06 2007,03606.jpg,C:/Users/seanf/Desktop/archive/cars_train/cars_train/03606.jpg,18
58,146,943,553,4,Acura TL Type-S 2008,03607.jpg,C:/Users/seanf/Desktop/archive/cars_train/cars_train/03607.jpg,174
180,205,538,400,6,Acura Integra Type R 2001,03608.jpg,C:/Users/seanf/Desktop/archive/cars_train/cars_train/03608.jpg,123
55,3,1007,706,166,Mercedes-Benz Sprinter Van 2012,03609.jpg,C:/Users/seanf/Desktop/archive/cars_train/cars_train/03609.jpg,162
42,1,589,316,96,Dodge Charger Sedan 2012,03610.jpg,C:/Users/seanf/Desktop/archive/cars_train/cars_train/03610.jpg,7
1,9,109,72,174,Ram C/V Cargo Van Minivan 2012,03611.jpg,C:/Users/seanf/Desktop/archive/cars_train/cars_train/03611.jpg,103
80,40,350,283,69,Chevrolet Silverado 2500HD Regular Cab 2012,03612.jpg,C:/Users/seanf/Desktop/archive/cars_train/cars_train/03612.jpg,147
23,61,622,250,194,Volvo 240 Sedan 1993,03613.jpg,C:/Users/seanf/Desktop/archive/cars_train/cars_train/03613.jpg,23
17,60,636,441,75,Chevrolet Silverado 1500 Regular Cab 2012,03614.jpg,C:/Users/seanf/Desktop/archive/cars_train/cars_train/03614.jpg,159
29,35,478,287,56,Chevrolet Corvette ZR1 2012,03615.jpg,C:/Users/seanf/Desktop/archive/cars_train/cars_train/03615.jpg,94
48,92,599,392,87,Dodge Ram Pickup 3500 Quad Cab 2009,03616.jpg,C:/Users/seanf/Desktop/archive/cars_train/cars_train/03616.jpg,155
9,92,480,311,32,BMW X5 SUV 2007,03617.jpg,C:/Users/seanf/Desktop/archive/cars_train/cars_train/03617.jpg,172
115,133,715,569,99,FIAT 500 Abarth 2012,03618.jpg,C:/Users/seanf/Desktop/archive/cars_train/cars_train/03618.jpg,135
15,76,309,168,21,Audi S5 Convertible 2012,03619.jpg,C:/Users/seanf/Desktop/archive/cars_train/cars_train/03619.jpg,144
62,91,419,213,38,BMW Z4 Convertible 2012,03620.jpg,C:/Users/seanf/Desktop/archive/cars_train/cars_train/03620.jpg,32
201,158,800,589,187,Toyota Camry Sedan 2012,03621.jpg,C:/Users/seanf/Desktop/archive/cars_train/cars_train/03621.jpg,53
26,302,805,562,112,Ford GT Coupe 2006,03622.jpg,C:/Users/seanf/Desktop/archive/cars_train/cars_train/03622.jpg,73
73,221,581,409,187,Toyota Camry Sedan 2012,03623.jpg,C:/Users/seanf/Desktop/archive/cars_train/cars_train/03623.jpg,53
2,99,599,430,58,Chevrolet Traverse SUV 2012,03624.jpg,C:/Users/seanf/Desktop/archive/cars_train/cars_train/03624.jpg,9
91,63,726,552,82,Daewoo Nubira Wagon 2002,03625.jpg,C:/Users/seanf/Desktop/archive/cars_train/cars_train/03625.jpg,186
271,712,1429,1132,153,Lamborghini Diablo Coupe 2001,03626.jpg,C:/Users/seanf/Desktop/archive/cars_train/cars_train/03626.jpg,143
32,69,619,396,148,Jeep Grand Cherokee SUV 2012,03627.jpg,C:/Users/seanf/Desktop/archive/cars_train/cars_train/03627.jpg,43
48,31,539,470,188,Toyota Corolla Sedan 2012,03628.jpg,C:/Users/seanf/Desktop/archive/cars_train/cars_train/03628.jpg,62
20,61,591,362,130,Hyundai Veloster Hatchback 2012,03629.jpg,C:/Users/seanf/Desktop/archive/cars_train/cars_train/03629.jpg,152
426,596,2286,1416,89,Dodge Journey SUV 2012,03630.jpg,C:/Users/seanf/Desktop/archive/cars_train/cars_train/03630.jpg,6
31,65,475,327,117,Ford Fiesta Sedan 2012,03631.jpg,C:/Users/seanf/Desktop/archive/cars_train/cars_train/03631.jpg,168
6,35,294,185,70,Chevrolet Silverado 1500 Classic Extended Cab 2007,03632.jpg,C:/Users/seanf/Desktop/archive/cars_train/cars_train/03632.jpg,171
32,78,205,173,165,Mercedes-Benz S-Class Sedan 2012,03633.jpg,C:/Users/seanf/Desktop/archive/cars_train/cars_train/03633.jpg,70
21,11,229,99,28,BMW 1 Series Coupe 2012,03634.jpg,C:/Users/seanf/Desktop/archive/cars_train/cars_train/03634.jpg,88
83,45,265,174,100,FIAT 500 Convertible 2012,03635.jpg,C:/Users/seanf/Desktop/archive/cars_train/cars_train/03635.jpg,151
1,15,586,480,191,Volkswagen Golf Hatchback 1991,03636.jpg,C:/Users/seanf/Desktop/archive/cars_train/cars_train/03636.jpg,37
80,90,549,403,166,Mercedes-Benz Sprinter Van 2012,03637.jpg,C:/Users/seanf/Desktop/archive/cars_train/cars_train/03637.jpg,162
37,226,959,554,66,Chevrolet Cobalt SS 2010,03638.jpg,C:/Users/seanf/Desktop/archive/cars_train/cars_train/03638.jpg,29
69,59,601,346,177,Rolls-Royce Phantom Sedan 2012,03639.jpg,C:/Users/seanf/Desktop/archive/cars_train/cars_train/03639.jpg,40
49,216,992,600,63,Chevrolet Sonic Sedan 2012,03640.jpg,C:/Users/seanf/Desktop/archive/cars_train/cars_train/03640.jpg,129
118,78,599,419,5,Acura TSX Sedan 2012,03641.jpg,C:/Users/seanf/Desktop/archive/cars_train/cars_train/03641.jpg,58
433,259,957,613,170,Nissan Juke Hatchback 2012,03642.jpg,C:/Users/seanf/Desktop/archive/cars_train/cars_train/03642.jpg,22
45,132,533,401,110,Ford Edge SUV 2012,03643.jpg,C:/Users/seanf/Desktop/archive/cars_train/cars_train/03643.jpg,64
10,202,792,543,21,Audi S5 Convertible 2012,03644.jpg,C:/Users/seanf/Desktop/archive/cars_train/cars_train/03644.jpg,144
64,121,1520,1106,140,Hyundai Azera Sedan 2012,03645.jpg,C:/Users/seanf/Desktop/archive/cars_train/cars_train/03645.jpg,98
87,28,508,412,85,Dodge Caravan Minivan 1997,03646.jpg,C:/Users/seanf/Desktop/archive/cars_train/cars_train/03646.jpg,13
9,40,268,142,53,Cadillac Escalade EXT Crew Cab 2007,03647.jpg,C:/Users/seanf/Desktop/archive/cars_train/cars_train/03647.jpg,45
169,186,778,556,149,Jeep Compass SUV 2012,03648.jpg,C:/Users/seanf/Desktop/archive/cars_train/cars_train/03648.jpg,102
18,38,286,201,95,Dodge Durango SUV 2007,03649.jpg,C:/Users/seanf/Desktop/archive/cars_train/cars_train/03649.jpg,193
51,24,257,194,84,Dodge Caliber Wagon 2007,03650.jpg,C:/Users/seanf/Desktop/archive/cars_train/cars_train/03650.jpg,137
30,110,578,431,64,Chevrolet Express Cargo Van 2007,03651.jpg,C:/Users/seanf/Desktop/archive/cars_train/cars_train/03651.jpg,178
9,19,196,114,73,Chevrolet Malibu Sedan 2007,03652.jpg,C:/Users/seanf/Desktop/archive/cars_train/cars_train/03652.jpg,16
15,14,631,468,22,Audi S5 Coupe 2012,03653.jpg,C:/Users/seanf/Desktop/archive/cars_train/cars_train/03653.jpg,164
32,65,287,161,13,Audi A5 Coupe 2012,03654.jpg,C:/Users/seanf/Desktop/archive/cars_train/cars_train/03654.jpg,36
72,101,992,648,43,Bentley Continental GT Coupe 2007,03655.jpg,C:/Users/seanf/Desktop/archive/cars_train/cars_train/03655.jpg,65
44,177,580,441,67,Chevrolet Malibu Hybrid Sedan 2010,03656.jpg,C:/Users/seanf/Desktop/archive/cars_train/cars_train/03656.jpg,166
19,54,490,350,81,Chrysler PT Cruiser Convertible 2008,03657.jpg,C:/Users/seanf/Desktop/archive/cars_train/cars_train/03657.jpg,182
22,28,609,312,103,Ferrari 458 Italia Convertible 2012,03658.jpg,C:/Users/seanf/Desktop/archive/cars_train/cars_train/03658.jpg,146
19,74,624,267,9,Aston Martin V8 Vantage Coupe 2012,03659.jpg,C:/Users/seanf/Desktop/archive/cars_train/cars_train/03659.jpg,165
103,164,555,426,50,Buick Enclave SUV 2012,03660.jpg,C:/Users/seanf/Desktop/archive/cars_train/cars_train/03660.jpg,113
30,103,614,378,182,Suzuki Kizashi Sedan 2012,03661.jpg,C:/Users/seanf/Desktop/archive/cars_train/cars_train/03661.jpg,160
224,89,1114,688,9,Aston Martin V8 Vantage Coupe 2012,03662.jpg,C:/Users/seanf/Desktop/archive/cars_train/cars_train/03662.jpg,165
70,237,709,567,137,Hyundai Genesis Sedan 2012,03663.jpg,C:/Users/seanf/Desktop/archive/cars_train/cars_train/03663.jpg,83
22,17,292,154,134,Hyundai Sonata Hybrid Sedan 2012,03664.jpg,C:/Users/seanf/Desktop/archive/cars_train/cars_train/03664.jpg,3
24,83,426,218,28,BMW 1 Series Coupe 2012,03665.jpg,C:/Users/seanf/Desktop/archive/cars_train/cars_train/03665.jpg,88
47,1,1005,763,63,Chevrolet Sonic Sedan 2012,03666.jpg,C:/Users/seanf/Desktop/archive/cars_train/cars_train/03666.jpg,129
26,20,251,163,131,Hyundai Santa Fe SUV 2012,03667.jpg,C:/Users/seanf/Desktop/archive/cars_train/cars_train/03667.jpg,80
80,67,502,365,193,Volvo C30 Hatchback 2012,03668.jpg,C:/Users/seanf/Desktop/archive/cars_train/cars_train/03668.jpg,14
14,12,251,158,76,Chrysler Aspen SUV 2009,03669.jpg,C:/Users/seanf/Desktop/archive/cars_train/cars_train/03669.jpg,99
146,73,486,236,6,Acura Integra Type R 2001,03670.jpg,C:/Users/seanf/Desktop/archive/cars_train/cars_train/03670.jpg,123
57,47,619,458,98,Eagle Talon Hatchback 1998,03671.jpg,C:/Users/seanf/Desktop/archive/cars_train/cars_train/03671.jpg,185
135,308,1098,635,106,Ford F-450 Super Duty Crew Cab 2012,03672.jpg,C:/Users/seanf/Desktop/archive/cars_train/cars_train/03672.jpg,4
85,43,601,410,16,Audi V8 Sedan 1994,03673.jpg,C:/Users/seanf/Desktop/archive/cars_train/cars_train/03673.jpg,124
64,75,2624,1392,98,Eagle Talon Hatchback 1998,03674.jpg,C:/Users/seanf/Desktop/archive/cars_train/cars_train/03674.jpg,185
64,78,1174,597,181,Suzuki Aerio Sedan 2007,03675.jpg,C:/Users/seanf/Desktop/archive/cars_train/cars_train/03675.jpg,163
47,55,394,251,39,Bentley Continental Supersports Conv. Convertible 2012,03676.jpg,C:/Users/seanf/Desktop/archive/cars_train/cars_train/03676.jpg,170
63,89,616,448,33,BMW X6 SUV 2012,03677.jpg,C:/Users/seanf/Desktop/archive/cars_train/cars_train/03677.jpg,187
66,79,224,168,190,Volkswagen Golf Hatchback 2012,03678.jpg,C:/Users/seanf/Desktop/archive/cars_train/cars_train/03678.jpg,51
45,31,232,161,82,Daewoo Nubira Wagon 2002,03679.jpg,C:/Users/seanf/Desktop/archive/cars_train/cars_train/03679.jpg,186
50,213,599,415,69,Chevrolet Silverado 2500HD Regular Cab 2012,03680.jpg,C:/Users/seanf/Desktop/archive/cars_train/cars_train/03680.jpg,147
16,41,231,154,85,Dodge Caravan Minivan 1997,03681.jpg,C:/Users/seanf/Desktop/archive/cars_train/cars_train/03681.jpg,13
4,80,572,294,126,Honda Odyssey Minivan 2012,03682.jpg,C:/Users/seanf/Desktop/archive/cars_train/cars_train/03682.jpg,60
15,63,480,360,91,Dodge Dakota Club Cab 2007,03683.jpg,C:/Users/seanf/Desktop/archive/cars_train/cars_train/03683.jpg,2
13,37,433,200,36,BMW M6 Convertible 2010,03684.jpg,C:/Users/seanf/Desktop/archive/cars_train/cars_train/03684.jpg,20
13,62,533,382,70,Chevrolet Silverado 1500 Classic Extended Cab 2007,03685.jpg,C:/Users/seanf/Desktop/archive/cars_train/cars_train/03685.jpg,171
42,51,617,438,184,Suzuki SX4 Sedan 2012,03686.jpg,C:/Users/seanf/Desktop/archive/cars_train/cars_train/03686.jpg,24
39,23,517,263,103,Ferrari 458 Italia Convertible 2012,03687.jpg,C:/Users/seanf/Desktop/archive/cars_train/cars_train/03687.jpg,146
69,138,613,415,133,Hyundai Veracruz SUV 2012,03688.jpg,C:/Users/seanf/Desktop/archive/cars_train/cars_train/03688.jpg,30
10,92,677,276,152,Lamborghini Gallardo LP 570-4 Superleggera 2012,03689.jpg,C:/Users/seanf/Desktop/archive/cars_train/cars_train/03689.jpg,176
150,102,877,444,2,Acura RL Sedan 2012,03690.jpg,C:/Users/seanf/Desktop/archive/cars_train/cars_train/03690.jpg,191
33,54,228,169,91,Dodge Dakota Club Cab 2007,03691.jpg,C:/Users/seanf/Desktop/archive/cars_train/cars_train/03691.jpg,2
71,167,567,402,189,Toyota 4Runner SUV 2012,03692.jpg,C:/Users/seanf/Desktop/archive/cars_train/cars_train/03692.jpg,120
91,32,523,317,136,Hyundai Accent Sedan 2012,03693.jpg,C:/Users/seanf/Desktop/archive/cars_train/cars_train/03693.jpg,90
36,35,467,313,161,Mercedes-Benz 300-Class Convertible 1993,03694.jpg,C:/Users/seanf/Desktop/archive/cars_train/cars_train/03694.jpg,86
32,131,579,439,75,Chevrolet Silverado 1500 Regular Cab 2012,03695.jpg,C:/Users/seanf/Desktop/archive/cars_train/cars_train/03695.jpg,159
40,92,480,318,76,Chrysler Aspen SUV 2009,03696.jpg,C:/Users/seanf/Desktop/archive/cars_train/cars_train/03696.jpg,99
137,38,581,381,120,GMC Yukon Hybrid SUV 2012,03697.jpg,C:/Users/seanf/Desktop/archive/cars_train/cars_train/03697.jpg,21
22,87,787,516,19,Audi TT Hatchback 2011,03698.jpg,C:/Users/seanf/Desktop/archive/cars_train/cars_train/03698.jpg,110
72,53,289,215,71,Chevrolet Express Van 2007,03699.jpg,C:/Users/seanf/Desktop/archive/cars_train/cars_train/03699.jpg,76
311,224,647,357,150,Lamborghini Reventon Coupe 2008,03700.jpg,C:/Users/seanf/Desktop/archive/cars_train/cars_train/03700.jpg,188
6,26,254,165,62,Chevrolet Tahoe Hybrid SUV 2012,03701.jpg,C:/Users/seanf/Desktop/archive/cars_train/cars_train/03701.jpg,161
161,340,1401,945,138,Hyundai Sonata Sedan 2012,03702.jpg,C:/Users/seanf/Desktop/archive/cars_train/cars_train/03702.jpg,71
13,24,276,180,19,Audi TT Hatchback 2011,03703.jpg,C:/Users/seanf/Desktop/archive/cars_train/cars_train/03703.jpg,110
91,68,934,602,147,Jeep Liberty SUV 2012,03704.jpg,C:/Users/seanf/Desktop/archive/cars_train/cars_train/03704.jpg,85
36,93,481,344,135,Hyundai Elantra Sedan 2007,03705.jpg,C:/Users/seanf/Desktop/archive/cars_train/cars_train/03705.jpg,12
111,246,647,434,124,HUMMER H3T Crew Cab 2010,03706.jpg,C:/Users/seanf/Desktop/archive/cars_train/cars_train/03706.jpg,49
114,122,524,375,100,FIAT 500 Convertible 2012,03707.jpg,C:/Users/seanf/Desktop/archive/cars_train/cars_train/03707.jpg,151
21,50,483,316,53,Cadillac Escalade EXT Crew Cab 2007,03708.jpg,C:/Users/seanf/Desktop/archive/cars_train/cars_train/03708.jpg,45
39,113,604,313,30,BMW 3 Series Wagon 2012,03709.jpg,C:/Users/seanf/Desktop/archive/cars_train/cars_train/03709.jpg,101
121,87,567,465,135,Hyundai Elantra Sedan 2007,03710.jpg,C:/Users/seanf/Desktop/archive/cars_train/cars_train/03710.jpg,12
41,206,984,706,172,Plymouth Neon Coupe 1999,03711.jpg,C:/Users/seanf/Desktop/archive/cars_train/cars_train/03711.jpg,15
24,143,1001,587,84,Dodge Caliber Wagon 2007,03712.jpg,C:/Users/seanf/Desktop/archive/cars_train/cars_train/03712.jpg,137
143,127,461,316,157,MINI Cooper Roadster Convertible 2012,03713.jpg,C:/Users/seanf/Desktop/archive/cars_train/cars_train/03713.jpg,190
2,50,436,311,105,Fisker Karma Sedan 2012,03714.jpg,C:/Users/seanf/Desktop/archive/cars_train/cars_train/03714.jpg,34
1,60,630,379,6,Acura Integra Type R 2001,03715.jpg,C:/Users/seanf/Desktop/archive/cars_train/cars_train/03715.jpg,123
56,1,588,258,31,BMW 6 Series Convertible 2007,03716.jpg,C:/Users/seanf/Desktop/archive/cars_train/cars_train/03716.jpg,145
9,25,136,92,17,Audi 100 Sedan 1994,03717.jpg,C:/Users/seanf/Desktop/archive/cars_train/cars_train/03717.jpg,55
25,51,282,164,48,Buick Rainier SUV 2007,03718.jpg,C:/Users/seanf/Desktop/archive/cars_train/cars_train/03718.jpg,121
278,165,872,532,173,Porsche Panamera Sedan 2012,03719.jpg,C:/Users/seanf/Desktop/archive/cars_train/cars_train/03719.jpg,41
54,87,426,311,175,Rolls-Royce Phantom Drophead Coupe Convertible 2012,03720.jpg,C:/Users/seanf/Desktop/archive/cars_train/cars_train/03720.jpg,72
60,77,228,161,22,Audi S5 Coupe 2012,03721.jpg,C:/Users/seanf/Desktop/archive/cars_train/cars_train/03721.jpg,164
32,26,183,147,29,BMW 3 Series Sedan 2012,03722.jpg,C:/Users/seanf/Desktop/archive/cars_train/cars_train/03722.jpg,59
80,57,376,195,12,Audi RS 4 Convertible 2008,03723.jpg,C:/Users/seanf/Desktop/archive/cars_train/cars_train/03723.jpg,125
172,195,959,564,68,Chevrolet TrailBlazer SS 2009,03724.jpg,C:/Users/seanf/Desktop/archive/cars_train/cars_train/03724.jpg,114
28,8,433,225,114,Ford F-150 Regular Cab 2007,03725.jpg,C:/Users/seanf/Desktop/archive/cars_train/cars_train/03725.jpg,50
69,92,582,340,102,Ferrari California Convertible 2012,03726.jpg,C:/Users/seanf/Desktop/archive/cars_train/cars_train/03726.jpg,141
116,22,556,343,147,Jeep Liberty SUV 2012,03727.jpg,C:/Users/seanf/Desktop/archive/cars_train/cars_train/03727.jpg,85
76,131,386,312,196,smart fortwo Convertible 2012,03728.jpg,C:/Users/seanf/Desktop/archive/cars_train/cars_train/03728.jpg,134
27,45,622,395,127,Honda Odyssey Minivan 2007,03729.jpg,C:/Users/seanf/Desktop/archive/cars_train/cars_train/03729.jpg,157
41,19,299,205,91,Dodge Dakota Club Cab 2007,03730.jpg,C:/Users/seanf/Desktop/archive/cars_train/cars_train/03730.jpg,2
18,57,236,168,143,Isuzu Ascender SUV 2008,03731.jpg,C:/Users/seanf/Desktop/archive/cars_train/cars_train/03731.jpg,91
102,74,257,166,9,Aston Martin V8 Vantage Coupe 2012,03732.jpg,C:/Users/seanf/Desktop/archive/cars_train/cars_train/03732.jpg,165
99,118,930,589,57,Chevrolet Corvette Ron Fellows Edition Z06 2007,03733.jpg,C:/Users/seanf/Desktop/archive/cars_train/cars_train/03733.jpg,18
9,198,777,514,36,BMW M6 Convertible 2010,03734.jpg,C:/Users/seanf/Desktop/archive/cars_train/cars_train/03734.jpg,20
1,49,295,165,108,Ford Freestar Minivan 2007,03735.jpg,C:/Users/seanf/Desktop/archive/cars_train/cars_train/03735.jpg,108
13,17,264,164,33,BMW X6 SUV 2012,03736.jpg,C:/Users/seanf/Desktop/archive/cars_train/cars_train/03736.jpg,187
154,223,1378,1030,61,Chevrolet Impala Sedan 2007,03737.jpg,C:/Users/seanf/Desktop/archive/cars_train/cars_train/03737.jpg,77
76,264,730,526,21,Audi S5 Convertible 2012,03738.jpg,C:/Users/seanf/Desktop/archive/cars_train/cars_train/03738.jpg,144
21,15,267,172,53,Cadillac Escalade EXT Crew Cab 2007,03739.jpg,C:/Users/seanf/Desktop/archive/cars_train/cars_train/03739.jpg,45
44,170,605,342,26,BMW ActiveHybrid 5 Sedan 2012,03740.jpg,C:/Users/seanf/Desktop/archive/cars_train/cars_train/03740.jpg,140
21,4,263,150,100,FIAT 500 Convertible 2012,03741.jpg,C:/Users/seanf/Desktop/archive/cars_train/cars_train/03741.jpg,151
14,52,443,276,127,Honda Odyssey Minivan 2007,03742.jpg,C:/Users/seanf/Desktop/archive/cars_train/cars_train/03742.jpg,157
16,47,557,317,144,Jaguar XK XKR 2012,03743.jpg,C:/Users/seanf/Desktop/archive/cars_train/cars_train/03743.jpg,89
17,17,298,210,108,Ford Freestar Minivan 2007,03744.jpg,C:/Users/seanf/Desktop/archive/cars_train/cars_train/03744.jpg,108
210,198,593,386,96,Dodge Charger Sedan 2012,03745.jpg,C:/Users/seanf/Desktop/archive/cars_train/cars_train/03745.jpg,7
26,27,268,201,97,Dodge Charger SRT-8 2009,03746.jpg,C:/Users/seanf/Desktop/archive/cars_train/cars_train/03746.jpg,33
74,23,874,660,141,Infiniti G Coupe IPL 2012,03747.jpg,C:/Users/seanf/Desktop/archive/cars_train/cars_train/03747.jpg,136
105,270,1292,996,192,Volkswagen Beetle Hatchback 2012,03748.jpg,C:/Users/seanf/Desktop/archive/cars_train/cars_train/03748.jpg,17
53,386,2174,1243,55,Chevrolet Corvette Convertible 2012,03749.jpg,C:/Users/seanf/Desktop/archive/cars_train/cars_train/03749.jpg,148
137,567,3038,1771,14,Audi TTS Coupe 2012,03750.jpg,C:/Users/seanf/Desktop/archive/cars_train/cars_train/03750.jpg,0
25,26,436,281,46,Bugatti Veyron 16.4 Coupe 2009,03751.jpg,C:/Users/seanf/Desktop/archive/cars_train/cars_train/03751.jpg,149
51,74,633,361,74,Chevrolet Silverado 1500 Extended Cab 2012,03752.jpg,C:/Users/seanf/Desktop/archive/cars_train/cars_train/03752.jpg,78
50,63,388,277,152,Lamborghini Gallardo LP 570-4 Superleggera 2012,03753.jpg,C:/Users/seanf/Desktop/archive/cars_train/cars_train/03753.jpg,176
146,262,731,612,176,Rolls-Royce Ghost Sedan 2012,03754.jpg,C:/Users/seanf/Desktop/archive/cars_train/cars_train/03754.jpg,106
191,299,907,667,15,Audi R8 Coupe 2012,03755.jpg,C:/Users/seanf/Desktop/archive/cars_train/cars_train/03755.jpg,44
26,98,428,309,13,Audi A5 Coupe 2012,03756.jpg,C:/Users/seanf/Desktop/archive/cars_train/cars_train/03756.jpg,36
80,126,531,339,53,Cadillac Escalade EXT Crew Cab 2007,03757.jpg,C:/Users/seanf/Desktop/archive/cars_train/cars_train/03757.jpg,45
12,42,248,160,19,Audi TT Hatchback 2011,03758.jpg,C:/Users/seanf/Desktop/archive/cars_train/cars_train/03758.jpg,110
78,31,431,226,193,Volvo C30 Hatchback 2012,03759.jpg,C:/Users/seanf/Desktop/archive/cars_train/cars_train/03759.jpg,14
30,41,488,330,40,Bentley Arnage Sedan 2009,03760.jpg,C:/Users/seanf/Desktop/archive/cars_train/cars_train/03760.jpg,95
114,106,492,292,6,Acura Integra Type R 2001,03761.jpg,C:/Users/seanf/Desktop/archive/cars_train/cars_train/03761.jpg,123
26,60,356,206,45,Bugatti Veyron 16.4 Convertible 2009,03762.jpg,C:/Users/seanf/Desktop/archive/cars_train/cars_train/03762.jpg,119
16,113,409,263,68,Chevrolet TrailBlazer SS 2009,03763.jpg,C:/Users/seanf/Desktop/archive/cars_train/cars_train/03763.jpg,114
30,118,615,316,16,Audi V8 Sedan 1994,03764.jpg,C:/Users/seanf/Desktop/archive/cars_train/cars_train/03764.jpg,124
50,371,1397,800,17,Audi 100 Sedan 1994,03765.jpg,C:/Users/seanf/Desktop/archive/cars_train/cars_train/03765.jpg,55
196,104,756,449,11,Aston Martin Virage Coupe 2012,03766.jpg,C:/Users/seanf/Desktop/archive/cars_train/cars_train/03766.jpg,128
36,40,261,174,2,Acura RL Sedan 2012,03767.jpg,C:/Users/seanf/Desktop/archive/cars_train/cars_train/03767.jpg,191
19,20,286,212,162,Mercedes-Benz C-Class Sedan 2012,03768.jpg,C:/Users/seanf/Desktop/archive/cars_train/cars_train/03768.jpg,79
45,113,431,321,83,Dodge Caliber Wagon 2012,03769.jpg,C:/Users/seanf/Desktop/archive/cars_train/cars_train/03769.jpg,84
36,81,564,339,154,Land Rover Range Rover SUV 2012,03770.jpg,C:/Users/seanf/Desktop/archive/cars_train/cars_train/03770.jpg,27
7,42,614,380,162,Mercedes-Benz C-Class Sedan 2012,03771.jpg,C:/Users/seanf/Desktop/archive/cars_train/cars_train/03771.jpg,79
29,75,271,168,3,Acura TL Sedan 2012,03772.jpg,C:/Users/seanf/Desktop/archive/cars_train/cars_train/03772.jpg,1
58,226,757,517,140,Hyundai Azera Sedan 2012,03773.jpg,C:/Users/seanf/Desktop/archive/cars_train/cars_train/03773.jpg,98
20,114,602,355,48,Buick Rainier SUV 2007,03774.jpg,C:/Users/seanf/Desktop/archive/cars_train/cars_train/03774.jpg,121
36,188,672,422,153,Lamborghini Diablo Coupe 2001,03775.jpg,C:/Users/seanf/Desktop/archive/cars_train/cars_train/03775.jpg,143
13,8,619,393,94,Dodge Durango SUV 2012,03776.jpg,C:/Users/seanf/Desktop/archive/cars_train/cars_train/03776.jpg,61
53,1,597,439,64,Chevrolet Express Cargo Van 2007,03777.jpg,C:/Users/seanf/Desktop/archive/cars_train/cars_train/03777.jpg,178
159,3,636,565,166,Mercedes-Benz Sprinter Van 2012,03778.jpg,C:/Users/seanf/Desktop/archive/cars_train/cars_train/03778.jpg,162
105,146,1573,1098,186,Toyota Sequoia SUV 2012,03779.jpg,C:/Users/seanf/Desktop/archive/cars_train/cars_train/03779.jpg,11
59,121,553,393,143,Isuzu Ascender SUV 2008,03780.jpg,C:/Users/seanf/Desktop/archive/cars_train/cars_train/03780.jpg,91
66,43,478,371,196,smart fortwo Convertible 2012,03781.jpg,C:/Users/seanf/Desktop/archive/cars_train/cars_train/03781.jpg,134
9,68,886,598,48,Buick Rainier SUV 2007,03782.jpg,C:/Users/seanf/Desktop/archive/cars_train/cars_train/03782.jpg,121
6,165,545,360,128,Honda Accord Coupe 2012,03783.jpg,C:/Users/seanf/Desktop/archive/cars_train/cars_train/03783.jpg,126
84,150,1029,616,79,Chrysler 300 SRT-8 2010,03784.jpg,C:/Users/seanf/Desktop/archive/cars_train/cars_train/03784.jpg,19
56,120,456,252,194,Volvo 240 Sedan 1993,03785.jpg,C:/Users/seanf/Desktop/archive/cars_train/cars_train/03785.jpg,23
10,14,540,264,98,Eagle Talon Hatchback 1998,03786.jpg,C:/Users/seanf/Desktop/archive/cars_train/cars_train/03786.jpg,185
9,12,649,345,138,Hyundai Sonata Sedan 2012,03787.jpg,C:/Users/seanf/Desktop/archive/cars_train/cars_train/03787.jpg,71
161,105,629,402,142,Infiniti QX56 SUV 2011,03788.jpg,C:/Users/seanf/Desktop/archive/cars_train/cars_train/03788.jpg,35
13,72,265,163,122,GMC Canyon Extended Cab 2012,03789.jpg,C:/Users/seanf/Desktop/archive/cars_train/cars_train/03789.jpg,57
451,625,2092,1763,7,Acura ZDX Hatchback 2012,03790.jpg,C:/Users/seanf/Desktop/archive/cars_train/cars_train/03790.jpg,139
26,68,286,193,16,Audi V8 Sedan 1994,03791.jpg,C:/Users/seanf/Desktop/archive/cars_train/cars_train/03791.jpg,124
12,24,342,278,76,Chrysler Aspen SUV 2009,03792.jpg,C:/Users/seanf/Desktop/archive/cars_train/cars_train/03792.jpg,99
68,79,514,322,134,Hyundai Sonata Hybrid Sedan 2012,03793.jpg,C:/Users/seanf/Desktop/archive/cars_train/cars_train/03793.jpg,3
47,118,509,326,189,Toyota 4Runner SUV 2012,03794.jpg,C:/Users/seanf/Desktop/archive/cars_train/cars_train/03794.jpg,120
31,75,480,308,4,Acura TL Type-S 2008,03795.jpg,C:/Users/seanf/Desktop/archive/cars_train/cars_train/03795.jpg,174
12,13,254,127,125,HUMMER H2 SUT Crew Cab 2009,03796.jpg,C:/Users/seanf/Desktop/archive/cars_train/cars_train/03796.jpg,115
38,19,606,430,94,Dodge Durango SUV 2012,03797.jpg,C:/Users/seanf/Desktop/archive/cars_train/cars_train/03797.jpg,61
705,356,1353,748,124,HUMMER H3T Crew Cab 2010,03798.jpg,C:/Users/seanf/Desktop/archive/cars_train/cars_train/03798.jpg,49
1,44,224,165,106,Ford F-450 Super Duty Crew Cab 2012,03799.jpg,C:/Users/seanf/Desktop/archive/cars_train/cars_train/03799.jpg,4
34,5,393,211,68,Chevrolet TrailBlazer SS 2009,03800.jpg,C:/Users/seanf/Desktop/archive/cars_train/cars_train/03800.jpg,114
38,93,580,375,155,Land Rover LR2 SUV 2012,03801.jpg,C:/Users/seanf/Desktop/archive/cars_train/cars_train/03801.jpg,97
11,38,248,153,128,Honda Accord Coupe 2012,03802.jpg,C:/Users/seanf/Desktop/archive/cars_train/cars_train/03802.jpg,126
6,61,253,138,92,Dodge Magnum Wagon 2008,03803.jpg,C:/Users/seanf/Desktop/archive/cars_train/cars_train/03803.jpg,180
12,36,254,170,14,Audi TTS Coupe 2012,03804.jpg,C:/Users/seanf/Desktop/archive/cars_train/cars_train/03804.jpg,0
39,68,598,374,144,Jaguar XK XKR 2012,03805.jpg,C:/Users/seanf/Desktop/archive/cars_train/cars_train/03805.jpg,89
1,70,957,729,147,Jeep Liberty SUV 2012,03806.jpg,C:/Users/seanf/Desktop/archive/cars_train/cars_train/03806.jpg,85
41,102,482,264,97,Dodge Charger SRT-8 2009,03807.jpg,C:/Users/seanf/Desktop/archive/cars_train/cars_train/03807.jpg,33
103,234,599,402,180,Spyker C8 Coupe 2009,03808.jpg,C:/Users/seanf/Desktop/archive/cars_train/cars_train/03808.jpg,26
13,70,625,400,155,Land Rover LR2 SUV 2012,03809.jpg,C:/Users/seanf/Desktop/archive/cars_train/cars_train/03809.jpg,97
258,211,1409,868,150,Lamborghini Reventon Coupe 2008,03810.jpg,C:/Users/seanf/Desktop/archive/cars_train/cars_train/03810.jpg,188
166,66,896,767,63,Chevrolet Sonic Sedan 2012,03811.jpg,C:/Users/seanf/Desktop/archive/cars_train/cars_train/03811.jpg,129
4,10,388,150,171,Nissan 240SX Coupe 1998,03812.jpg,C:/Users/seanf/Desktop/archive/cars_train/cars_train/03812.jpg,92
35,168,613,392,6,Acura Integra Type R 2001,03813.jpg,C:/Users/seanf/Desktop/archive/cars_train/cars_train/03813.jpg,123
143,85,946,621,137,Hyundai Genesis Sedan 2012,03814.jpg,C:/Users/seanf/Desktop/archive/cars_train/cars_train/03814.jpg,83
24,183,938,544,126,Honda Odyssey Minivan 2012,03815.jpg,C:/Users/seanf/Desktop/archive/cars_train/cars_train/03815.jpg,60
474,234,1574,1021,112,Ford GT Coupe 2006,03816.jpg,C:/Users/seanf/Desktop/archive/cars_train/cars_train/03816.jpg,73
54,181,417,344,168,Nissan Leaf Hatchback 2012,03817.jpg,C:/Users/seanf/Desktop/archive/cars_train/cars_train/03817.jpg,142
96,82,709,468,14,Audi TTS Coupe 2012,03818.jpg,C:/Users/seanf/Desktop/archive/cars_train/cars_train/03818.jpg,0
21,88,762,508,108,Ford Freestar Minivan 2007,03819.jpg,C:/Users/seanf/Desktop/archive/cars_train/cars_train/03819.jpg,108
33,25,1237,721,164,Mercedes-Benz E-Class Sedan 2012,03820.jpg,C:/Users/seanf/Desktop/archive/cars_train/cars_train/03820.jpg,177
212,191,1076,603,26,BMW ActiveHybrid 5 Sedan 2012,03821.jpg,C:/Users/seanf/Desktop/archive/cars_train/cars_train/03821.jpg,140
24,113,387,252,123,Geo Metro Convertible 1993,03822.jpg,C:/Users/seanf/Desktop/archive/cars_train/cars_train/03822.jpg,5
101,41,626,304,187,Toyota Camry Sedan 2012,03823.jpg,C:/Users/seanf/Desktop/archive/cars_train/cars_train/03823.jpg,53
82,146,611,353,23,Audi S4 Sedan 2012,03824.jpg,C:/Users/seanf/Desktop/archive/cars_train/cars_train/03824.jpg,127
159,1,554,259,149,Jeep Compass SUV 2012,03825.jpg,C:/Users/seanf/Desktop/archive/cars_train/cars_train/03825.jpg,102
61,77,543,419,58,Chevrolet Traverse SUV 2012,03826.jpg,C:/Users/seanf/Desktop/archive/cars_train/cars_train/03826.jpg,9
40,88,1597,1027,98,Eagle Talon Hatchback 1998,03827.jpg,C:/Users/seanf/Desktop/archive/cars_train/cars_train/03827.jpg,185
11,56,613,297,9,Aston Martin V8 Vantage Coupe 2012,03828.jpg,C:/Users/seanf/Desktop/archive/cars_train/cars_train/03828.jpg,165
21,171,781,553,22,Audi S5 Coupe 2012,03829.jpg,C:/Users/seanf/Desktop/archive/cars_train/cars_train/03829.jpg,164
93,51,491,388,25,Audi TT RS Coupe 2012,03830.jpg,C:/Users/seanf/Desktop/archive/cars_train/cars_train/03830.jpg,39
68,90,579,410,61,Chevrolet Impala Sedan 2007,03831.jpg,C:/Users/seanf/Desktop/archive/cars_train/cars_train/03831.jpg,77
41,82,337,197,56,Chevrolet Corvette ZR1 2012,03832.jpg,C:/Users/seanf/Desktop/archive/cars_train/cars_train/03832.jpg,94
126,129,576,377,92,Dodge Magnum Wagon 2008,03833.jpg,C:/Users/seanf/Desktop/archive/cars_train/cars_train/03833.jpg,180
164,119,887,601,132,Hyundai Tucson SUV 2012,03834.jpg,C:/Users/seanf/Desktop/archive/cars_train/cars_train/03834.jpg,138
7,42,636,402,35,BMW M5 Sedan 2010,03835.jpg,C:/Users/seanf/Desktop/archive/cars_train/cars_train/03835.jpg,194
19,41,449,228,127,Honda Odyssey Minivan 2007,03836.jpg,C:/Users/seanf/Desktop/archive/cars_train/cars_train/03836.jpg,157
72,32,547,419,89,Dodge Journey SUV 2012,03837.jpg,C:/Users/seanf/Desktop/archive/cars_train/cars_train/03837.jpg,6
13,30,251,156,14,Audi TTS Coupe 2012,03838.jpg,C:/Users/seanf/Desktop/archive/cars_train/cars_train/03838.jpg,0
15,40,281,169,25,Audi TT RS Coupe 2012,03839.jpg,C:/Users/seanf/Desktop/archive/cars_train/cars_train/03839.jpg,39
13,103,497,334,137,Hyundai Genesis Sedan 2012,03840.jpg,C:/Users/seanf/Desktop/archive/cars_train/cars_train/03840.jpg,83
112,150,839,441,183,Suzuki SX4 Hatchback 2012,03841.jpg,C:/Users/seanf/Desktop/archive/cars_train/cars_train/03841.jpg,118
120,608,1925,1249,24,Audi S4 Sedan 2007,03842.jpg,C:/Users/seanf/Desktop/archive/cars_train/cars_train/03842.jpg,105
86,190,951,560,125,HUMMER H2 SUT Crew Cab 2009,03843.jpg,C:/Users/seanf/Desktop/archive/cars_train/cars_train/03843.jpg,115
59,176,549,416,11,Aston Martin Virage Coupe 2012,03844.jpg,C:/Users/seanf/Desktop/archive/cars_train/cars_train/03844.jpg,128
63,57,577,343,58,Chevrolet Traverse SUV 2012,03845.jpg,C:/Users/seanf/Desktop/archive/cars_train/cars_train/03845.jpg,9
23,17,604,391,182,Suzuki Kizashi Sedan 2012,03846.jpg,C:/Users/seanf/Desktop/archive/cars_train/cars_train/03846.jpg,160
98,254,951,643,164,Mercedes-Benz E-Class Sedan 2012,03847.jpg,C:/Users/seanf/Desktop/archive/cars_train/cars_train/03847.jpg,177
6,47,297,166,22,Audi S5 Coupe 2012,03848.jpg,C:/Users/seanf/Desktop/archive/cars_train/cars_train/03848.jpg,164
83,76,211,151,39,Bentley Continental Supersports Conv. Convertible 2012,03849.jpg,C:/Users/seanf/Desktop/archive/cars_train/cars_train/03849.jpg,170
7,10,625,297,77,Chrysler Sebring Convertible 2010,03850.jpg,C:/Users/seanf/Desktop/archive/cars_train/cars_train/03850.jpg,122
7,131,575,365,91,Dodge Dakota Club Cab 2007,03851.jpg,C:/Users/seanf/Desktop/archive/cars_train/cars_train/03851.jpg,2
142,286,1798,1077,35,BMW M5 Sedan 2010,03852.jpg,C:/Users/seanf/Desktop/archive/cars_train/cars_train/03852.jpg,194
60,60,264,188,174,Ram C/V Cargo Van Minivan 2012,03853.jpg,C:/Users/seanf/Desktop/archive/cars_train/cars_train/03853.jpg,103
157,82,493,257,10,Aston Martin Virage Convertible 2012,03854.jpg,C:/Users/seanf/Desktop/archive/cars_train/cars_train/03854.jpg,133
61,151,481,356,24,Audi S4 Sedan 2007,03855.jpg,C:/Users/seanf/Desktop/archive/cars_train/cars_train/03855.jpg,105
48,75,285,165,74,Chevrolet Silverado 1500 Extended Cab 2012,03856.jpg,C:/Users/seanf/Desktop/archive/cars_train/cars_train/03856.jpg,78
282,338,1298,748,184,Suzuki SX4 Sedan 2012,03857.jpg,C:/Users/seanf/Desktop/archive/cars_train/cars_train/03857.jpg,24
18,145,485,346,84,Dodge Caliber Wagon 2007,03858.jpg,C:/Users/seanf/Desktop/archive/cars_train/cars_train/03858.jpg,137
8,20,247,157,171,Nissan 240SX Coupe 1998,03859.jpg,C:/Users/seanf/Desktop/archive/cars_train/cars_train/03859.jpg,92
18,30,378,247,39,Bentley Continental Supersports Conv. Convertible 2012,03860.jpg,C:/Users/seanf/Desktop/archive/cars_train/cars_train/03860.jpg,170
71,101,713,392,107,Ford Mustang Convertible 2007,03861.jpg,C:/Users/seanf/Desktop/archive/cars_train/cars_train/03861.jpg,132
21,77,283,201,74,Chevrolet Silverado 1500 Extended Cab 2012,03862.jpg,C:/Users/seanf/Desktop/archive/cars_train/cars_train/03862.jpg,78
501,709,1261,1169,125,HUMMER H2 SUT Crew Cab 2009,03863.jpg,C:/Users/seanf/Desktop/archive/cars_train/cars_train/03863.jpg,115
40,101,549,360,185,Tesla Model S Sedan 2012,03864.jpg,C:/Users/seanf/Desktop/archive/cars_train/cars_train/03864.jpg,150
32,70,212,176,34,BMW M3 Coupe 2012,03865.jpg,C:/Users/seanf/Desktop/archive/cars_train/cars_train/03865.jpg,184
39,69,590,392,52,Cadillac SRX SUV 2012,03866.jpg,C:/Users/seanf/Desktop/archive/cars_train/cars_train/03866.jpg,189
80,178,953,498,112,Ford GT Coupe 2006,03867.jpg,C:/Users/seanf/Desktop/archive/cars_train/cars_train/03867.jpg,73
157,196,642,345,153,Lamborghini Diablo Coupe 2001,03868.jpg,C:/Users/seanf/Desktop/archive/cars_train/cars_train/03868.jpg,143
37,1,558,454,94,Dodge Durango SUV 2012,03869.jpg,C:/Users/seanf/Desktop/archive/cars_train/cars_train/03869.jpg,61
14,20,286,140,113,Ford F-150 Regular Cab 2012,03870.jpg,C:/Users/seanf/Desktop/archive/cars_train/cars_train/03870.jpg,167
47,100,605,371,3,Acura TL Sedan 2012,03871.jpg,C:/Users/seanf/Desktop/archive/cars_train/cars_train/03871.jpg,1
99,133,593,368,49,Buick Verano Sedan 2012,03872.jpg,C:/Users/seanf/Desktop/archive/cars_train/cars_train/03872.jpg,10
15,111,489,258,185,Tesla Model S Sedan 2012,03873.jpg,C:/Users/seanf/Desktop/archive/cars_train/cars_train/03873.jpg,150
53,67,523,300,28,BMW 1 Series Coupe 2012,03874.jpg,C:/Users/seanf/Desktop/archive/cars_train/cars_train/03874.jpg,88
45,22,745,514,2,Acura RL Sedan 2012,03875.jpg,C:/Users/seanf/Desktop/archive/cars_train/cars_train/03875.jpg,191
25,138,464,285,129,Honda Accord Sedan 2012,03876.jpg,C:/Users/seanf/Desktop/archive/cars_train/cars_train/03876.jpg,181
97,111,928,486,6,Acura Integra Type R 2001,03877.jpg,C:/Users/seanf/Desktop/archive/cars_train/cars_train/03877.jpg,123
152,97,780,553,196,smart fortwo Convertible 2012,03878.jpg,C:/Users/seanf/Desktop/archive/cars_train/cars_train/03878.jpg,134
32,90,609,455,53,Cadillac Escalade EXT Crew Cab 2007,03879.jpg,C:/Users/seanf/Desktop/archive/cars_train/cars_train/03879.jpg,45
35,11,576,267,193,Volvo C30 Hatchback 2012,03880.jpg,C:/Users/seanf/Desktop/archive/cars_train/cars_train/03880.jpg,14
10,86,614,383,3,Acura TL Sedan 2012,03881.jpg,C:/Users/seanf/Desktop/archive/cars_train/cars_train/03881.jpg,1
53,158,1010,463,11,Aston Martin Virage Coupe 2012,03882.jpg,C:/Users/seanf/Desktop/archive/cars_train/cars_train/03882.jpg,128
61,99,920,607,130,Hyundai Veloster Hatchback 2012,03883.jpg,C:/Users/seanf/Desktop/archive/cars_train/cars_train/03883.jpg,152
199,120,653,378,183,Suzuki SX4 Hatchback 2012,03884.jpg,C:/Users/seanf/Desktop/archive/cars_train/cars_train/03884.jpg,118
20,89,290,212,129,Honda Accord Sedan 2012,03885.jpg,C:/Users/seanf/Desktop/archive/cars_train/cars_train/03885.jpg,181
47,120,410,283,24,Audi S4 Sedan 2007,03886.jpg,C:/Users/seanf/Desktop/archive/cars_train/cars_train/03886.jpg,105
147,517,1942,1269,20,Audi S6 Sedan 2011,03887.jpg,C:/Users/seanf/Desktop/archive/cars_train/cars_train/03887.jpg,69
36,33,216,169,148,Jeep Grand Cherokee SUV 2012,03888.jpg,C:/Users/seanf/Desktop/archive/cars_train/cars_train/03888.jpg,43
28,117,411,254,138,Hyundai Sonata Sedan 2012,03889.jpg,C:/Users/seanf/Desktop/archive/cars_train/cars_train/03889.jpg,71
60,44,313,206,148,Jeep Grand Cherokee SUV 2012,03890.jpg,C:/Users/seanf/Desktop/archive/cars_train/cars_train/03890.jpg,43
15,42,615,368,60,Chevrolet HHR SS 2010,03891.jpg,C:/Users/seanf/Desktop/archive/cars_train/cars_train/03891.jpg,96
27,13,779,336,24,Audi S4 Sedan 2007,03892.jpg,C:/Users/seanf/Desktop/archive/cars_train/cars_train/03892.jpg,105
118,204,709,397,134,Hyundai Sonata Hybrid Sedan 2012,03893.jpg,C:/Users/seanf/Desktop/archive/cars_train/cars_train/03893.jpg,3
23,39,366,251,110,Ford Edge SUV 2012,03894.jpg,C:/Users/seanf/Desktop/archive/cars_train/cars_train/03894.jpg,64
43,102,935,588,126,Honda Odyssey Minivan 2012,03895.jpg,C:/Users/seanf/Desktop/archive/cars_train/cars_train/03895.jpg,60
41,52,346,236,68,Chevrolet TrailBlazer SS 2009,03896.jpg,C:/Users/seanf/Desktop/archive/cars_train/cars_train/03896.jpg,114
14,77,538,325,94,Dodge Durango SUV 2012,03897.jpg,C:/Users/seanf/Desktop/archive/cars_train/cars_train/03897.jpg,61
19,23,226,192,196,smart fortwo Convertible 2012,03898.jpg,C:/Users/seanf/Desktop/archive/cars_train/cars_train/03898.jpg,134
90,65,721,503,83,Dodge Caliber Wagon 2012,03899.jpg,C:/Users/seanf/Desktop/archive/cars_train/cars_train/03899.jpg,84
14,3,382,191,177,Rolls-Royce Phantom Sedan 2012,03900.jpg,C:/Users/seanf/Desktop/archive/cars_train/cars_train/03900.jpg,40
18,38,281,203,65,Chevrolet Avalanche Crew Cab 2012,03901.jpg,C:/Users/seanf/Desktop/archive/cars_train/cars_train/03901.jpg,47
14,49,493,289,93,Dodge Challenger SRT8 2011,03902.jpg,C:/Users/seanf/Desktop/archive/cars_train/cars_train/03902.jpg,117
26,37,284,206,65,Chevrolet Avalanche Crew Cab 2012,03903.jpg,C:/Users/seanf/Desktop/archive/cars_train/cars_train/03903.jpg,47
15,27,254,166,72,Chevrolet Monte Carlo Coupe 2007,03904.jpg,C:/Users/seanf/Desktop/archive/cars_train/cars_train/03904.jpg,130
120,172,462,392,11,Aston Martin Virage Coupe 2012,03905.jpg,C:/Users/seanf/Desktop/archive/cars_train/cars_train/03905.jpg,128
46,92,413,286,74,Chevrolet Silverado 1500 Extended Cab 2012,03906.jpg,C:/Users/seanf/Desktop/archive/cars_train/cars_train/03906.jpg,78
1,133,580,358,101,Ferrari FF Coupe 2012,03907.jpg,C:/Users/seanf/Desktop/archive/cars_train/cars_train/03907.jpg,52
27,146,587,398,55,Chevrolet Corvette Convertible 2012,03908.jpg,C:/Users/seanf/Desktop/archive/cars_train/cars_train/03908.jpg,148
128,111,547,320,15,Audi R8 Coupe 2012,03909.jpg,C:/Users/seanf/Desktop/archive/cars_train/cars_train/03909.jpg,44
93,59,553,421,166,Mercedes-Benz Sprinter Van 2012,03910.jpg,C:/Users/seanf/Desktop/archive/cars_train/cars_train/03910.jpg,162
120,192,562,356,103,Ferrari 458 Italia Convertible 2012,03911.jpg,C:/Users/seanf/Desktop/archive/cars_train/cars_train/03911.jpg,146
33,17,481,316,139,Hyundai Elantra Touring Hatchback 2012,03912.jpg,C:/Users/seanf/Desktop/archive/cars_train/cars_train/03912.jpg,28
19,36,453,327,135,Hyundai Elantra Sedan 2007,03913.jpg,C:/Users/seanf/Desktop/archive/cars_train/cars_train/03913.jpg,12
34,112,402,332,176,Rolls-Royce Ghost Sedan 2012,03914.jpg,C:/Users/seanf/Desktop/archive/cars_train/cars_train/03914.jpg,106
25,33,239,115,128,Honda Accord Coupe 2012,03915.jpg,C:/Users/seanf/Desktop/archive/cars_train/cars_train/03915.jpg,126
26,15,607,309,186,Toyota Sequoia SUV 2012,03916.jpg,C:/Users/seanf/Desktop/archive/cars_train/cars_train/03916.jpg,11
466,207,1382,744,133,Hyundai Veracruz SUV 2012,03917.jpg,C:/Users/seanf/Desktop/archive/cars_train/cars_train/03917.jpg,30
8,73,639,463,61,Chevrolet Impala Sedan 2007,03918.jpg,C:/Users/seanf/Desktop/archive/cars_train/cars_train/03918.jpg,77
216,37,817,558,183,Suzuki SX4 Hatchback 2012,03919.jpg,C:/Users/seanf/Desktop/archive/cars_train/cars_train/03919.jpg,118
133,86,642,478,94,Dodge Durango SUV 2012,03920.jpg,C:/Users/seanf/Desktop/archive/cars_train/cars_train/03920.jpg,61
307,160,1447,1081,149,Jeep Compass SUV 2012,03921.jpg,C:/Users/seanf/Desktop/archive/cars_train/cars_train/03921.jpg,102
19,42,296,185,190,Volkswagen Golf Hatchback 2012,03922.jpg,C:/Users/seanf/Desktop/archive/cars_train/cars_train/03922.jpg,51
3,91,617,446,48,Buick Rainier SUV 2007,03923.jpg,C:/Users/seanf/Desktop/archive/cars_train/cars_train/03923.jpg,121
147,51,896,686,122,GMC Canyon Extended Cab 2012,03924.jpg,C:/Users/seanf/Desktop/archive/cars_train/cars_train/03924.jpg,57
8,4,278,190,53,Cadillac Escalade EXT Crew Cab 2007,03925.jpg,C:/Users/seanf/Desktop/archive/cars_train/cars_train/03925.jpg,45
18,75,437,331,143,Isuzu Ascender SUV 2008,03926.jpg,C:/Users/seanf/Desktop/archive/cars_train/cars_train/03926.jpg,91
14,12,383,193,159,Mazda Tribute SUV 2011,03927.jpg,C:/Users/seanf/Desktop/archive/cars_train/cars_train/03927.jpg,183
1,46,273,168,41,Bentley Mulsanne Sedan 2011,03928.jpg,C:/Users/seanf/Desktop/archive/cars_train/cars_train/03928.jpg,109
132,222,607,468,101,Ferrari FF Coupe 2012,03929.jpg,C:/Users/seanf/Desktop/archive/cars_train/cars_train/03929.jpg,52
14,31,250,175,190,Volkswagen Golf Hatchback 2012,03930.jpg,C:/Users/seanf/Desktop/archive/cars_train/cars_train/03930.jpg,51
231,143,933,572,167,Mitsubishi Lancer Sedan 2012,03931.jpg,C:/Users/seanf/Desktop/archive/cars_train/cars_train/03931.jpg,8
127,87,508,399,49,Buick Verano Sedan 2012,03932.jpg,C:/Users/seanf/Desktop/archive/cars_train/cars_train/03932.jpg,10
28,42,437,210,60,Chevrolet HHR SS 2010,03933.jpg,C:/Users/seanf/Desktop/archive/cars_train/cars_train/03933.jpg,96
111,195,481,394,73,Chevrolet Malibu Sedan 2007,03934.jpg,C:/Users/seanf/Desktop/archive/cars_train/cars_train/03934.jpg,16
188,509,1493,1201,32,BMW X5 SUV 2007,03935.jpg,C:/Users/seanf/Desktop/archive/cars_train/cars_train/03935.jpg,172
4,24,245,165,22,Audi S5 Coupe 2012,03936.jpg,C:/Users/seanf/Desktop/archive/cars_train/cars_train/03936.jpg,164
15,152,587,447,189,Toyota 4Runner SUV 2012,03937.jpg,C:/Users/seanf/Desktop/archive/cars_train/cars_train/03937.jpg,120
48,236,498,449,166,Mercedes-Benz Sprinter Van 2012,03938.jpg,C:/Users/seanf/Desktop/archive/cars_train/cars_train/03938.jpg,162
54,81,596,445,155,Land Rover LR2 SUV 2012,03939.jpg,C:/Users/seanf/Desktop/archive/cars_train/cars_train/03939.jpg,97
254,516,1702,1226,165,Mercedes-Benz S-Class Sedan 2012,03940.jpg,C:/Users/seanf/Desktop/archive/cars_train/cars_train/03940.jpg,70
8,51,222,125,107,Ford Mustang Convertible 2007,03941.jpg,C:/Users/seanf/Desktop/archive/cars_train/cars_train/03941.jpg,132
95,23,686,437,38,BMW Z4 Convertible 2012,03942.jpg,C:/Users/seanf/Desktop/archive/cars_train/cars_train/03942.jpg,32
50,127,587,396,1,AM General Hummer SUV 2000,03943.jpg,C:/Users/seanf/Desktop/archive/cars_train/cars_train/03943.jpg,107
56,197,1226,707,77,Chrysler Sebring Convertible 2010,03944.jpg,C:/Users/seanf/Desktop/archive/cars_train/cars_train/03944.jpg,122
8,56,496,262,194,Volvo 240 Sedan 1993,03945.jpg,C:/Users/seanf/Desktop/archive/cars_train/cars_train/03945.jpg,23
1,97,961,646,72,Chevrolet Monte Carlo Coupe 2007,03946.jpg,C:/Users/seanf/Desktop/archive/cars_train/cars_train/03946.jpg,130
358,113,1033,528,183,Suzuki SX4 Hatchback 2012,03947.jpg,C:/Users/seanf/Desktop/archive/cars_train/cars_train/03947.jpg,118
1,70,466,304,124,HUMMER H3T Crew Cab 2010,03948.jpg,C:/Users/seanf/Desktop/archive/cars_train/cars_train/03948.jpg,49
3,70,622,379,171,Nissan 240SX Coupe 1998,03949.jpg,C:/Users/seanf/Desktop/archive/cars_train/cars_train/03949.jpg,92
100,108,550,358,150,Lamborghini Reventon Coupe 2008,03950.jpg,C:/Users/seanf/Desktop/archive/cars_train/cars_train/03950.jpg,188
23,59,386,247,35,BMW M5 Sedan 2010,03951.jpg,C:/Users/seanf/Desktop/archive/cars_train/cars_train/03951.jpg,194
172,6,1127,616,20,Audi S6 Sedan 2011,03952.jpg,C:/Users/seanf/Desktop/archive/cars_train/cars_train/03952.jpg,69
43,105,421,282,29,BMW 3 Series Sedan 2012,03953.jpg,C:/Users/seanf/Desktop/archive/cars_train/cars_train/03953.jpg,59
39,212,982,683,119,GMC Savana Van 2012,03954.jpg,C:/Users/seanf/Desktop/archive/cars_train/cars_train/03954.jpg,38
18,31,215,111,123,Geo Metro Convertible 1993,03955.jpg,C:/Users/seanf/Desktop/archive/cars_train/cars_train/03955.jpg,5
92,82,364,219,142,Infiniti QX56 SUV 2011,03956.jpg,C:/Users/seanf/Desktop/archive/cars_train/cars_train/03956.jpg,35
11,66,246,160,31,BMW 6 Series Convertible 2007,03957.jpg,C:/Users/seanf/Desktop/archive/cars_train/cars_train/03957.jpg,145
70,171,373,275,173,Porsche Panamera Sedan 2012,03958.jpg,C:/Users/seanf/Desktop/archive/cars_train/cars_train/03958.jpg,41
54,79,536,401,69,Chevrolet Silverado 2500HD Regular Cab 2012,03959.jpg,C:/Users/seanf/Desktop/archive/cars_train/cars_train/03959.jpg,147
42,149,603,414,127,Honda Odyssey Minivan 2007,03960.jpg,C:/Users/seanf/Desktop/archive/cars_train/cars_train/03960.jpg,157
63,69,486,309,68,Chevrolet TrailBlazer SS 2009,03961.jpg,C:/Users/seanf/Desktop/archive/cars_train/cars_train/03961.jpg,114
41,167,1227,802,79,Chrysler 300 SRT-8 2010,03962.jpg,C:/Users/seanf/Desktop/archive/cars_train/cars_train/03962.jpg,19
37,126,596,357,103,Ferrari 458 Italia Convertible 2012,03963.jpg,C:/Users/seanf/Desktop/archive/cars_train/cars_train/03963.jpg,146
23,62,486,289,71,Chevrolet Express Van 2007,03964.jpg,C:/Users/seanf/Desktop/archive/cars_train/cars_train/03964.jpg,76
172,393,1713,1063,5,Acura TSX Sedan 2012,03965.jpg,C:/Users/seanf/Desktop/archive/cars_train/cars_train/03965.jpg,58
6,55,733,449,147,Jeep Liberty SUV 2012,03966.jpg,C:/Users/seanf/Desktop/archive/cars_train/cars_train/03966.jpg,85
25,35,266,180,118,GMC Terrain SUV 2012,03967.jpg,C:/Users/seanf/Desktop/archive/cars_train/cars_train/03967.jpg,179
228,623,1813,1322,6,Acura Integra Type R 2001,03968.jpg,C:/Users/seanf/Desktop/archive/cars_train/cars_train/03968.jpg,123
63,72,757,462,15,Audi R8 Coupe 2012,03969.jpg,C:/Users/seanf/Desktop/archive/cars_train/cars_train/03969.jpg,44
10,63,243,158,62,Chevrolet Tahoe Hybrid SUV 2012,03970.jpg,C:/Users/seanf/Desktop/archive/cars_train/cars_train/03970.jpg,161
30,62,612,419,120,GMC Yukon Hybrid SUV 2012,03971.jpg,C:/Users/seanf/Desktop/archive/cars_train/cars_train/03971.jpg,21
260,217,1083,659,164,Mercedes-Benz E-Class Sedan 2012,03972.jpg,C:/Users/seanf/Desktop/archive/cars_train/cars_train/03972.jpg,177
115,121,600,452,163,Mercedes-Benz SL-Class Coupe 2009,03973.jpg,C:/Users/seanf/Desktop/archive/cars_train/cars_train/03973.jpg,111
35,56,562,303,137,Hyundai Genesis Sedan 2012,03974.jpg,C:/Users/seanf/Desktop/archive/cars_train/cars_train/03974.jpg,83
26,192,628,389,43,Bentley Continental GT Coupe 2007,03975.jpg,C:/Users/seanf/Desktop/archive/cars_train/cars_train/03975.jpg,65
31,12,259,183,65,Chevrolet Avalanche Crew Cab 2012,03976.jpg,C:/Users/seanf/Desktop/archive/cars_train/cars_train/03976.jpg,47
23,143,631,387,120,GMC Yukon Hybrid SUV 2012,03977.jpg,C:/Users/seanf/Desktop/archive/cars_train/cars_train/03977.jpg,21
34,134,567,384,102,Ferrari California Convertible 2012,03978.jpg,C:/Users/seanf/Desktop/archive/cars_train/cars_train/03978.jpg,141
47,81,1149,684,164,Mercedes-Benz E-Class Sedan 2012,03979.jpg,C:/Users/seanf/Desktop/archive/cars_train/cars_train/03979.jpg,177
24,51,612,435,130,Hyundai Veloster Hatchback 2012,03980.jpg,C:/Users/seanf/Desktop/archive/cars_train/cars_train/03980.jpg,152
25,89,455,257,16,Audi V8 Sedan 1994,03981.jpg,C:/Users/seanf/Desktop/archive/cars_train/cars_train/03981.jpg,124
67,80,593,266,191,Volkswagen Golf Hatchback 1991,03982.jpg,C:/Users/seanf/Desktop/archive/cars_train/cars_train/03982.jpg,37
6,83,474,309,153,Lamborghini Diablo Coupe 2001,03983.jpg,C:/Users/seanf/Desktop/archive/cars_train/cars_train/03983.jpg,143
8,19,289,180,90,Dodge Dakota Crew Cab 2010,03984.jpg,C:/Users/seanf/Desktop/archive/cars_train/cars_train/03984.jpg,48
12,43,133,98,17,Audi 100 Sedan 1994,03985.jpg,C:/Users/seanf/Desktop/archive/cars_train/cars_train/03985.jpg,55
21,635,2748,1611,172,Plymouth Neon Coupe 1999,03986.jpg,C:/Users/seanf/Desktop/archive/cars_train/cars_train/03986.jpg,15
41,17,595,263,126,Honda Odyssey Minivan 2012,03987.jpg,C:/Users/seanf/Desktop/archive/cars_train/cars_train/03987.jpg,60
188,125,612,558,64,Chevrolet Express Cargo Van 2007,03988.jpg,C:/Users/seanf/Desktop/archive/cars_train/cars_train/03988.jpg,178
4,6,278,173,189,Toyota 4Runner SUV 2012,03989.jpg,C:/Users/seanf/Desktop/archive/cars_train/cars_train/03989.jpg,120
91,455,1801,1128,27,BMW 1 Series Convertible 2012,03990.jpg,C:/Users/seanf/Desktop/archive/cars_train/cars_train/03990.jpg,192
6,128,515,333,181,Suzuki Aerio Sedan 2007,03991.jpg,C:/Users/seanf/Desktop/archive/cars_train/cars_train/03991.jpg,163
49,118,481,355,82,Daewoo Nubira Wagon 2002,03992.jpg,C:/Users/seanf/Desktop/archive/cars_train/cars_train/03992.jpg,186
30,140,1001,603,164,Mercedes-Benz E-Class Sedan 2012,03993.jpg,C:/Users/seanf/Desktop/archive/cars_train/cars_train/03993.jpg,177
18,32,537,233,66,Chevrolet Cobalt SS 2010,03994.jpg,C:/Users/seanf/Desktop/archive/cars_train/cars_train/03994.jpg,29
13,147,787,450,195,Volvo XC90 SUV 2007,03995.jpg,C:/Users/seanf/Desktop/archive/cars_train/cars_train/03995.jpg,131
42,9,573,366,196,smart fortwo Convertible 2012,03996.jpg,C:/Users/seanf/Desktop/archive/cars_train/cars_train/03996.jpg,134
1,1,477,335,114,Ford F-150 Regular Cab 2007,03997.jpg,C:/Users/seanf/Desktop/archive/cars_train/cars_train/03997.jpg,50
22,47,477,267,67,Chevrolet Malibu Hybrid Sedan 2010,03998.jpg,C:/Users/seanf/Desktop/archive/cars_train/cars_train/03998.jpg,166
1,1,500,367,82,Daewoo Nubira Wagon 2002,03999.jpg,C:/Users/seanf/Desktop/archive/cars_train/cars_train/03999.jpg,186
15,60,388,264,108,Ford Freestar Minivan 2007,04000.jpg,C:/Users/seanf/Desktop/archive/cars_train/cars_train/04000.jpg,108
97,259,868,646,164,Mercedes-Benz E-Class Sedan 2012,04001.jpg,C:/Users/seanf/Desktop/archive/cars_train/cars_train/04001.jpg,177
33,59,609,345,56,Chevrolet Corvette ZR1 2012,04002.jpg,C:/Users/seanf/Desktop/archive/cars_train/cars_train/04002.jpg,94
81,241,994,717,59,Chevrolet Camaro Convertible 2012,04003.jpg,C:/Users/seanf/Desktop/archive/cars_train/cars_train/04003.jpg,63
18,68,395,228,190,Volkswagen Golf Hatchback 2012,04004.jpg,C:/Users/seanf/Desktop/archive/cars_train/cars_train/04004.jpg,51
185,58,830,604,191,Volkswagen Golf Hatchback 1991,04005.jpg,C:/Users/seanf/Desktop/archive/cars_train/cars_train/04005.jpg,37
94,712,1492,1186,163,Mercedes-Benz SL-Class Coupe 2009,04006.jpg,C:/Users/seanf/Desktop/archive/cars_train/cars_train/04006.jpg,111
24,74,972,661,195,Volvo XC90 SUV 2007,04007.jpg,C:/Users/seanf/Desktop/archive/cars_train/cars_train/04007.jpg,131
31,64,264,165,62,Chevrolet Tahoe Hybrid SUV 2012,04008.jpg,C:/Users/seanf/Desktop/archive/cars_train/cars_train/04008.jpg,161
42,102,632,353,72,Chevrolet Monte Carlo Coupe 2007,04009.jpg,C:/Users/seanf/Desktop/archive/cars_train/cars_train/04009.jpg,130
91,132,930,655,139,Hyundai Elantra Touring Hatchback 2012,04010.jpg,C:/Users/seanf/Desktop/archive/cars_train/cars_train/04010.jpg,28
68,93,440,317,2,Acura RL Sedan 2012,04011.jpg,C:/Users/seanf/Desktop/archive/cars_train/cars_train/04011.jpg,191
33,45,209,152,188,Toyota Corolla Sedan 2012,04012.jpg,C:/Users/seanf/Desktop/archive/cars_train/cars_train/04012.jpg,62
17,117,661,405,183,Suzuki SX4 Hatchback 2012,04013.jpg,C:/Users/seanf/Desktop/archive/cars_train/cars_train/04013.jpg,118
2,91,196,198,14,Audi TTS Coupe 2012,04014.jpg,C:/Users/seanf/Desktop/archive/cars_train/cars_train/04014.jpg,0
103,356,882,721,81,Chrysler PT Cruiser Convertible 2008,04015.jpg,C:/Users/seanf/Desktop/archive/cars_train/cars_train/04015.jpg,182
180,123,423,268,160,McLaren MP4-12C Coupe 2012,04016.jpg,C:/Users/seanf/Desktop/archive/cars_train/cars_train/04016.jpg,116
10,66,478,232,141,Infiniti G Coupe IPL 2012,04017.jpg,C:/Users/seanf/Desktop/archive/cars_train/cars_train/04017.jpg,136
64,110,575,359,37,BMW X3 SUV 2012,04018.jpg,C:/Users/seanf/Desktop/archive/cars_train/cars_train/04018.jpg,75
40,16,607,380,132,Hyundai Tucson SUV 2012,04019.jpg,C:/Users/seanf/Desktop/archive/cars_train/cars_train/04019.jpg,138
105,144,654,402,50,Buick Enclave SUV 2012,04020.jpg,C:/Users/seanf/Desktop/archive/cars_train/cars_train/04020.jpg,113
35,85,479,329,93,Dodge Challenger SRT8 2011,04021.jpg,C:/Users/seanf/Desktop/archive/cars_train/cars_train/04021.jpg,117
1,6,120,77,123,Geo Metro Convertible 1993,04022.jpg,C:/Users/seanf/Desktop/archive/cars_train/cars_train/04022.jpg,5
85,33,485,297,26,BMW ActiveHybrid 5 Sedan 2012,04023.jpg,C:/Users/seanf/Desktop/archive/cars_train/cars_train/04023.jpg,140
52,41,377,307,121,GMC Acadia SUV 2012,04024.jpg,C:/Users/seanf/Desktop/archive/cars_train/cars_train/04024.jpg,82
1,39,268,183,91,Dodge Dakota Club Cab 2007,04025.jpg,C:/Users/seanf/Desktop/archive/cars_train/cars_train/04025.jpg,2
8,17,468,297,91,Dodge Dakota Club Cab 2007,04026.jpg,C:/Users/seanf/Desktop/archive/cars_train/cars_train/04026.jpg,2
23,33,626,393,79,Chrysler 300 SRT-8 2010,04027.jpg,C:/Users/seanf/Desktop/archive/cars_train/cars_train/04027.jpg,19
35,105,595,411,172,Plymouth Neon Coupe 1999,04028.jpg,C:/Users/seanf/Desktop/archive/cars_train/cars_train/04028.jpg,15
46,310,1209,732,30,BMW 3 Series Wagon 2012,04029.jpg,C:/Users/seanf/Desktop/archive/cars_train/cars_train/04029.jpg,101
5,22,295,195,28,BMW 1 Series Coupe 2012,04030.jpg,C:/Users/seanf/Desktop/archive/cars_train/cars_train/04030.jpg,88
28,93,786,546,135,Hyundai Elantra Sedan 2007,04031.jpg,C:/Users/seanf/Desktop/archive/cars_train/cars_train/04031.jpg,12
65,132,453,356,73,Chevrolet Malibu Sedan 2007,04032.jpg,C:/Users/seanf/Desktop/archive/cars_train/cars_train/04032.jpg,16
11,62,198,125,158,Maybach Landaulet Convertible 2012,04033.jpg,C:/Users/seanf/Desktop/archive/cars_train/cars_train/04033.jpg,158
21,12,293,215,109,Ford Expedition EL SUV 2009,04034.jpg,C:/Users/seanf/Desktop/archive/cars_train/cars_train/04034.jpg,87
94,23,260,205,56,Chevrolet Corvette ZR1 2012,04035.jpg,C:/Users/seanf/Desktop/archive/cars_train/cars_train/04035.jpg,94
27,88,406,256,117,Ford Fiesta Sedan 2012,04036.jpg,C:/Users/seanf/Desktop/archive/cars_train/cars_train/04036.jpg,168
8,25,292,177,91,Dodge Dakota Club Cab 2007,04037.jpg,C:/Users/seanf/Desktop/archive/cars_train/cars_train/04037.jpg,2
8,128,496,286,31,BMW 6 Series Convertible 2007,04038.jpg,C:/Users/seanf/Desktop/archive/cars_train/cars_train/04038.jpg,145
120,66,673,472,157,MINI Cooper Roadster Convertible 2012,04039.jpg,C:/Users/seanf/Desktop/archive/cars_train/cars_train/04039.jpg,190
68,354,992,669,21,Audi S5 Convertible 2012,04040.jpg,C:/Users/seanf/Desktop/archive/cars_train/cars_train/04040.jpg,144
8,56,215,121,56,Chevrolet Corvette ZR1 2012,04041.jpg,C:/Users/seanf/Desktop/archive/cars_train/cars_train/04041.jpg,94
72,93,940,606,93,Dodge Challenger SRT8 2011,04042.jpg,C:/Users/seanf/Desktop/archive/cars_train/cars_train/04042.jpg,117
26,96,618,426,81,Chrysler PT Cruiser Convertible 2008,04043.jpg,C:/Users/seanf/Desktop/archive/cars_train/cars_train/04043.jpg,182
152,325,1499,880,145,Jeep Patriot SUV 2012,04044.jpg,C:/Users/seanf/Desktop/archive/cars_train/cars_train/04044.jpg,68
20,79,734,431,84,Dodge Caliber Wagon 2007,04045.jpg,C:/Users/seanf/Desktop/archive/cars_train/cars_train/04045.jpg,137
28,105,778,535,97,Dodge Charger SRT-8 2009,04046.jpg,C:/Users/seanf/Desktop/archive/cars_train/cars_train/04046.jpg,33
12,19,100,54,123,Geo Metro Convertible 1993,04047.jpg,C:/Users/seanf/Desktop/archive/cars_train/cars_train/04047.jpg,5
73,98,505,298,99,FIAT 500 Abarth 2012,04048.jpg,C:/Users/seanf/Desktop/archive/cars_train/cars_train/04048.jpg,135
25,64,633,401,77,Chrysler Sebring Convertible 2010,04049.jpg,C:/Users/seanf/Desktop/archive/cars_train/cars_train/04049.jpg,122
50,363,1129,740,79,Chrysler 300 SRT-8 2010,04050.jpg,C:/Users/seanf/Desktop/archive/cars_train/cars_train/04050.jpg,19
22,60,377,260,62,Chevrolet Tahoe Hybrid SUV 2012,04051.jpg,C:/Users/seanf/Desktop/archive/cars_train/cars_train/04051.jpg,161
5,21,404,251,36,BMW M6 Convertible 2010,04052.jpg,C:/Users/seanf/Desktop/archive/cars_train/cars_train/04052.jpg,20
24,45,452,325,81,Chrysler PT Cruiser Convertible 2008,04053.jpg,C:/Users/seanf/Desktop/archive/cars_train/cars_train/04053.jpg,182
37,188,1273,836,36,BMW M6 Convertible 2010,04054.jpg,C:/Users/seanf/Desktop/archive/cars_train/cars_train/04054.jpg,20
200,147,615,465,100,FIAT 500 Convertible 2012,04055.jpg,C:/Users/seanf/Desktop/archive/cars_train/cars_train/04055.jpg,151
28,48,663,302,1,AM General Hummer SUV 2000,04056.jpg,C:/Users/seanf/Desktop/archive/cars_train/cars_train/04056.jpg,107
43,57,654,386,183,Suzuki SX4 Hatchback 2012,04057.jpg,C:/Users/seanf/Desktop/archive/cars_train/cars_train/04057.jpg,118
16,75,467,271,64,Chevrolet Express Cargo Van 2007,04058.jpg,C:/Users/seanf/Desktop/archive/cars_train/cars_train/04058.jpg,178
19,86,389,227,23,Audi S4 Sedan 2012,04059.jpg,C:/Users/seanf/Desktop/archive/cars_train/cars_train/04059.jpg,127
18,77,565,439,32,BMW X5 SUV 2007,04060.jpg,C:/Users/seanf/Desktop/archive/cars_train/cars_train/04060.jpg,172
12,48,252,169,19,Audi TT Hatchback 2011,04061.jpg,C:/Users/seanf/Desktop/archive/cars_train/cars_train/04061.jpg,110
38,3,418,328,88,Dodge Sprinter Cargo Van 2009,04062.jpg,C:/Users/seanf/Desktop/archive/cars_train/cars_train/04062.jpg,81
77,66,596,429,114,Ford F-150 Regular Cab 2007,04063.jpg,C:/Users/seanf/Desktop/archive/cars_train/cars_train/04063.jpg,50
60,91,559,389,115,Ford Focus Sedan 2007,04064.jpg,C:/Users/seanf/Desktop/archive/cars_train/cars_train/04064.jpg,169
65,151,639,435,189,Toyota 4Runner SUV 2012,04065.jpg,C:/Users/seanf/Desktop/archive/cars_train/cars_train/04065.jpg,120
39,66,376,298,111,Ford Ranger SuperCab 2011,04066.jpg,C:/Users/seanf/Desktop/archive/cars_train/cars_train/04066.jpg,56
17,114,594,415,33,BMW X6 SUV 2012,04067.jpg,C:/Users/seanf/Desktop/archive/cars_train/cars_train/04067.jpg,187
26,74,618,411,117,Ford Fiesta Sedan 2012,04068.jpg,C:/Users/seanf/Desktop/archive/cars_train/cars_train/04068.jpg,168
22,55,285,199,84,Dodge Caliber Wagon 2007,04069.jpg,C:/Users/seanf/Desktop/archive/cars_train/cars_train/04069.jpg,137
43,44,593,378,193,Volvo C30 Hatchback 2012,04070.jpg,C:/Users/seanf/Desktop/archive/cars_train/cars_train/04070.jpg,14
81,157,862,599,167,Mitsubishi Lancer Sedan 2012,04071.jpg,C:/Users/seanf/Desktop/archive/cars_train/cars_train/04071.jpg,8
35,95,609,331,8,Aston Martin V8 Vantage Convertible 2012,04072.jpg,C:/Users/seanf/Desktop/archive/cars_train/cars_train/04072.jpg,54
25,116,629,333,49,Buick Verano Sedan 2012,04073.jpg,C:/Users/seanf/Desktop/archive/cars_train/cars_train/04073.jpg,10
51,24,259,147,88,Dodge Sprinter Cargo Van 2009,04074.jpg,C:/Users/seanf/Desktop/archive/cars_train/cars_train/04074.jpg,81
62,249,796,663,23,Audi S4 Sedan 2012,04075.jpg,C:/Users/seanf/Desktop/archive/cars_train/cars_train/04075.jpg,127
41,52,757,490,195,Volvo XC90 SUV 2007,04076.jpg,C:/Users/seanf/Desktop/archive/cars_train/cars_train/04076.jpg,131
32,36,261,154,128,Honda Accord Coupe 2012,04077.jpg,C:/Users/seanf/Desktop/archive/cars_train/cars_train/04077.jpg,126
456,773,2795,1988,191,Volkswagen Golf Hatchback 1991,04078.jpg,C:/Users/seanf/Desktop/archive/cars_train/cars_train/04078.jpg,37
37,7,300,195,83,Dodge Caliber Wagon 2012,04079.jpg,C:/Users/seanf/Desktop/archive/cars_train/cars_train/04079.jpg,84
17,30,463,316,73,Chevrolet Malibu Sedan 2007,04080.jpg,C:/Users/seanf/Desktop/archive/cars_train/cars_train/04080.jpg,16
45,53,602,399,144,Jaguar XK XKR 2012,04081.jpg,C:/Users/seanf/Desktop/archive/cars_train/cars_train/04081.jpg,89
9,29,416,255,179,Spyker C8 Convertible 2009,04082.jpg,C:/Users/seanf/Desktop/archive/cars_train/cars_train/04082.jpg,104
90,115,416,387,113,Ford F-150 Regular Cab 2012,04083.jpg,C:/Users/seanf/Desktop/archive/cars_train/cars_train/04083.jpg,167
9,101,512,307,177,Rolls-Royce Phantom Sedan 2012,04084.jpg,C:/Users/seanf/Desktop/archive/cars_train/cars_train/04084.jpg,40
103,361,1075,719,7,Acura ZDX Hatchback 2012,04085.jpg,C:/Users/seanf/Desktop/archive/cars_train/cars_train/04085.jpg,139
106,241,1155,732,27,BMW 1 Series Convertible 2012,04086.jpg,C:/Users/seanf/Desktop/archive/cars_train/cars_train/04086.jpg,192
48,65,621,443,118,GMC Terrain SUV 2012,04087.jpg,C:/Users/seanf/Desktop/archive/cars_train/cars_train/04087.jpg,179
40,66,399,279,54,Chevrolet Silverado 1500 Hybrid Crew Cab 2012,04088.jpg,C:/Users/seanf/Desktop/archive/cars_train/cars_train/04088.jpg,112
492,248,916,538,26,BMW ActiveHybrid 5 Sedan 2012,04089.jpg,C:/Users/seanf/Desktop/archive/cars_train/cars_train/04089.jpg,140
136,247,1876,1045,182,Suzuki Kizashi Sedan 2012,04090.jpg,C:/Users/seanf/Desktop/archive/cars_train/cars_train/04090.jpg,160
18,95,290,205,48,Buick Rainier SUV 2007,04091.jpg,C:/Users/seanf/Desktop/archive/cars_train/cars_train/04091.jpg,121
137,103,909,667,97,Dodge Charger SRT-8 2009,04092.jpg,C:/Users/seanf/Desktop/archive/cars_train/cars_train/04092.jpg,33
113,169,1431,993,147,Jeep Liberty SUV 2012,04093.jpg,C:/Users/seanf/Desktop/archive/cars_train/cars_train/04093.jpg,85
75,272,1150,846,186,Toyota Sequoia SUV 2012,04094.jpg,C:/Users/seanf/Desktop/archive/cars_train/cars_train/04094.jpg,11
2,26,264,187,108,Ford Freestar Minivan 2007,04095.jpg,C:/Users/seanf/Desktop/archive/cars_train/cars_train/04095.jpg,108
98,89,509,347,136,Hyundai Accent Sedan 2012,04096.jpg,C:/Users/seanf/Desktop/archive/cars_train/cars_train/04096.jpg,90
161,206,553,377,63,Chevrolet Sonic Sedan 2012,04097.jpg,C:/Users/seanf/Desktop/archive/cars_train/cars_train/04097.jpg,129
21,31,416,228,180,Spyker C8 Coupe 2009,04098.jpg,C:/Users/seanf/Desktop/archive/cars_train/cars_train/04098.jpg,26
1,31,149,148,157,MINI Cooper Roadster Convertible 2012,04099.jpg,C:/Users/seanf/Desktop/archive/cars_train/cars_train/04099.jpg,190
51,8,256,187,111,Ford Ranger SuperCab 2011,04100.jpg,C:/Users/seanf/Desktop/archive/cars_train/cars_train/04100.jpg,56
53,222,973,719,150,Lamborghini Reventon Coupe 2008,04101.jpg,C:/Users/seanf/Desktop/archive/cars_train/cars_train/04101.jpg,188
114,149,938,633,94,Dodge Durango SUV 2012,04102.jpg,C:/Users/seanf/Desktop/archive/cars_train/cars_train/04102.jpg,61
160,79,699,457,82,Daewoo Nubira Wagon 2002,04103.jpg,C:/Users/seanf/Desktop/archive/cars_train/cars_train/04103.jpg,186
48,74,2608,1640,70,Chevrolet Silverado 1500 Classic Extended Cab 2007,04104.jpg,C:/Users/seanf/Desktop/archive/cars_train/cars_train/04104.jpg,171
20,254,997,642,152,Lamborghini Gallardo LP 570-4 Superleggera 2012,04105.jpg,C:/Users/seanf/Desktop/archive/cars_train/cars_train/04105.jpg,176
183,6,694,291,145,Jeep Patriot SUV 2012,04106.jpg,C:/Users/seanf/Desktop/archive/cars_train/cars_train/04106.jpg,68
26,83,450,332,148,Jeep Grand Cherokee SUV 2012,04107.jpg,C:/Users/seanf/Desktop/archive/cars_train/cars_train/04107.jpg,43
16,37,289,165,155,Land Rover LR2 SUV 2012,04108.jpg,C:/Users/seanf/Desktop/archive/cars_train/cars_train/04108.jpg,97
21,40,445,295,44,Bentley Continental Flying Spur Sedan 2007,04109.jpg,C:/Users/seanf/Desktop/archive/cars_train/cars_train/04109.jpg,46
71,33,618,411,101,Ferrari FF Coupe 2012,04110.jpg,C:/Users/seanf/Desktop/archive/cars_train/cars_train/04110.jpg,52
27,8,1998,1443,64,Chevrolet Express Cargo Van 2007,04111.jpg,C:/Users/seanf/Desktop/archive/cars_train/cars_train/04111.jpg,178
8,29,258,165,129,Honda Accord Sedan 2012,04112.jpg,C:/Users/seanf/Desktop/archive/cars_train/cars_train/04112.jpg,181
13,18,250,175,60,Chevrolet HHR SS 2010,04113.jpg,C:/Users/seanf/Desktop/archive/cars_train/cars_train/04113.jpg,96
137,974,1317,1781,133,Hyundai Veracruz SUV 2012,04114.jpg,C:/Users/seanf/Desktop/archive/cars_train/cars_train/04114.jpg,30
46,19,593,410,147,Jeep Liberty SUV 2012,04115.jpg,C:/Users/seanf/Desktop/archive/cars_train/cars_train/04115.jpg,85
66,68,1552,981,77,Chrysler Sebring Convertible 2010,04116.jpg,C:/Users/seanf/Desktop/archive/cars_train/cars_train/04116.jpg,122
2,21,356,264,52,Cadillac SRX SUV 2012,04117.jpg,C:/Users/seanf/Desktop/archive/cars_train/cars_train/04117.jpg,189
19,77,413,242,83,Dodge Caliber Wagon 2012,04118.jpg,C:/Users/seanf/Desktop/archive/cars_train/cars_train/04118.jpg,84
183,120,776,375,182,Suzuki Kizashi Sedan 2012,04119.jpg,C:/Users/seanf/Desktop/archive/cars_train/cars_train/04119.jpg,160
132,87,547,304,46,Bugatti Veyron 16.4 Coupe 2009,04120.jpg,C:/Users/seanf/Desktop/archive/cars_train/cars_train/04120.jpg,149
109,132,468,247,8,Aston Martin V8 Vantage Convertible 2012,04121.jpg,C:/Users/seanf/Desktop/archive/cars_train/cars_train/04121.jpg,54
17,27,258,194,116,Ford E-Series Wagon Van 2012,04122.jpg,C:/Users/seanf/Desktop/archive/cars_train/cars_train/04122.jpg,67
62,24,343,228,115,Ford Focus Sedan 2007,04123.jpg,C:/Users/seanf/Desktop/archive/cars_train/cars_train/04123.jpg,169
8,70,473,299,67,Chevrolet Malibu Hybrid Sedan 2010,04124.jpg,C:/Users/seanf/Desktop/archive/cars_train/cars_train/04124.jpg,166
12,52,579,377,159,Mazda Tribute SUV 2011,04125.jpg,C:/Users/seanf/Desktop/archive/cars_train/cars_train/04125.jpg,183
110,101,519,323,42,Bentley Continental GT Coupe 2012,04126.jpg,C:/Users/seanf/Desktop/archive/cars_train/cars_train/04126.jpg,42
1,24,297,190,83,Dodge Caliber Wagon 2012,04127.jpg,C:/Users/seanf/Desktop/archive/cars_train/cars_train/04127.jpg,84
71,65,579,396,192,Volkswagen Beetle Hatchback 2012,04128.jpg,C:/Users/seanf/Desktop/archive/cars_train/cars_train/04128.jpg,17
22,123,591,373,29,BMW 3 Series Sedan 2012,04129.jpg,C:/Users/seanf/Desktop/archive/cars_train/cars_train/04129.jpg,59
118,75,286,202,158,Maybach Landaulet Convertible 2012,04130.jpg,C:/Users/seanf/Desktop/archive/cars_train/cars_train/04130.jpg,158
37,41,345,173,130,Hyundai Veloster Hatchback 2012,04131.jpg,C:/Users/seanf/Desktop/archive/cars_train/cars_train/04131.jpg,152
72,148,555,316,135,Hyundai Elantra Sedan 2007,04132.jpg,C:/Users/seanf/Desktop/archive/cars_train/cars_train/04132.jpg,12
20,54,244,154,128,Honda Accord Coupe 2012,04133.jpg,C:/Users/seanf/Desktop/archive/cars_train/cars_train/04133.jpg,126
43,107,683,392,147,Jeep Liberty SUV 2012,04134.jpg,C:/Users/seanf/Desktop/archive/cars_train/cars_train/04134.jpg,85
55,130,989,713,167,Mitsubishi Lancer Sedan 2012,04135.jpg,C:/Users/seanf/Desktop/archive/cars_train/cars_train/04135.jpg,8
164,394,1954,1053,164,Mercedes-Benz E-Class Sedan 2012,04136.jpg,C:/Users/seanf/Desktop/archive/cars_train/cars_train/04136.jpg,177
199,482,3385,2465,58,Chevrolet Traverse SUV 2012,04137.jpg,C:/Users/seanf/Desktop/archive/cars_train/cars_train/04137.jpg,9
30,48,222,144,31,BMW 6 Series Convertible 2007,04138.jpg,C:/Users/seanf/Desktop/archive/cars_train/cars_train/04138.jpg,145
21,83,633,374,123,Geo Metro Convertible 1993,04139.jpg,C:/Users/seanf/Desktop/archive/cars_train/cars_train/04139.jpg,5
61,24,206,144,113,Ford F-150 Regular Cab 2012,04140.jpg,C:/Users/seanf/Desktop/archive/cars_train/cars_train/04140.jpg,167
5,1,701,350,184,Suzuki SX4 Sedan 2012,04141.jpg,C:/Users/seanf/Desktop/archive/cars_train/cars_train/04141.jpg,24
18,40,210,171,118,GMC Terrain SUV 2012,04142.jpg,C:/Users/seanf/Desktop/archive/cars_train/cars_train/04142.jpg,179
8,103,464,254,171,Nissan 240SX Coupe 1998,04143.jpg,C:/Users/seanf/Desktop/archive/cars_train/cars_train/04143.jpg,92
178,163,729,452,110,Ford Edge SUV 2012,04144.jpg,C:/Users/seanf/Desktop/archive/cars_train/cars_train/04144.jpg,64
11,192,555,373,128,Honda Accord Coupe 2012,04145.jpg,C:/Users/seanf/Desktop/archive/cars_train/cars_train/04145.jpg,126
114,34,577,337,182,Suzuki Kizashi Sedan 2012,04146.jpg,C:/Users/seanf/Desktop/archive/cars_train/cars_train/04146.jpg,160
31,158,602,373,122,GMC Canyon Extended Cab 2012,04147.jpg,C:/Users/seanf/Desktop/archive/cars_train/cars_train/04147.jpg,57
16,25,271,187,131,Hyundai Santa Fe SUV 2012,04148.jpg,C:/Users/seanf/Desktop/archive/cars_train/cars_train/04148.jpg,80
19,82,560,337,33,BMW X6 SUV 2012,04149.jpg,C:/Users/seanf/Desktop/archive/cars_train/cars_train/04149.jpg,187
28,27,300,181,78,Chrysler Town and Country Minivan 2012,04150.jpg,C:/Users/seanf/Desktop/archive/cars_train/cars_train/04150.jpg,195
47,145,608,366,181,Suzuki Aerio Sedan 2007,04151.jpg,C:/Users/seanf/Desktop/archive/cars_train/cars_train/04151.jpg,163
28,58,226,150,27,BMW 1 Series Convertible 2012,04152.jpg,C:/Users/seanf/Desktop/archive/cars_train/cars_train/04152.jpg,192
23,9,641,352,183,Suzuki SX4 Hatchback 2012,04153.jpg,C:/Users/seanf/Desktop/archive/cars_train/cars_train/04153.jpg,118
14,110,619,432,53,Cadillac Escalade EXT Crew Cab 2007,04154.jpg,C:/Users/seanf/Desktop/archive/cars_train/cars_train/04154.jpg,45
85,106,356,292,15,Audi R8 Coupe 2012,04155.jpg,C:/Users/seanf/Desktop/archive/cars_train/cars_train/04155.jpg,44
11,21,733,529,184,Suzuki SX4 Sedan 2012,04156.jpg,C:/Users/seanf/Desktop/archive/cars_train/cars_train/04156.jpg,24
10,20,256,171,90,Dodge Dakota Crew Cab 2010,04157.jpg,C:/Users/seanf/Desktop/archive/cars_train/cars_train/04157.jpg,48
15,49,552,422,135,Hyundai Elantra Sedan 2007,04158.jpg,C:/Users/seanf/Desktop/archive/cars_train/cars_train/04158.jpg,12
21,63,577,324,150,Lamborghini Reventon Coupe 2008,04159.jpg,C:/Users/seanf/Desktop/archive/cars_train/cars_train/04159.jpg,188
24,57,372,275,178,Scion xD Hatchback 2012,04160.jpg,C:/Users/seanf/Desktop/archive/cars_train/cars_train/04160.jpg,93
127,166,947,559,89,Dodge Journey SUV 2012,04161.jpg,C:/Users/seanf/Desktop/archive/cars_train/cars_train/04161.jpg,6
4,25,257,165,95,Dodge Durango SUV 2007,04162.jpg,C:/Users/seanf/Desktop/archive/cars_train/cars_train/04162.jpg,193
23,31,238,140,70,Chevrolet Silverado 1500 Classic Extended Cab 2007,04163.jpg,C:/Users/seanf/Desktop/archive/cars_train/cars_train/04163.jpg,171
28,182,467,340,113,Ford F-150 Regular Cab 2012,04164.jpg,C:/Users/seanf/Desktop/archive/cars_train/cars_train/04164.jpg,167
107,70,550,318,130,Hyundai Veloster Hatchback 2012,04165.jpg,C:/Users/seanf/Desktop/archive/cars_train/cars_train/04165.jpg,152
80,134,708,456,11,Aston Martin Virage Coupe 2012,04166.jpg,C:/Users/seanf/Desktop/archive/cars_train/cars_train/04166.jpg,128
19,175,1582,1081,81,Chrysler PT Cruiser Convertible 2008,04167.jpg,C:/Users/seanf/Desktop/archive/cars_train/cars_train/04167.jpg,182
44,148,537,369,159,Mazda Tribute SUV 2011,04168.jpg,C:/Users/seanf/Desktop/archive/cars_train/cars_train/04168.jpg,183
10,41,289,174,128,Honda Accord Coupe 2012,04169.jpg,C:/Users/seanf/Desktop/archive/cars_train/cars_train/04169.jpg,126
29,181,582,398,85,Dodge Caravan Minivan 1997,04170.jpg,C:/Users/seanf/Desktop/archive/cars_train/cars_train/04170.jpg,13
116,159,788,530,32,BMW X5 SUV 2007,04171.jpg,C:/Users/seanf/Desktop/archive/cars_train/cars_train/04171.jpg,172
145,97,880,638,164,Mercedes-Benz E-Class Sedan 2012,04172.jpg,C:/Users/seanf/Desktop/archive/cars_train/cars_train/04172.jpg,177
161,54,1061,642,173,Porsche Panamera Sedan 2012,04173.jpg,C:/Users/seanf/Desktop/archive/cars_train/cars_train/04173.jpg,41
34,52,226,157,175,Rolls-Royce Phantom Drophead Coupe Convertible 2012,04174.jpg,C:/Users/seanf/Desktop/archive/cars_train/cars_train/04174.jpg,72
36,47,611,463,76,Chrysler Aspen SUV 2009,04175.jpg,C:/Users/seanf/Desktop/archive/cars_train/cars_train/04175.jpg,99
218,500,1375,1061,18,Audi 100 Wagon 1994,04176.jpg,C:/Users/seanf/Desktop/archive/cars_train/cars_train/04176.jpg,66
42,150,415,348,161,Mercedes-Benz 300-Class Convertible 1993,04177.jpg,C:/Users/seanf/Desktop/archive/cars_train/cars_train/04177.jpg,86
89,120,562,316,182,Suzuki Kizashi Sedan 2012,04178.jpg,C:/Users/seanf/Desktop/archive/cars_train/cars_train/04178.jpg,160
78,99,573,404,108,Ford Freestar Minivan 2007,04179.jpg,C:/Users/seanf/Desktop/archive/cars_train/cars_train/04179.jpg,108
96,151,599,449,65,Chevrolet Avalanche Crew Cab 2012,04180.jpg,C:/Users/seanf/Desktop/archive/cars_train/cars_train/04180.jpg,47
110,108,536,265,177,Rolls-Royce Phantom Sedan 2012,04181.jpg,C:/Users/seanf/Desktop/archive/cars_train/cars_train/04181.jpg,40
72,267,2602,1813,58,Chevrolet Traverse SUV 2012,04182.jpg,C:/Users/seanf/Desktop/archive/cars_train/cars_train/04182.jpg,9
16,109,981,694,170,Nissan Juke Hatchback 2012,04183.jpg,C:/Users/seanf/Desktop/archive/cars_train/cars_train/04183.jpg,22
1,1,240,99,125,HUMMER H2 SUT Crew Cab 2009,04184.jpg,C:/Users/seanf/Desktop/archive/cars_train/cars_train/04184.jpg,115
41,84,583,414,178,Scion xD Hatchback 2012,04185.jpg,C:/Users/seanf/Desktop/archive/cars_train/cars_train/04185.jpg,93
37,216,746,502,8,Aston Martin V8 Vantage Convertible 2012,04186.jpg,C:/Users/seanf/Desktop/archive/cars_train/cars_train/04186.jpg,54
99,120,588,415,74,Chevrolet Silverado 1500 Extended Cab 2012,04187.jpg,C:/Users/seanf/Desktop/archive/cars_train/cars_train/04187.jpg,78
34,112,961,686,121,GMC Acadia SUV 2012,04188.jpg,C:/Users/seanf/Desktop/archive/cars_train/cars_train/04188.jpg,82
95,179,595,362,64,Chevrolet Express Cargo Van 2007,04189.jpg,C:/Users/seanf/Desktop/archive/cars_train/cars_train/04189.jpg,178
16,102,621,423,10,Aston Martin Virage Convertible 2012,04190.jpg,C:/Users/seanf/Desktop/archive/cars_train/cars_train/04190.jpg,133
43,104,550,299,16,Audi V8 Sedan 1994,04191.jpg,C:/Users/seanf/Desktop/archive/cars_train/cars_train/04191.jpg,124
173,62,546,349,102,Ferrari California Convertible 2012,04192.jpg,C:/Users/seanf/Desktop/archive/cars_train/cars_train/04192.jpg,141
91,53,579,325,149,Jeep Compass SUV 2012,04193.jpg,C:/Users/seanf/Desktop/archive/cars_train/cars_train/04193.jpg,102
16,25,638,466,78,Chrysler Town and Country Minivan 2012,04194.jpg,C:/Users/seanf/Desktop/archive/cars_train/cars_train/04194.jpg,195
27,154,605,355,20,Audi S6 Sedan 2011,04195.jpg,C:/Users/seanf/Desktop/archive/cars_train/cars_train/04195.jpg,69
117,323,972,794,164,Mercedes-Benz E-Class Sedan 2012,04196.jpg,C:/Users/seanf/Desktop/archive/cars_train/cars_train/04196.jpg,177
34,46,563,374,8,Aston Martin V8 Vantage Convertible 2012,04197.jpg,C:/Users/seanf/Desktop/archive/cars_train/cars_train/04197.jpg,54
209,290,875,590,130,Hyundai Veloster Hatchback 2012,04198.jpg,C:/Users/seanf/Desktop/archive/cars_train/cars_train/04198.jpg,152
8,15,256,178,109,Ford Expedition EL SUV 2009,04199.jpg,C:/Users/seanf/Desktop/archive/cars_train/cars_train/04199.jpg,87
16,62,243,161,118,GMC Terrain SUV 2012,04200.jpg,C:/Users/seanf/Desktop/archive/cars_train/cars_train/04200.jpg,179
153,67,561,435,61,Chevrolet Impala Sedan 2007,04201.jpg,C:/Users/seanf/Desktop/archive/cars_train/cars_train/04201.jpg,77
56,117,474,266,141,Infiniti G Coupe IPL 2012,04202.jpg,C:/Users/seanf/Desktop/archive/cars_train/cars_train/04202.jpg,136
3,79,239,179,143,Isuzu Ascender SUV 2008,04203.jpg,C:/Users/seanf/Desktop/archive/cars_train/cars_train/04203.jpg,91
27,73,635,425,80,Chrysler Crossfire Convertible 2008,04204.jpg,C:/Users/seanf/Desktop/archive/cars_train/cars_train/04204.jpg,175
4,2,265,182,31,BMW 6 Series Convertible 2007,04205.jpg,C:/Users/seanf/Desktop/archive/cars_train/cars_train/04205.jpg,145
21,172,666,519,172,Plymouth Neon Coupe 1999,04206.jpg,C:/Users/seanf/Desktop/archive/cars_train/cars_train/04206.jpg,15
17,13,313,226,106,Ford F-450 Super Duty Crew Cab 2012,04207.jpg,C:/Users/seanf/Desktop/archive/cars_train/cars_train/04207.jpg,4
81,1,447,275,65,Chevrolet Avalanche Crew Cab 2012,04208.jpg,C:/Users/seanf/Desktop/archive/cars_train/cars_train/04208.jpg,47
107,562,1913,1203,96,Dodge Charger Sedan 2012,04209.jpg,C:/Users/seanf/Desktop/archive/cars_train/cars_train/04209.jpg,7
56,114,338,323,180,Spyker C8 Coupe 2009,04210.jpg,C:/Users/seanf/Desktop/archive/cars_train/cars_train/04210.jpg,26
80,141,988,640,96,Dodge Charger Sedan 2012,04211.jpg,C:/Users/seanf/Desktop/archive/cars_train/cars_train/04211.jpg,7
1,7,270,183,65,Chevrolet Avalanche Crew Cab 2012,04212.jpg,C:/Users/seanf/Desktop/archive/cars_train/cars_train/04212.jpg,47
8,45,298,145,119,GMC Savana Van 2012,04213.jpg,C:/Users/seanf/Desktop/archive/cars_train/cars_train/04213.jpg,38
23,63,227,165,119,GMC Savana Van 2012,04214.jpg,C:/Users/seanf/Desktop/archive/cars_train/cars_train/04214.jpg,38
36,141,558,363,194,Volvo 240 Sedan 1993,04215.jpg,C:/Users/seanf/Desktop/archive/cars_train/cars_train/04215.jpg,23
30,81,274,163,8,Aston Martin V8 Vantage Convertible 2012,04216.jpg,C:/Users/seanf/Desktop/archive/cars_train/cars_train/04216.jpg,54
209,167,777,380,144,Jaguar XK XKR 2012,04217.jpg,C:/Users/seanf/Desktop/archive/cars_train/cars_train/04217.jpg,89
43,117,561,278,59,Chevrolet Camaro Convertible 2012,04218.jpg,C:/Users/seanf/Desktop/archive/cars_train/cars_train/04218.jpg,63
34,108,595,410,166,Mercedes-Benz Sprinter Van 2012,04219.jpg,C:/Users/seanf/Desktop/archive/cars_train/cars_train/04219.jpg,162
111,31,554,305,146,Jeep Wrangler SUV 2012,04220.jpg,C:/Users/seanf/Desktop/archive/cars_train/cars_train/04220.jpg,173
17,30,247,185,73,Chevrolet Malibu Sedan 2007,04221.jpg,C:/Users/seanf/Desktop/archive/cars_train/cars_train/04221.jpg,16
17,67,307,236,121,GMC Acadia SUV 2012,04222.jpg,C:/Users/seanf/Desktop/archive/cars_train/cars_train/04222.jpg,82
18,33,437,287,124,HUMMER H3T Crew Cab 2010,04223.jpg,C:/Users/seanf/Desktop/archive/cars_train/cars_train/04223.jpg,49
17,152,476,367,6,Acura Integra Type R 2001,04224.jpg,C:/Users/seanf/Desktop/archive/cars_train/cars_train/04224.jpg,123
8,139,605,431,88,Dodge Sprinter Cargo Van 2009,04225.jpg,C:/Users/seanf/Desktop/archive/cars_train/cars_train/04225.jpg,81
51,77,2462,1622,145,Jeep Patriot SUV 2012,04226.jpg,C:/Users/seanf/Desktop/archive/cars_train/cars_train/04226.jpg,68
34,38,276,182,77,Chrysler Sebring Convertible 2010,04227.jpg,C:/Users/seanf/Desktop/archive/cars_train/cars_train/04227.jpg,122
11,47,270,155,181,Suzuki Aerio Sedan 2007,04228.jpg,C:/Users/seanf/Desktop/archive/cars_train/cars_train/04228.jpg,163
124,75,1069,673,168,Nissan Leaf Hatchback 2012,04229.jpg,C:/Users/seanf/Desktop/archive/cars_train/cars_train/04229.jpg,142
2,33,778,333,107,Ford Mustang Convertible 2007,04230.jpg,C:/Users/seanf/Desktop/archive/cars_train/cars_train/04230.jpg,132
14,28,605,489,179,Spyker C8 Convertible 2009,04231.jpg,C:/Users/seanf/Desktop/archive/cars_train/cars_train/04231.jpg,104
105,99,579,354,102,Ferrari California Convertible 2012,04232.jpg,C:/Users/seanf/Desktop/archive/cars_train/cars_train/04232.jpg,141
96,66,453,392,116,Ford E-Series Wagon Van 2012,04233.jpg,C:/Users/seanf/Desktop/archive/cars_train/cars_train/04233.jpg,67
1,103,456,266,74,Chevrolet Silverado 1500 Extended Cab 2012,04234.jpg,C:/Users/seanf/Desktop/archive/cars_train/cars_train/04234.jpg,78
23,65,637,307,116,Ford E-Series Wagon Van 2012,04235.jpg,C:/Users/seanf/Desktop/archive/cars_train/cars_train/04235.jpg,67
29,160,668,353,107,Ford Mustang Convertible 2007,04236.jpg,C:/Users/seanf/Desktop/archive/cars_train/cars_train/04236.jpg,132
143,99,1966,1497,20,Audi S6 Sedan 2011,04237.jpg,C:/Users/seanf/Desktop/archive/cars_train/cars_train/04237.jpg,69
48,100,446,289,81,Chrysler PT Cruiser Convertible 2008,04238.jpg,C:/Users/seanf/Desktop/archive/cars_train/cars_train/04238.jpg,182
84,38,585,429,118,GMC Terrain SUV 2012,04239.jpg,C:/Users/seanf/Desktop/archive/cars_train/cars_train/04239.jpg,179
18,177,778,522,191,Volkswagen Golf Hatchback 1991,04240.jpg,C:/Users/seanf/Desktop/archive/cars_train/cars_train/04240.jpg,37
58,140,1209,670,15,Audi R8 Coupe 2012,04241.jpg,C:/Users/seanf/Desktop/archive/cars_train/cars_train/04241.jpg,44
349,88,2212,1429,147,Jeep Liberty SUV 2012,04242.jpg,C:/Users/seanf/Desktop/archive/cars_train/cars_train/04242.jpg,85
66,128,617,379,43,Bentley Continental GT Coupe 2007,04243.jpg,C:/Users/seanf/Desktop/archive/cars_train/cars_train/04243.jpg,65
139,172,690,431,2,Acura RL Sedan 2012,04244.jpg,C:/Users/seanf/Desktop/archive/cars_train/cars_train/04244.jpg,191
23,89,617,479,87,Dodge Ram Pickup 3500 Quad Cab 2009,04245.jpg,C:/Users/seanf/Desktop/archive/cars_train/cars_train/04245.jpg,155
66,141,739,427,66,Chevrolet Cobalt SS 2010,04246.jpg,C:/Users/seanf/Desktop/archive/cars_train/cars_train/04246.jpg,29
45,40,644,283,8,Aston Martin V8 Vantage Convertible 2012,04247.jpg,C:/Users/seanf/Desktop/archive/cars_train/cars_train/04247.jpg,54
18,1,442,225,124,HUMMER H3T Crew Cab 2010,04248.jpg,C:/Users/seanf/Desktop/archive/cars_train/cars_train/04248.jpg,49
22,5,304,159,68,Chevrolet TrailBlazer SS 2009,04249.jpg,C:/Users/seanf/Desktop/archive/cars_train/cars_train/04249.jpg,114
28,84,453,282,45,Bugatti Veyron 16.4 Convertible 2009,04250.jpg,C:/Users/seanf/Desktop/archive/cars_train/cars_train/04250.jpg,119
95,161,558,420,139,Hyundai Elantra Touring Hatchback 2012,04251.jpg,C:/Users/seanf/Desktop/archive/cars_train/cars_train/04251.jpg,28
62,145,450,422,7,Acura ZDX Hatchback 2012,04252.jpg,C:/Users/seanf/Desktop/archive/cars_train/cars_train/04252.jpg,139
53,136,557,350,171,Nissan 240SX Coupe 1998,04253.jpg,C:/Users/seanf/Desktop/archive/cars_train/cars_train/04253.jpg,92
8,63,496,281,159,Mazda Tribute SUV 2011,04254.jpg,C:/Users/seanf/Desktop/archive/cars_train/cars_train/04254.jpg,183
169,129,414,278,99,FIAT 500 Abarth 2012,04255.jpg,C:/Users/seanf/Desktop/archive/cars_train/cars_train/04255.jpg,135
7,10,385,353,100,FIAT 500 Convertible 2012,04256.jpg,C:/Users/seanf/Desktop/archive/cars_train/cars_train/04256.jpg,151
83,185,577,441,132,Hyundai Tucson SUV 2012,04257.jpg,C:/Users/seanf/Desktop/archive/cars_train/cars_train/04257.jpg,138
14,16,609,461,76,Chrysler Aspen SUV 2009,04258.jpg,C:/Users/seanf/Desktop/archive/cars_train/cars_train/04258.jpg,99
61,84,974,548,73,Chevrolet Malibu Sedan 2007,04259.jpg,C:/Users/seanf/Desktop/archive/cars_train/cars_train/04259.jpg,16
36,52,372,218,78,Chrysler Town and Country Minivan 2012,04260.jpg,C:/Users/seanf/Desktop/archive/cars_train/cars_train/04260.jpg,195
79,131,275,317,100,FIAT 500 Convertible 2012,04261.jpg,C:/Users/seanf/Desktop/archive/cars_train/cars_train/04261.jpg,151
25,33,483,243,105,Fisker Karma Sedan 2012,04262.jpg,C:/Users/seanf/Desktop/archive/cars_train/cars_train/04262.jpg,34
41,175,614,399,192,Volkswagen Beetle Hatchback 2012,04263.jpg,C:/Users/seanf/Desktop/archive/cars_train/cars_train/04263.jpg,17
44,71,594,416,58,Chevrolet Traverse SUV 2012,04264.jpg,C:/Users/seanf/Desktop/archive/cars_train/cars_train/04264.jpg,9
11,86,615,416,150,Lamborghini Reventon Coupe 2008,04265.jpg,C:/Users/seanf/Desktop/archive/cars_train/cars_train/04265.jpg,188
23,161,619,458,30,BMW 3 Series Wagon 2012,04266.jpg,C:/Users/seanf/Desktop/archive/cars_train/cars_train/04266.jpg,101
75,179,564,441,61,Chevrolet Impala Sedan 2007,04267.jpg,C:/Users/seanf/Desktop/archive/cars_train/cars_train/04267.jpg,77
62,13,666,501,65,Chevrolet Avalanche Crew Cab 2012,04268.jpg,C:/Users/seanf/Desktop/archive/cars_train/cars_train/04268.jpg,47
39,48,275,180,25,Audi TT RS Coupe 2012,04269.jpg,C:/Users/seanf/Desktop/archive/cars_train/cars_train/04269.jpg,39
133,51,1081,872,78,Chrysler Town and Country Minivan 2012,04270.jpg,C:/Users/seanf/Desktop/archive/cars_train/cars_train/04270.jpg,195
8,30,500,325,56,Chevrolet Corvette ZR1 2012,04271.jpg,C:/Users/seanf/Desktop/archive/cars_train/cars_train/04271.jpg,94
47,113,749,426,189,Toyota 4Runner SUV 2012,04272.jpg,C:/Users/seanf/Desktop/archive/cars_train/cars_train/04272.jpg,120
61,66,999,696,146,Jeep Wrangler SUV 2012,04273.jpg,C:/Users/seanf/Desktop/archive/cars_train/cars_train/04273.jpg,173
114,84,967,684,132,Hyundai Tucson SUV 2012,04274.jpg,C:/Users/seanf/Desktop/archive/cars_train/cars_train/04274.jpg,138
221,577,1736,1340,79,Chrysler 300 SRT-8 2010,04275.jpg,C:/Users/seanf/Desktop/archive/cars_train/cars_train/04275.jpg,19
34,90,474,240,179,Spyker C8 Convertible 2009,04276.jpg,C:/Users/seanf/Desktop/archive/cars_train/cars_train/04276.jpg,104
11,30,402,191,186,Toyota Sequoia SUV 2012,04277.jpg,C:/Users/seanf/Desktop/archive/cars_train/cars_train/04277.jpg,11
177,377,1929,1070,113,Ford F-150 Regular Cab 2012,04278.jpg,C:/Users/seanf/Desktop/archive/cars_train/cars_train/04278.jpg,167
1,39,243,135,161,Mercedes-Benz 300-Class Convertible 1993,04279.jpg,C:/Users/seanf/Desktop/archive/cars_train/cars_train/04279.jpg,86
37,72,471,224,59,Chevrolet Camaro Convertible 2012,04280.jpg,C:/Users/seanf/Desktop/archive/cars_train/cars_train/04280.jpg,63
72,46,261,140,163,Mercedes-Benz SL-Class Coupe 2009,04281.jpg,C:/Users/seanf/Desktop/archive/cars_train/cars_train/04281.jpg,111
346,229,1567,883,173,Porsche Panamera Sedan 2012,04282.jpg,C:/Users/seanf/Desktop/archive/cars_train/cars_train/04282.jpg,41
41,28,660,350,96,Dodge Charger Sedan 2012,04283.jpg,C:/Users/seanf/Desktop/archive/cars_train/cars_train/04283.jpg,7
1,63,619,411,171,Nissan 240SX Coupe 1998,04284.jpg,C:/Users/seanf/Desktop/archive/cars_train/cars_train/04284.jpg,92
6,30,253,152,72,Chevrolet Monte Carlo Coupe 2007,04285.jpg,C:/Users/seanf/Desktop/archive/cars_train/cars_train/04285.jpg,130
115,89,591,416,172,Plymouth Neon Coupe 1999,04286.jpg,C:/Users/seanf/Desktop/archive/cars_train/cars_train/04286.jpg,15
24,41,398,276,160,McLaren MP4-12C Coupe 2012,04287.jpg,C:/Users/seanf/Desktop/archive/cars_train/cars_train/04287.jpg,116
76,72,926,690,182,Suzuki Kizashi Sedan 2012,04288.jpg,C:/Users/seanf/Desktop/archive/cars_train/cars_train/04288.jpg,160
48,41,353,241,51,Cadillac CTS-V Sedan 2012,04289.jpg,C:/Users/seanf/Desktop/archive/cars_train/cars_train/04289.jpg,74
152,140,443,355,117,Ford Fiesta Sedan 2012,04290.jpg,C:/Users/seanf/Desktop/archive/cars_train/cars_train/04290.jpg,168
29,64,215,173,111,Ford Ranger SuperCab 2011,04291.jpg,C:/Users/seanf/Desktop/archive/cars_train/cars_train/04291.jpg,56
33,72,540,322,11,Aston Martin Virage Coupe 2012,04292.jpg,C:/Users/seanf/Desktop/archive/cars_train/cars_train/04292.jpg,128
74,45,996,627,106,Ford F-450 Super Duty Crew Cab 2012,04293.jpg,C:/Users/seanf/Desktop/archive/cars_train/cars_train/04293.jpg,4
1,8,852,525,36,BMW M6 Convertible 2010,04294.jpg,C:/Users/seanf/Desktop/archive/cars_train/cars_train/04294.jpg,20
74,224,448,368,153,Lamborghini Diablo Coupe 2001,04295.jpg,C:/Users/seanf/Desktop/archive/cars_train/cars_train/04295.jpg,143
183,255,963,671,101,Ferrari FF Coupe 2012,04296.jpg,C:/Users/seanf/Desktop/archive/cars_train/cars_train/04296.jpg,52
231,328,1691,1124,98,Eagle Talon Hatchback 1998,04297.jpg,C:/Users/seanf/Desktop/archive/cars_train/cars_train/04297.jpg,185
67,152,573,464,155,Land Rover LR2 SUV 2012,04298.jpg,C:/Users/seanf/Desktop/archive/cars_train/cars_train/04298.jpg,97
12,1,599,385,169,Nissan NV Passenger Van 2012,04299.jpg,C:/Users/seanf/Desktop/archive/cars_train/cars_train/04299.jpg,156
16,29,241,155,76,Chrysler Aspen SUV 2009,04300.jpg,C:/Users/seanf/Desktop/archive/cars_train/cars_train/04300.jpg,99
44,18,229,135,157,MINI Cooper Roadster Convertible 2012,04301.jpg,C:/Users/seanf/Desktop/archive/cars_train/cars_train/04301.jpg,190
42,195,834,429,57,Chevrolet Corvette Ron Fellows Edition Z06 2007,04302.jpg,C:/Users/seanf/Desktop/archive/cars_train/cars_train/04302.jpg,18
192,581,3976,1791,164,Mercedes-Benz E-Class Sedan 2012,04303.jpg,C:/Users/seanf/Desktop/archive/cars_train/cars_train/04303.jpg,177
87,54,581,391,172,Plymouth Neon Coupe 1999,04304.jpg,C:/Users/seanf/Desktop/archive/cars_train/cars_train/04304.jpg,15
23,130,622,441,118,GMC Terrain SUV 2012,04305.jpg,C:/Users/seanf/Desktop/archive/cars_train/cars_train/04305.jpg,179
1,16,120,94,174,Ram C/V Cargo Van Minivan 2012,04306.jpg,C:/Users/seanf/Desktop/archive/cars_train/cars_train/04306.jpg,103
6,34,242,124,69,Chevrolet Silverado 2500HD Regular Cab 2012,04307.jpg,C:/Users/seanf/Desktop/archive/cars_train/cars_train/04307.jpg,147
91,90,874,495,9,Aston Martin V8 Vantage Coupe 2012,04308.jpg,C:/Users/seanf/Desktop/archive/cars_train/cars_train/04308.jpg,165
16,106,584,379,79,Chrysler 300 SRT-8 2010,04309.jpg,C:/Users/seanf/Desktop/archive/cars_train/cars_train/04309.jpg,19
29,143,614,423,58,Chevrolet Traverse SUV 2012,04310.jpg,C:/Users/seanf/Desktop/archive/cars_train/cars_train/04310.jpg,9
27,115,594,391,117,Ford Fiesta Sedan 2012,04311.jpg,C:/Users/seanf/Desktop/archive/cars_train/cars_train/04311.jpg,168
3,5,485,210,16,Audi V8 Sedan 1994,04312.jpg,C:/Users/seanf/Desktop/archive/cars_train/cars_train/04312.jpg,124
27,64,250,177,21,Audi S5 Convertible 2012,04313.jpg,C:/Users/seanf/Desktop/archive/cars_train/cars_train/04313.jpg,144
13,9,294,181,186,Toyota Sequoia SUV 2012,04314.jpg,C:/Users/seanf/Desktop/archive/cars_train/cars_train/04314.jpg,11
6,62,381,277,161,Mercedes-Benz 300-Class Convertible 1993,04315.jpg,C:/Users/seanf/Desktop/archive/cars_train/cars_train/04315.jpg,86
74,87,579,262,49,Buick Verano Sedan 2012,04316.jpg,C:/Users/seanf/Desktop/archive/cars_train/cars_train/04316.jpg,10
53,339,963,744,107,Ford Mustang Convertible 2007,04317.jpg,C:/Users/seanf/Desktop/archive/cars_train/cars_train/04317.jpg,132
21,15,363,255,86,Dodge Ram Pickup 3500 Crew Cab 2010,04318.jpg,C:/Users/seanf/Desktop/archive/cars_train/cars_train/04318.jpg,25
15,23,292,163,165,Mercedes-Benz S-Class Sedan 2012,04319.jpg,C:/Users/seanf/Desktop/archive/cars_train/cars_train/04319.jpg,70
109,14,909,715,154,Land Rover Range Rover SUV 2012,04320.jpg,C:/Users/seanf/Desktop/archive/cars_train/cars_train/04320.jpg,27
98,15,630,294,63,Chevrolet Sonic Sedan 2012,04321.jpg,C:/Users/seanf/Desktop/archive/cars_train/cars_train/04321.jpg,129
35,43,445,314,110,Ford Edge SUV 2012,04322.jpg,C:/Users/seanf/Desktop/archive/cars_train/cars_train/04322.jpg,64
10,13,190,91,31,BMW 6 Series Convertible 2007,04323.jpg,C:/Users/seanf/Desktop/archive/cars_train/cars_train/04323.jpg,145
24,3,239,179,121,GMC Acadia SUV 2012,04324.jpg,C:/Users/seanf/Desktop/archive/cars_train/cars_train/04324.jpg,82
26,12,457,272,186,Toyota Sequoia SUV 2012,04325.jpg,C:/Users/seanf/Desktop/archive/cars_train/cars_train/04325.jpg,11
108,207,897,596,63,Chevrolet Sonic Sedan 2012,04326.jpg,C:/Users/seanf/Desktop/archive/cars_train/cars_train/04326.jpg,129
59,37,600,369,146,Jeep Wrangler SUV 2012,04327.jpg,C:/Users/seanf/Desktop/archive/cars_train/cars_train/04327.jpg,173
2,13,221,112,42,Bentley Continental GT Coupe 2012,04328.jpg,C:/Users/seanf/Desktop/archive/cars_train/cars_train/04328.jpg,42
127,170,476,337,100,FIAT 500 Convertible 2012,04329.jpg,C:/Users/seanf/Desktop/archive/cars_train/cars_train/04329.jpg,151
72,85,986,646,65,Chevrolet Avalanche Crew Cab 2012,04330.jpg,C:/Users/seanf/Desktop/archive/cars_train/cars_train/04330.jpg,47
14,126,500,296,98,Eagle Talon Hatchback 1998,04331.jpg,C:/Users/seanf/Desktop/archive/cars_train/cars_train/04331.jpg,185
64,151,768,405,182,Suzuki Kizashi Sedan 2012,04332.jpg,C:/Users/seanf/Desktop/archive/cars_train/cars_train/04332.jpg,160
71,37,312,134,180,Spyker C8 Coupe 2009,04333.jpg,C:/Users/seanf/Desktop/archive/cars_train/cars_train/04333.jpg,26
137,272,654,773,45,Bugatti Veyron 16.4 Convertible 2009,04334.jpg,C:/Users/seanf/Desktop/archive/cars_train/cars_train/04334.jpg,119
47,58,552,412,185,Tesla Model S Sedan 2012,04335.jpg,C:/Users/seanf/Desktop/archive/cars_train/cars_train/04335.jpg,150
61,30,969,767,146,Jeep Wrangler SUV 2012,04336.jpg,C:/Users/seanf/Desktop/archive/cars_train/cars_train/04336.jpg,173
24,73,600,338,141,Infiniti G Coupe IPL 2012,04337.jpg,C:/Users/seanf/Desktop/archive/cars_train/cars_train/04337.jpg,136
33,67,404,283,5,Acura TSX Sedan 2012,04338.jpg,C:/Users/seanf/Desktop/archive/cars_train/cars_train/04338.jpg,58
69,206,769,511,36,BMW M6 Convertible 2010,04339.jpg,C:/Users/seanf/Desktop/archive/cars_train/cars_train/04339.jpg,20
6,46,255,156,91,Dodge Dakota Club Cab 2007,04340.jpg,C:/Users/seanf/Desktop/archive/cars_train/cars_train/04340.jpg,2
48,34,400,243,91,Dodge Dakota Club Cab 2007,04341.jpg,C:/Users/seanf/Desktop/archive/cars_train/cars_train/04341.jpg,2
15,39,199,124,108,Ford Freestar Minivan 2007,04342.jpg,C:/Users/seanf/Desktop/archive/cars_train/cars_train/04342.jpg,108
143,310,915,656,112,Ford GT Coupe 2006,04343.jpg,C:/Users/seanf/Desktop/archive/cars_train/cars_train/04343.jpg,73
58,124,478,290,188,Toyota Corolla Sedan 2012,04344.jpg,C:/Users/seanf/Desktop/archive/cars_train/cars_train/04344.jpg,62
172,256,1450,1075,53,Cadillac Escalade EXT Crew Cab 2007,04345.jpg,C:/Users/seanf/Desktop/archive/cars_train/cars_train/04345.jpg,45
68,95,974,629,79,Chrysler 300 SRT-8 2010,04346.jpg,C:/Users/seanf/Desktop/archive/cars_train/cars_train/04346.jpg,19
58,94,467,293,162,Mercedes-Benz C-Class Sedan 2012,04347.jpg,C:/Users/seanf/Desktop/archive/cars_train/cars_train/04347.jpg,79
11,41,615,416,52,Cadillac SRX SUV 2012,04348.jpg,C:/Users/seanf/Desktop/archive/cars_train/cars_train/04348.jpg,189
33,182,617,386,4,Acura TL Type-S 2008,04349.jpg,C:/Users/seanf/Desktop/archive/cars_train/cars_train/04349.jpg,174
27,45,628,441,67,Chevrolet Malibu Hybrid Sedan 2010,04350.jpg,C:/Users/seanf/Desktop/archive/cars_train/cars_train/04350.jpg,166
200,239,1134,695,35,BMW M5 Sedan 2010,04351.jpg,C:/Users/seanf/Desktop/archive/cars_train/cars_train/04351.jpg,194
179,127,472,333,97,Dodge Charger SRT-8 2009,04352.jpg,C:/Users/seanf/Desktop/archive/cars_train/cars_train/04352.jpg,33
61,225,968,520,43,Bentley Continental GT Coupe 2007,04353.jpg,C:/Users/seanf/Desktop/archive/cars_train/cars_train/04353.jpg,65
53,44,684,444,146,Jeep Wrangler SUV 2012,04354.jpg,C:/Users/seanf/Desktop/archive/cars_train/cars_train/04354.jpg,173
135,253,1115,817,193,Volvo C30 Hatchback 2012,04355.jpg,C:/Users/seanf/Desktop/archive/cars_train/cars_train/04355.jpg,14
125,134,477,309,52,Cadillac SRX SUV 2012,04356.jpg,C:/Users/seanf/Desktop/archive/cars_train/cars_train/04356.jpg,189
340,11,1687,1062,25,Audi TT RS Coupe 2012,04357.jpg,C:/Users/seanf/Desktop/archive/cars_train/cars_train/04357.jpg,39
37,63,267,215,195,Volvo XC90 SUV 2007,04358.jpg,C:/Users/seanf/Desktop/archive/cars_train/cars_train/04358.jpg,131
66,68,599,306,19,Audi TT Hatchback 2011,04359.jpg,C:/Users/seanf/Desktop/archive/cars_train/cars_train/04359.jpg,110
9,29,266,154,56,Chevrolet Corvette ZR1 2012,04360.jpg,C:/Users/seanf/Desktop/archive/cars_train/cars_train/04360.jpg,94
19,40,210,150,196,smart fortwo Convertible 2012,04361.jpg,C:/Users/seanf/Desktop/archive/cars_train/cars_train/04361.jpg,134
108,81,739,388,160,McLaren MP4-12C Coupe 2012,04362.jpg,C:/Users/seanf/Desktop/archive/cars_train/cars_train/04362.jpg,116
38,178,603,371,173,Porsche Panamera Sedan 2012,04363.jpg,C:/Users/seanf/Desktop/archive/cars_train/cars_train/04363.jpg,41
160,289,1009,947,183,Suzuki SX4 Hatchback 2012,04364.jpg,C:/Users/seanf/Desktop/archive/cars_train/cars_train/04364.jpg,118
47,18,562,355,144,Jaguar XK XKR 2012,04365.jpg,C:/Users/seanf/Desktop/archive/cars_train/cars_train/04365.jpg,89
96,69,584,303,49,Buick Verano Sedan 2012,04366.jpg,C:/Users/seanf/Desktop/archive/cars_train/cars_train/04366.jpg,10
24,268,1022,567,105,Fisker Karma Sedan 2012,04367.jpg,C:/Users/seanf/Desktop/archive/cars_train/cars_train/04367.jpg,34
42,91,636,444,72,Chevrolet Monte Carlo Coupe 2007,04368.jpg,C:/Users/seanf/Desktop/archive/cars_train/cars_train/04368.jpg,130
108,37,682,555,124,HUMMER H3T Crew Cab 2010,04369.jpg,C:/Users/seanf/Desktop/archive/cars_train/cars_train/04369.jpg,49
168,201,782,604,63,Chevrolet Sonic Sedan 2012,04370.jpg,C:/Users/seanf/Desktop/archive/cars_train/cars_train/04370.jpg,129
103,126,561,414,149,Jeep Compass SUV 2012,04371.jpg,C:/Users/seanf/Desktop/archive/cars_train/cars_train/04371.jpg,102
6,39,257,136,62,Chevrolet Tahoe Hybrid SUV 2012,04372.jpg,C:/Users/seanf/Desktop/archive/cars_train/cars_train/04372.jpg,161
41,197,695,440,91,Dodge Dakota Club Cab 2007,04373.jpg,C:/Users/seanf/Desktop/archive/cars_train/cars_train/04373.jpg,2
12,43,639,426,32,BMW X5 SUV 2007,04374.jpg,C:/Users/seanf/Desktop/archive/cars_train/cars_train/04374.jpg,172
310,167,602,372,37,BMW X3 SUV 2012,04375.jpg,C:/Users/seanf/Desktop/archive/cars_train/cars_train/04375.jpg,75
4,67,259,152,161,Mercedes-Benz 300-Class Convertible 1993,04376.jpg,C:/Users/seanf/Desktop/archive/cars_train/cars_train/04376.jpg,86
17,109,626,438,77,Chrysler Sebring Convertible 2010,04377.jpg,C:/Users/seanf/Desktop/archive/cars_train/cars_train/04377.jpg,122
80,73,706,438,144,Jaguar XK XKR 2012,04378.jpg,C:/Users/seanf/Desktop/archive/cars_train/cars_train/04378.jpg,89
10,13,234,146,12,Audi RS 4 Convertible 2008,04379.jpg,C:/Users/seanf/Desktop/archive/cars_train/cars_train/04379.jpg,125
7,91,463,296,17,Audi 100 Sedan 1994,04380.jpg,C:/Users/seanf/Desktop/archive/cars_train/cars_train/04380.jpg,55
83,129,367,289,76,Chrysler Aspen SUV 2009,04381.jpg,C:/Users/seanf/Desktop/archive/cars_train/cars_train/04381.jpg,99
42,80,727,420,168,Nissan Leaf Hatchback 2012,04382.jpg,C:/Users/seanf/Desktop/archive/cars_train/cars_train/04382.jpg,142
1,6,500,240,159,Mazda Tribute SUV 2011,04383.jpg,C:/Users/seanf/Desktop/archive/cars_train/cars_train/04383.jpg,183
17,55,285,166,175,Rolls-Royce Phantom Drophead Coupe Convertible 2012,04384.jpg,C:/Users/seanf/Desktop/archive/cars_train/cars_train/04384.jpg,72
53,53,569,371,35,BMW M5 Sedan 2010,04385.jpg,C:/Users/seanf/Desktop/archive/cars_train/cars_train/04385.jpg,194
37,38,540,245,10,Aston Martin Virage Convertible 2012,04386.jpg,C:/Users/seanf/Desktop/archive/cars_train/cars_train/04386.jpg,133
35,17,607,437,122,GMC Canyon Extended Cab 2012,04387.jpg,C:/Users/seanf/Desktop/archive/cars_train/cars_train/04387.jpg,57
41,155,619,416,180,Spyker C8 Coupe 2009,04388.jpg,C:/Users/seanf/Desktop/archive/cars_train/cars_train/04388.jpg,26
25,28,377,249,85,Dodge Caravan Minivan 1997,04389.jpg,C:/Users/seanf/Desktop/archive/cars_train/cars_train/04389.jpg,13
69,145,855,581,139,Hyundai Elantra Touring Hatchback 2012,04390.jpg,C:/Users/seanf/Desktop/archive/cars_train/cars_train/04390.jpg,28
129,74,797,451,148,Jeep Grand Cherokee SUV 2012,04391.jpg,C:/Users/seanf/Desktop/archive/cars_train/cars_train/04391.jpg,43
32,49,363,222,5,Acura TSX Sedan 2012,04392.jpg,C:/Users/seanf/Desktop/archive/cars_train/cars_train/04392.jpg,58
139,60,745,465,95,Dodge Durango SUV 2007,04393.jpg,C:/Users/seanf/Desktop/archive/cars_train/cars_train/04393.jpg,193
17,8,611,443,58,Chevrolet Traverse SUV 2012,04394.jpg,C:/Users/seanf/Desktop/archive/cars_train/cars_train/04394.jpg,9
68,184,719,467,102,Ferrari California Convertible 2012,04395.jpg,C:/Users/seanf/Desktop/archive/cars_train/cars_train/04395.jpg,141
59,15,753,465,8,Aston Martin V8 Vantage Convertible 2012,04396.jpg,C:/Users/seanf/Desktop/archive/cars_train/cars_train/04396.jpg,54
23,24,307,203,111,Ford Ranger SuperCab 2011,04397.jpg,C:/Users/seanf/Desktop/archive/cars_train/cars_train/04397.jpg,56
721,172,3678,1982,176,Rolls-Royce Ghost Sedan 2012,04398.jpg,C:/Users/seanf/Desktop/archive/cars_train/cars_train/04398.jpg,106
89,83,219,142,39,Bentley Continental Supersports Conv. Convertible 2012,04399.jpg,C:/Users/seanf/Desktop/archive/cars_train/cars_train/04399.jpg,170
40,104,587,363,129,Honda Accord Sedan 2012,04400.jpg,C:/Users/seanf/Desktop/archive/cars_train/cars_train/04400.jpg,181
221,136,425,226,46,Bugatti Veyron 16.4 Coupe 2009,04401.jpg,C:/Users/seanf/Desktop/archive/cars_train/cars_train/04401.jpg,149
7,88,239,188,100,FIAT 500 Convertible 2012,04402.jpg,C:/Users/seanf/Desktop/archive/cars_train/cars_train/04402.jpg,151
1,58,300,187,160,McLaren MP4-12C Coupe 2012,04403.jpg,C:/Users/seanf/Desktop/archive/cars_train/cars_train/04403.jpg,116
37,42,290,201,146,Jeep Wrangler SUV 2012,04404.jpg,C:/Users/seanf/Desktop/archive/cars_train/cars_train/04404.jpg,173
113,69,500,333,77,Chrysler Sebring Convertible 2010,04405.jpg,C:/Users/seanf/Desktop/archive/cars_train/cars_train/04405.jpg,122
39,231,486,374,151,Lamborghini Aventador Coupe 2012,04406.jpg,C:/Users/seanf/Desktop/archive/cars_train/cars_train/04406.jpg,154
164,265,974,548,57,Chevrolet Corvette Ron Fellows Edition Z06 2007,04407.jpg,C:/Users/seanf/Desktop/archive/cars_train/cars_train/04407.jpg,18
27,135,626,398,75,Chevrolet Silverado 1500 Regular Cab 2012,04408.jpg,C:/Users/seanf/Desktop/archive/cars_train/cars_train/04408.jpg,159
51,97,563,390,79,Chrysler 300 SRT-8 2010,04409.jpg,C:/Users/seanf/Desktop/archive/cars_train/cars_train/04409.jpg,19
47,13,463,327,30,BMW 3 Series Wagon 2012,04410.jpg,C:/Users/seanf/Desktop/archive/cars_train/cars_train/04410.jpg,101
4,70,500,273,160,McLaren MP4-12C Coupe 2012,04411.jpg,C:/Users/seanf/Desktop/archive/cars_train/cars_train/04411.jpg,116
1,22,188,188,158,Maybach Landaulet Convertible 2012,04412.jpg,C:/Users/seanf/Desktop/archive/cars_train/cars_train/04412.jpg,158
33,121,695,430,132,Hyundai Tucson SUV 2012,04413.jpg,C:/Users/seanf/Desktop/archive/cars_train/cars_train/04413.jpg,138
8,48,249,163,65,Chevrolet Avalanche Crew Cab 2012,04414.jpg,C:/Users/seanf/Desktop/archive/cars_train/cars_train/04414.jpg,47
39,51,546,383,154,Land Rover Range Rover SUV 2012,04415.jpg,C:/Users/seanf/Desktop/archive/cars_train/cars_train/04415.jpg,27
60,67,582,398,188,Toyota Corolla Sedan 2012,04416.jpg,C:/Users/seanf/Desktop/archive/cars_train/cars_train/04416.jpg,62
74,13,428,314,178,Scion xD Hatchback 2012,04417.jpg,C:/Users/seanf/Desktop/archive/cars_train/cars_train/04417.jpg,93
56,38,605,415,161,Mercedes-Benz 300-Class Convertible 1993,04418.jpg,C:/Users/seanf/Desktop/archive/cars_train/cars_train/04418.jpg,86
14,59,408,290,117,Ford Fiesta Sedan 2012,04419.jpg,C:/Users/seanf/Desktop/archive/cars_train/cars_train/04419.jpg,168
52,105,432,327,90,Dodge Dakota Crew Cab 2010,04420.jpg,C:/Users/seanf/Desktop/archive/cars_train/cars_train/04420.jpg,48
36,1,1005,767,154,Land Rover Range Rover SUV 2012,04421.jpg,C:/Users/seanf/Desktop/archive/cars_train/cars_train/04421.jpg,27
61,97,967,690,146,Jeep Wrangler SUV 2012,04422.jpg,C:/Users/seanf/Desktop/archive/cars_train/cars_train/04422.jpg,173
29,17,1163,715,162,Mercedes-Benz C-Class Sedan 2012,04423.jpg,C:/Users/seanf/Desktop/archive/cars_train/cars_train/04423.jpg,79
247,284,892,538,134,Hyundai Sonata Hybrid Sedan 2012,04424.jpg,C:/Users/seanf/Desktop/archive/cars_train/cars_train/04424.jpg,3
26,49,289,186,95,Dodge Durango SUV 2007,04425.jpg,C:/Users/seanf/Desktop/archive/cars_train/cars_train/04425.jpg,193
48,13,499,345,142,Infiniti QX56 SUV 2011,04426.jpg,C:/Users/seanf/Desktop/archive/cars_train/cars_train/04426.jpg,35
268,152,794,362,11,Aston Martin Virage Coupe 2012,04427.jpg,C:/Users/seanf/Desktop/archive/cars_train/cars_train/04427.jpg,128
2,49,637,405,14,Audi TTS Coupe 2012,04428.jpg,C:/Users/seanf/Desktop/archive/cars_train/cars_train/04428.jpg,0
108,72,902,412,79,Chrysler 300 SRT-8 2010,04429.jpg,C:/Users/seanf/Desktop/archive/cars_train/cars_train/04429.jpg,19
19,156,619,327,102,Ferrari California Convertible 2012,04430.jpg,C:/Users/seanf/Desktop/archive/cars_train/cars_train/04430.jpg,141
37,408,1552,946,87,Dodge Ram Pickup 3500 Quad Cab 2009,04431.jpg,C:/Users/seanf/Desktop/archive/cars_train/cars_train/04431.jpg,155
114,134,1230,658,188,Toyota Corolla Sedan 2012,04432.jpg,C:/Users/seanf/Desktop/archive/cars_train/cars_train/04432.jpg,62
116,324,733,602,144,Jaguar XK XKR 2012,04433.jpg,C:/Users/seanf/Desktop/archive/cars_train/cars_train/04433.jpg,89
80,138,611,357,33,BMW X6 SUV 2012,04434.jpg,C:/Users/seanf/Desktop/archive/cars_train/cars_train/04434.jpg,187
18,8,620,384,161,Mercedes-Benz 300-Class Convertible 1993,04435.jpg,C:/Users/seanf/Desktop/archive/cars_train/cars_train/04435.jpg,86
76,4,828,600,182,Suzuki Kizashi Sedan 2012,04436.jpg,C:/Users/seanf/Desktop/archive/cars_train/cars_train/04436.jpg,160
75,1,603,434,57,Chevrolet Corvette Ron Fellows Edition Z06 2007,04437.jpg,C:/Users/seanf/Desktop/archive/cars_train/cars_train/04437.jpg,18
135,197,627,436,118,GMC Terrain SUV 2012,04438.jpg,C:/Users/seanf/Desktop/archive/cars_train/cars_train/04438.jpg,179
66,218,959,711,69,Chevrolet Silverado 2500HD Regular Cab 2012,04439.jpg,C:/Users/seanf/Desktop/archive/cars_train/cars_train/04439.jpg,147
26,110,621,435,61,Chevrolet Impala Sedan 2007,04440.jpg,C:/Users/seanf/Desktop/archive/cars_train/cars_train/04440.jpg,77
34,32,872,568,153,Lamborghini Diablo Coupe 2001,04441.jpg,C:/Users/seanf/Desktop/archive/cars_train/cars_train/04441.jpg,143
4,18,293,207,83,Dodge Caliber Wagon 2012,04442.jpg,C:/Users/seanf/Desktop/archive/cars_train/cars_train/04442.jpg,84
50,109,947,521,25,Audi TT RS Coupe 2012,04443.jpg,C:/Users/seanf/Desktop/archive/cars_train/cars_train/04443.jpg,39
75,196,951,915,118,GMC Terrain SUV 2012,04444.jpg,C:/Users/seanf/Desktop/archive/cars_train/cars_train/04444.jpg,179
81,44,449,273,195,Volvo XC90 SUV 2007,04445.jpg,C:/Users/seanf/Desktop/archive/cars_train/cars_train/04445.jpg,131
147,157,741,407,104,Ferrari 458 Italia Coupe 2012,04446.jpg,C:/Users/seanf/Desktop/archive/cars_train/cars_train/04446.jpg,31
5,118,551,293,17,Audi 100 Sedan 1994,04447.jpg,C:/Users/seanf/Desktop/archive/cars_train/cars_train/04447.jpg,55
26,76,205,159,13,Audi A5 Coupe 2012,04448.jpg,C:/Users/seanf/Desktop/archive/cars_train/cars_train/04448.jpg,36
35,134,781,431,43,Bentley Continental GT Coupe 2007,04449.jpg,C:/Users/seanf/Desktop/archive/cars_train/cars_train/04449.jpg,65
9,27,275,157,165,Mercedes-Benz S-Class Sedan 2012,04450.jpg,C:/Users/seanf/Desktop/archive/cars_train/cars_train/04450.jpg,70
61,407,905,647,160,McLaren MP4-12C Coupe 2012,04451.jpg,C:/Users/seanf/Desktop/archive/cars_train/cars_train/04451.jpg,116
35,109,601,346,66,Chevrolet Cobalt SS 2010,04452.jpg,C:/Users/seanf/Desktop/archive/cars_train/cars_train/04452.jpg,29
80,145,443,288,56,Chevrolet Corvette ZR1 2012,04453.jpg,C:/Users/seanf/Desktop/archive/cars_train/cars_train/04453.jpg,94
61,95,571,326,102,Ferrari California Convertible 2012,04454.jpg,C:/Users/seanf/Desktop/archive/cars_train/cars_train/04454.jpg,141
94,385,1399,1071,167,Mitsubishi Lancer Sedan 2012,04455.jpg,C:/Users/seanf/Desktop/archive/cars_train/cars_train/04455.jpg,8
35,123,267,200,15,Audi R8 Coupe 2012,04456.jpg,C:/Users/seanf/Desktop/archive/cars_train/cars_train/04456.jpg,44
1,74,632,429,169,Nissan NV Passenger Van 2012,04457.jpg,C:/Users/seanf/Desktop/archive/cars_train/cars_train/04457.jpg,156
21,94,240,184,48,Buick Rainier SUV 2007,04458.jpg,C:/Users/seanf/Desktop/archive/cars_train/cars_train/04458.jpg,121
46,28,564,370,176,Rolls-Royce Ghost Sedan 2012,04459.jpg,C:/Users/seanf/Desktop/archive/cars_train/cars_train/04459.jpg,106
109,78,1172,787,130,Hyundai Veloster Hatchback 2012,04460.jpg,C:/Users/seanf/Desktop/archive/cars_train/cars_train/04460.jpg,152
20,170,598,359,39,Bentley Continental Supersports Conv. Convertible 2012,04461.jpg,C:/Users/seanf/Desktop/archive/cars_train/cars_train/04461.jpg,170
9,26,617,445,85,Dodge Caravan Minivan 1997,04462.jpg,C:/Users/seanf/Desktop/archive/cars_train/cars_train/04462.jpg,13
90,139,524,395,58,Chevrolet Traverse SUV 2012,04463.jpg,C:/Users/seanf/Desktop/archive/cars_train/cars_train/04463.jpg,9
33,104,725,352,102,Ferrari California Convertible 2012,04464.jpg,C:/Users/seanf/Desktop/archive/cars_train/cars_train/04464.jpg,141
52,43,534,425,177,Rolls-Royce Phantom Sedan 2012,04465.jpg,C:/Users/seanf/Desktop/archive/cars_train/cars_train/04465.jpg,40
17,41,235,146,143,Isuzu Ascender SUV 2008,04466.jpg,C:/Users/seanf/Desktop/archive/cars_train/cars_train/04466.jpg,91
9,50,316,186,88,Dodge Sprinter Cargo Van 2009,04467.jpg,C:/Users/seanf/Desktop/archive/cars_train/cars_train/04467.jpg,81
82,60,445,301,82,Daewoo Nubira Wagon 2002,04468.jpg,C:/Users/seanf/Desktop/archive/cars_train/cars_train/04468.jpg,186
34,55,233,165,31,BMW 6 Series Convertible 2007,04469.jpg,C:/Users/seanf/Desktop/archive/cars_train/cars_train/04469.jpg,145
19,49,283,191,5,Acura TSX Sedan 2012,04470.jpg,C:/Users/seanf/Desktop/archive/cars_train/cars_train/04470.jpg,58
13,493,1944,1395,127,Honda Odyssey Minivan 2007,04471.jpg,C:/Users/seanf/Desktop/archive/cars_train/cars_train/04471.jpg,157
110,159,352,249,31,BMW 6 Series Convertible 2007,04472.jpg,C:/Users/seanf/Desktop/archive/cars_train/cars_train/04472.jpg,145
1,97,1015,696,111,Ford Ranger SuperCab 2011,04473.jpg,C:/Users/seanf/Desktop/archive/cars_train/cars_train/04473.jpg,56
46,30,354,240,139,Hyundai Elantra Touring Hatchback 2012,04474.jpg,C:/Users/seanf/Desktop/archive/cars_train/cars_train/04474.jpg,28
196,159,739,529,25,Audi TT RS Coupe 2012,04475.jpg,C:/Users/seanf/Desktop/archive/cars_train/cars_train/04475.jpg,39
29,72,221,144,57,Chevrolet Corvette Ron Fellows Edition Z06 2007,04476.jpg,C:/Users/seanf/Desktop/archive/cars_train/cars_train/04476.jpg,18
27,134,479,291,93,Dodge Challenger SRT8 2011,04477.jpg,C:/Users/seanf/Desktop/archive/cars_train/cars_train/04477.jpg,117
21,66,251,174,54,Chevrolet Silverado 1500 Hybrid Crew Cab 2012,04478.jpg,C:/Users/seanf/Desktop/archive/cars_train/cars_train/04478.jpg,112
33,58,242,148,189,Toyota 4Runner SUV 2012,04479.jpg,C:/Users/seanf/Desktop/archive/cars_train/cars_train/04479.jpg,120
199,329,1349,829,24,Audi S4 Sedan 2007,04480.jpg,C:/Users/seanf/Desktop/archive/cars_train/cars_train/04480.jpg,105
33,73,545,377,125,HUMMER H2 SUT Crew Cab 2009,04481.jpg,C:/Users/seanf/Desktop/archive/cars_train/cars_train/04481.jpg,115
22,88,479,312,4,Acura TL Type-S 2008,04482.jpg,C:/Users/seanf/Desktop/archive/cars_train/cars_train/04482.jpg,174
136,2,760,379,119,GMC Savana Van 2012,04483.jpg,C:/Users/seanf/Desktop/archive/cars_train/cars_train/04483.jpg,38
35,79,271,185,5,Acura TSX Sedan 2012,04484.jpg,C:/Users/seanf/Desktop/archive/cars_train/cars_train/04484.jpg,58
21,39,268,156,97,Dodge Charger SRT-8 2009,04485.jpg,C:/Users/seanf/Desktop/archive/cars_train/cars_train/04485.jpg,33
60,166,614,425,2,Acura RL Sedan 2012,04486.jpg,C:/Users/seanf/Desktop/archive/cars_train/cars_train/04486.jpg,191
20,95,615,450,38,BMW Z4 Convertible 2012,04487.jpg,C:/Users/seanf/Desktop/archive/cars_train/cars_train/04487.jpg,32
29,53,284,194,175,Rolls-Royce Phantom Drophead Coupe Convertible 2012,04488.jpg,C:/Users/seanf/Desktop/archive/cars_train/cars_train/04488.jpg,72
26,109,611,384,82,Daewoo Nubira Wagon 2002,04489.jpg,C:/Users/seanf/Desktop/archive/cars_train/cars_train/04489.jpg,186
20,69,629,402,173,Porsche Panamera Sedan 2012,04490.jpg,C:/Users/seanf/Desktop/archive/cars_train/cars_train/04490.jpg,41
81,58,1550,1069,140,Hyundai Azera Sedan 2012,04491.jpg,C:/Users/seanf/Desktop/archive/cars_train/cars_train/04491.jpg,98
13,76,488,283,141,Infiniti G Coupe IPL 2012,04492.jpg,C:/Users/seanf/Desktop/archive/cars_train/cars_train/04492.jpg,136
18,27,332,206,8,Aston Martin V8 Vantage Convertible 2012,04493.jpg,C:/Users/seanf/Desktop/archive/cars_train/cars_train/04493.jpg,54
128,115,506,358,9,Aston Martin V8 Vantage Coupe 2012,04494.jpg,C:/Users/seanf/Desktop/archive/cars_train/cars_train/04494.jpg,165
39,74,233,180,8,Aston Martin V8 Vantage Convertible 2012,04495.jpg,C:/Users/seanf/Desktop/archive/cars_train/cars_train/04495.jpg,54
154,313,949,513,112,Ford GT Coupe 2006,04496.jpg,C:/Users/seanf/Desktop/archive/cars_train/cars_train/04496.jpg,73
63,105,396,353,12,Audi RS 4 Convertible 2008,04497.jpg,C:/Users/seanf/Desktop/archive/cars_train/cars_train/04497.jpg,125
134,41,553,300,178,Scion xD Hatchback 2012,04498.jpg,C:/Users/seanf/Desktop/archive/cars_train/cars_train/04498.jpg,93
141,47,500,218,132,Hyundai Tucson SUV 2012,04499.jpg,C:/Users/seanf/Desktop/archive/cars_train/cars_train/04499.jpg,138
35,124,211,179,29,BMW 3 Series Sedan 2012,04500.jpg,C:/Users/seanf/Desktop/archive/cars_train/cars_train/04500.jpg,59
29,24,467,335,186,Toyota Sequoia SUV 2012,04501.jpg,C:/Users/seanf/Desktop/archive/cars_train/cars_train/04501.jpg,11
29,68,494,279,66,Chevrolet Cobalt SS 2010,04502.jpg,C:/Users/seanf/Desktop/archive/cars_train/cars_train/04502.jpg,29
26,31,381,251,130,Hyundai Veloster Hatchback 2012,04503.jpg,C:/Users/seanf/Desktop/archive/cars_train/cars_train/04503.jpg,152
31,113,411,295,122,GMC Canyon Extended Cab 2012,04504.jpg,C:/Users/seanf/Desktop/archive/cars_train/cars_train/04504.jpg,57
10,4,348,165,28,BMW 1 Series Coupe 2012,04505.jpg,C:/Users/seanf/Desktop/archive/cars_train/cars_train/04505.jpg,88
478,286,1534,979,63,Chevrolet Sonic Sedan 2012,04506.jpg,C:/Users/seanf/Desktop/archive/cars_train/cars_train/04506.jpg,129
2,40,300,151,115,Ford Focus Sedan 2007,04507.jpg,C:/Users/seanf/Desktop/archive/cars_train/cars_train/04507.jpg,169
187,132,453,346,135,Hyundai Elantra Sedan 2007,04508.jpg,C:/Users/seanf/Desktop/archive/cars_train/cars_train/04508.jpg,12
105,52,356,210,9,Aston Martin V8 Vantage Coupe 2012,04509.jpg,C:/Users/seanf/Desktop/archive/cars_train/cars_train/04509.jpg,165
107,109,444,255,9,Aston Martin V8 Vantage Coupe 2012,04510.jpg,C:/Users/seanf/Desktop/archive/cars_train/cars_train/04510.jpg,165
107,261,893,610,4,Acura TL Type-S 2008,04511.jpg,C:/Users/seanf/Desktop/archive/cars_train/cars_train/04511.jpg,174
23,91,620,373,77,Chrysler Sebring Convertible 2010,04512.jpg,C:/Users/seanf/Desktop/archive/cars_train/cars_train/04512.jpg,122
21,31,382,228,110,Ford Edge SUV 2012,04513.jpg,C:/Users/seanf/Desktop/archive/cars_train/cars_train/04513.jpg,64
65,111,402,396,191,Volkswagen Golf Hatchback 1991,04514.jpg,C:/Users/seanf/Desktop/archive/cars_train/cars_train/04514.jpg,37
6,42,493,296,154,Land Rover Range Rover SUV 2012,04515.jpg,C:/Users/seanf/Desktop/archive/cars_train/cars_train/04515.jpg,27
257,42,585,223,159,Mazda Tribute SUV 2011,04516.jpg,C:/Users/seanf/Desktop/archive/cars_train/cars_train/04516.jpg,183
4,80,247,156,152,Lamborghini Gallardo LP 570-4 Superleggera 2012,04517.jpg,C:/Users/seanf/Desktop/archive/cars_train/cars_train/04517.jpg,176
42,85,379,291,121,GMC Acadia SUV 2012,04518.jpg,C:/Users/seanf/Desktop/archive/cars_train/cars_train/04518.jpg,82
42,39,254,143,39,Bentley Continental Supersports Conv. Convertible 2012,04519.jpg,C:/Users/seanf/Desktop/archive/cars_train/cars_train/04519.jpg,170
78,24,621,265,126,Honda Odyssey Minivan 2012,04520.jpg,C:/Users/seanf/Desktop/archive/cars_train/cars_train/04520.jpg,60
217,565,1366,979,112,Ford GT Coupe 2006,04521.jpg,C:/Users/seanf/Desktop/archive/cars_train/cars_train/04521.jpg,73
33,81,580,333,97,Dodge Charger SRT-8 2009,04522.jpg,C:/Users/seanf/Desktop/archive/cars_train/cars_train/04522.jpg,33
49,45,597,338,104,Ferrari 458 Italia Coupe 2012,04523.jpg,C:/Users/seanf/Desktop/archive/cars_train/cars_train/04523.jpg,31
24,64,278,223,142,Infiniti QX56 SUV 2011,04524.jpg,C:/Users/seanf/Desktop/archive/cars_train/cars_train/04524.jpg,35
2,5,395,198,82,Daewoo Nubira Wagon 2002,04525.jpg,C:/Users/seanf/Desktop/archive/cars_train/cars_train/04525.jpg,186
103,74,937,557,191,Volkswagen Golf Hatchback 1991,04526.jpg,C:/Users/seanf/Desktop/archive/cars_train/cars_train/04526.jpg,37
232,295,947,636,37,BMW X3 SUV 2012,04527.jpg,C:/Users/seanf/Desktop/archive/cars_train/cars_train/04527.jpg,75
14,27,391,171,98,Eagle Talon Hatchback 1998,04528.jpg,C:/Users/seanf/Desktop/archive/cars_train/cars_train/04528.jpg,185
17,66,632,363,165,Mercedes-Benz S-Class Sedan 2012,04529.jpg,C:/Users/seanf/Desktop/archive/cars_train/cars_train/04529.jpg,70
4,23,393,268,139,Hyundai Elantra Touring Hatchback 2012,04530.jpg,C:/Users/seanf/Desktop/archive/cars_train/cars_train/04530.jpg,28
27,103,753,361,43,Bentley Continental GT Coupe 2007,04531.jpg,C:/Users/seanf/Desktop/archive/cars_train/cars_train/04531.jpg,65
99,176,536,376,142,Infiniti QX56 SUV 2011,04532.jpg,C:/Users/seanf/Desktop/archive/cars_train/cars_train/04532.jpg,35
51,377,971,644,12,Audi RS 4 Convertible 2008,04533.jpg,C:/Users/seanf/Desktop/archive/cars_train/cars_train/04533.jpg,125
27,73,555,330,195,Volvo XC90 SUV 2007,04534.jpg,C:/Users/seanf/Desktop/archive/cars_train/cars_train/04534.jpg,131
21,46,602,370,135,Hyundai Elantra Sedan 2007,04535.jpg,C:/Users/seanf/Desktop/archive/cars_train/cars_train/04535.jpg,12
111,77,439,332,117,Ford Fiesta Sedan 2012,04536.jpg,C:/Users/seanf/Desktop/archive/cars_train/cars_train/04536.jpg,168
160,203,1363,810,14,Audi TTS Coupe 2012,04537.jpg,C:/Users/seanf/Desktop/archive/cars_train/cars_train/04537.jpg,0
28,165,1005,551,194,Volvo 240 Sedan 1993,04538.jpg,C:/Users/seanf/Desktop/archive/cars_train/cars_train/04538.jpg,23
18,118,325,221,72,Chevrolet Monte Carlo Coupe 2007,04539.jpg,C:/Users/seanf/Desktop/archive/cars_train/cars_train/04539.jpg,130
307,278,1279,892,144,Jaguar XK XKR 2012,04540.jpg,C:/Users/seanf/Desktop/archive/cars_train/cars_train/04540.jpg,89
182,124,477,325,96,Dodge Charger Sedan 2012,04541.jpg,C:/Users/seanf/Desktop/archive/cars_train/cars_train/04541.jpg,7
10,48,483,295,171,Nissan 240SX Coupe 1998,04542.jpg,C:/Users/seanf/Desktop/archive/cars_train/cars_train/04542.jpg,92
456,363,1433,905,96,Dodge Charger Sedan 2012,04543.jpg,C:/Users/seanf/Desktop/archive/cars_train/cars_train/04543.jpg,7
18,18,328,190,1,AM General Hummer SUV 2000,04544.jpg,C:/Users/seanf/Desktop/archive/cars_train/cars_train/04544.jpg,107
95,98,1132,589,102,Ferrari California Convertible 2012,04545.jpg,C:/Users/seanf/Desktop/archive/cars_train/cars_train/04545.jpg,141
369,251,945,529,192,Volkswagen Beetle Hatchback 2012,04546.jpg,C:/Users/seanf/Desktop/archive/cars_train/cars_train/04546.jpg,17
28,67,240,233,30,BMW 3 Series Wagon 2012,04547.jpg,C:/Users/seanf/Desktop/archive/cars_train/cars_train/04547.jpg,101
68,66,264,174,27,BMW 1 Series Convertible 2012,04548.jpg,C:/Users/seanf/Desktop/archive/cars_train/cars_train/04548.jpg,192
37,143,559,309,17,Audi 100 Sedan 1994,04549.jpg,C:/Users/seanf/Desktop/archive/cars_train/cars_train/04549.jpg,55
15,85,289,190,51,Cadillac CTS-V Sedan 2012,04550.jpg,C:/Users/seanf/Desktop/archive/cars_train/cars_train/04550.jpg,74
27,19,727,298,28,BMW 1 Series Coupe 2012,04551.jpg,C:/Users/seanf/Desktop/archive/cars_train/cars_train/04551.jpg,88
57,114,432,291,10,Aston Martin Virage Convertible 2012,04552.jpg,C:/Users/seanf/Desktop/archive/cars_train/cars_train/04552.jpg,133
40,226,768,490,48,Buick Rainier SUV 2007,04553.jpg,C:/Users/seanf/Desktop/archive/cars_train/cars_train/04553.jpg,121
61,158,535,350,155,Land Rover LR2 SUV 2012,04554.jpg,C:/Users/seanf/Desktop/archive/cars_train/cars_train/04554.jpg,97
50,74,606,360,187,Toyota Camry Sedan 2012,04555.jpg,C:/Users/seanf/Desktop/archive/cars_train/cars_train/04555.jpg,53
25,48,252,178,48,Buick Rainier SUV 2007,04556.jpg,C:/Users/seanf/Desktop/archive/cars_train/cars_train/04556.jpg,121
23,50,583,381,142,Infiniti QX56 SUV 2011,04557.jpg,C:/Users/seanf/Desktop/archive/cars_train/cars_train/04557.jpg,35
39,130,661,454,119,GMC Savana Van 2012,04558.jpg,C:/Users/seanf/Desktop/archive/cars_train/cars_train/04558.jpg,38
235,36,678,298,119,GMC Savana Van 2012,04559.jpg,C:/Users/seanf/Desktop/archive/cars_train/cars_train/04559.jpg,38
33,65,453,303,59,Chevrolet Camaro Convertible 2012,04560.jpg,C:/Users/seanf/Desktop/archive/cars_train/cars_train/04560.jpg,63
9,64,295,165,129,Honda Accord Sedan 2012,04561.jpg,C:/Users/seanf/Desktop/archive/cars_train/cars_train/04561.jpg,181
5,10,497,335,180,Spyker C8 Coupe 2009,04562.jpg,C:/Users/seanf/Desktop/archive/cars_train/cars_train/04562.jpg,26
47,62,390,249,125,HUMMER H2 SUT Crew Cab 2009,04563.jpg,C:/Users/seanf/Desktop/archive/cars_train/cars_train/04563.jpg,115
47,38,355,227,118,GMC Terrain SUV 2012,04564.jpg,C:/Users/seanf/Desktop/archive/cars_train/cars_train/04564.jpg,179
17,167,781,430,66,Chevrolet Cobalt SS 2010,04565.jpg,C:/Users/seanf/Desktop/archive/cars_train/cars_train/04565.jpg,29
5,54,248,166,54,Chevrolet Silverado 1500 Hybrid Crew Cab 2012,04566.jpg,C:/Users/seanf/Desktop/archive/cars_train/cars_train/04566.jpg,112
14,27,590,208,18,Audi 100 Wagon 1994,04567.jpg,C:/Users/seanf/Desktop/archive/cars_train/cars_train/04567.jpg,66
1,7,300,170,177,Rolls-Royce Phantom Sedan 2012,04568.jpg,C:/Users/seanf/Desktop/archive/cars_train/cars_train/04568.jpg,40
189,216,488,374,177,Rolls-Royce Phantom Sedan 2012,04569.jpg,C:/Users/seanf/Desktop/archive/cars_train/cars_train/04569.jpg,40
200,150,901,515,167,Mitsubishi Lancer Sedan 2012,04570.jpg,C:/Users/seanf/Desktop/archive/cars_train/cars_train/04570.jpg,8
28,71,411,278,117,Ford Fiesta Sedan 2012,04571.jpg,C:/Users/seanf/Desktop/archive/cars_train/cars_train/04571.jpg,168
3,122,550,333,82,Daewoo Nubira Wagon 2002,04572.jpg,C:/Users/seanf/Desktop/archive/cars_train/cars_train/04572.jpg,186
24,85,341,252,186,Toyota Sequoia SUV 2012,04573.jpg,C:/Users/seanf/Desktop/archive/cars_train/cars_train/04573.jpg,11
32,117,356,231,122,GMC Canyon Extended Cab 2012,04574.jpg,C:/Users/seanf/Desktop/archive/cars_train/cars_train/04574.jpg,57
7,227,545,409,105,Fisker Karma Sedan 2012,04575.jpg,C:/Users/seanf/Desktop/archive/cars_train/cars_train/04575.jpg,34
4,38,191,133,39,Bentley Continental Supersports Conv. Convertible 2012,04576.jpg,C:/Users/seanf/Desktop/archive/cars_train/cars_train/04576.jpg,170
33,141,606,333,179,Spyker C8 Convertible 2009,04577.jpg,C:/Users/seanf/Desktop/archive/cars_train/cars_train/04577.jpg,104
21,18,492,316,1,AM General Hummer SUV 2000,04578.jpg,C:/Users/seanf/Desktop/archive/cars_train/cars_train/04578.jpg,107
31,43,274,184,127,Honda Odyssey Minivan 2007,04579.jpg,C:/Users/seanf/Desktop/archive/cars_train/cars_train/04579.jpg,157
21,34,482,285,24,Audi S4 Sedan 2007,04580.jpg,C:/Users/seanf/Desktop/archive/cars_train/cars_train/04580.jpg,105
298,331,1411,883,20,Audi S6 Sedan 2011,04581.jpg,C:/Users/seanf/Desktop/archive/cars_train/cars_train/04581.jpg,69
400,125,760,422,183,Suzuki SX4 Hatchback 2012,04582.jpg,C:/Users/seanf/Desktop/archive/cars_train/cars_train/04582.jpg,118
6,117,606,406,185,Tesla Model S Sedan 2012,04583.jpg,C:/Users/seanf/Desktop/archive/cars_train/cars_train/04583.jpg,150
49,59,581,364,31,BMW 6 Series Convertible 2007,04584.jpg,C:/Users/seanf/Desktop/archive/cars_train/cars_train/04584.jpg,145
55,355,1333,1135,113,Ford F-150 Regular Cab 2012,04585.jpg,C:/Users/seanf/Desktop/archive/cars_train/cars_train/04585.jpg,167
19,74,490,341,115,Ford Focus Sedan 2007,04586.jpg,C:/Users/seanf/Desktop/archive/cars_train/cars_train/04586.jpg,169
537,329,1214,955,183,Suzuki SX4 Hatchback 2012,04587.jpg,C:/Users/seanf/Desktop/archive/cars_train/cars_train/04587.jpg,118
15,9,468,408,3,Acura TL Sedan 2012,04588.jpg,C:/Users/seanf/Desktop/archive/cars_train/cars_train/04588.jpg,1
21,101,618,386,61,Chevrolet Impala Sedan 2007,04589.jpg,C:/Users/seanf/Desktop/archive/cars_train/cars_train/04589.jpg,77
83,67,181,114,62,Chevrolet Tahoe Hybrid SUV 2012,04590.jpg,C:/Users/seanf/Desktop/archive/cars_train/cars_train/04590.jpg,161
57,44,446,323,67,Chevrolet Malibu Hybrid Sedan 2010,04591.jpg,C:/Users/seanf/Desktop/archive/cars_train/cars_train/04591.jpg,166
148,65,884,530,93,Dodge Challenger SRT8 2011,04592.jpg,C:/Users/seanf/Desktop/archive/cars_train/cars_train/04592.jpg,117
128,139,503,300,137,Hyundai Genesis Sedan 2012,04593.jpg,C:/Users/seanf/Desktop/archive/cars_train/cars_train/04593.jpg,83
87,99,603,381,34,BMW M3 Coupe 2012,04594.jpg,C:/Users/seanf/Desktop/archive/cars_train/cars_train/04594.jpg,184
33,8,210,100,14,Audi TTS Coupe 2012,04595.jpg,C:/Users/seanf/Desktop/archive/cars_train/cars_train/04595.jpg,0
70,96,418,316,66,Chevrolet Cobalt SS 2010,04596.jpg,C:/Users/seanf/Desktop/archive/cars_train/cars_train/04596.jpg,29
22,177,960,618,106,Ford F-450 Super Duty Crew Cab 2012,04597.jpg,C:/Users/seanf/Desktop/archive/cars_train/cars_train/04597.jpg,4
46,79,523,338,90,Dodge Dakota Crew Cab 2010,04598.jpg,C:/Users/seanf/Desktop/archive/cars_train/cars_train/04598.jpg,48
57,108,441,244,130,Hyundai Veloster Hatchback 2012,04599.jpg,C:/Users/seanf/Desktop/archive/cars_train/cars_train/04599.jpg,152
17,47,241,158,190,Volkswagen Golf Hatchback 2012,04600.jpg,C:/Users/seanf/Desktop/archive/cars_train/cars_train/04600.jpg,51
96,68,733,497,21,Audi S5 Convertible 2012,04601.jpg,C:/Users/seanf/Desktop/archive/cars_train/cars_train/04601.jpg,144
20,141,635,401,81,Chrysler PT Cruiser Convertible 2008,04602.jpg,C:/Users/seanf/Desktop/archive/cars_train/cars_train/04602.jpg,182
103,69,535,441,166,Mercedes-Benz Sprinter Van 2012,04603.jpg,C:/Users/seanf/Desktop/archive/cars_train/cars_train/04603.jpg,162
32,74,617,407,130,Hyundai Veloster Hatchback 2012,04604.jpg,C:/Users/seanf/Desktop/archive/cars_train/cars_train/04604.jpg,152
24,117,618,366,129,Honda Accord Sedan 2012,04605.jpg,C:/Users/seanf/Desktop/archive/cars_train/cars_train/04605.jpg,181
162,216,871,556,66,Chevrolet Cobalt SS 2010,04606.jpg,C:/Users/seanf/Desktop/archive/cars_train/cars_train/04606.jpg,29
29,66,463,307,106,Ford F-450 Super Duty Crew Cab 2012,04607.jpg,C:/Users/seanf/Desktop/archive/cars_train/cars_train/04607.jpg,4
4,60,519,283,7,Acura ZDX Hatchback 2012,04608.jpg,C:/Users/seanf/Desktop/archive/cars_train/cars_train/04608.jpg,139
117,134,789,538,161,Mercedes-Benz 300-Class Convertible 1993,04609.jpg,C:/Users/seanf/Desktop/archive/cars_train/cars_train/04609.jpg,86
15,43,271,198,70,Chevrolet Silverado 1500 Classic Extended Cab 2007,04610.jpg,C:/Users/seanf/Desktop/archive/cars_train/cars_train/04610.jpg,171
595,348,1554,659,11,Aston Martin Virage Coupe 2012,04611.jpg,C:/Users/seanf/Desktop/archive/cars_train/cars_train/04611.jpg,128
49,36,227,130,105,Fisker Karma Sedan 2012,04612.jpg,C:/Users/seanf/Desktop/archive/cars_train/cars_train/04612.jpg,34
76,153,477,362,42,Bentley Continental GT Coupe 2012,04613.jpg,C:/Users/seanf/Desktop/archive/cars_train/cars_train/04613.jpg,42
15,84,457,271,195,Volvo XC90 SUV 2007,04614.jpg,C:/Users/seanf/Desktop/archive/cars_train/cars_train/04614.jpg,131
345,152,634,400,94,Dodge Durango SUV 2012,04615.jpg,C:/Users/seanf/Desktop/archive/cars_train/cars_train/04615.jpg,61
45,247,864,642,92,Dodge Magnum Wagon 2008,04616.jpg,C:/Users/seanf/Desktop/archive/cars_train/cars_train/04616.jpg,180
163,135,1378,880,112,Ford GT Coupe 2006,04617.jpg,C:/Users/seanf/Desktop/archive/cars_train/cars_train/04617.jpg,73
4,42,416,345,114,Ford F-150 Regular Cab 2007,04618.jpg,C:/Users/seanf/Desktop/archive/cars_train/cars_train/04618.jpg,50
9,40,255,163,51,Cadillac CTS-V Sedan 2012,04619.jpg,C:/Users/seanf/Desktop/archive/cars_train/cars_train/04619.jpg,74
30,183,503,383,81,Chrysler PT Cruiser Convertible 2008,04620.jpg,C:/Users/seanf/Desktop/archive/cars_train/cars_train/04620.jpg,182
93,239,907,661,138,Hyundai Sonata Sedan 2012,04621.jpg,C:/Users/seanf/Desktop/archive/cars_train/cars_train/04621.jpg,71
22,74,477,275,74,Chevrolet Silverado 1500 Extended Cab 2012,04622.jpg,C:/Users/seanf/Desktop/archive/cars_train/cars_train/04622.jpg,78
75,57,378,178,156,Lincoln Town Car Sedan 2011,04623.jpg,C:/Users/seanf/Desktop/archive/cars_train/cars_train/04623.jpg,153
23,20,275,185,71,Chevrolet Express Van 2007,04624.jpg,C:/Users/seanf/Desktop/archive/cars_train/cars_train/04624.jpg,76
7,28,249,180,70,Chevrolet Silverado 1500 Classic Extended Cab 2007,04625.jpg,C:/Users/seanf/Desktop/archive/cars_train/cars_train/04625.jpg,171
4,49,628,329,67,Chevrolet Malibu Hybrid Sedan 2010,04626.jpg,C:/Users/seanf/Desktop/archive/cars_train/cars_train/04626.jpg,166
73,146,566,344,152,Lamborghini Gallardo LP 570-4 Superleggera 2012,04627.jpg,C:/Users/seanf/Desktop/archive/cars_train/cars_train/04627.jpg,176
263,278,939,561,173,Porsche Panamera Sedan 2012,04628.jpg,C:/Users/seanf/Desktop/archive/cars_train/cars_train/04628.jpg,41
17,148,692,376,66,Chevrolet Cobalt SS 2010,04629.jpg,C:/Users/seanf/Desktop/archive/cars_train/cars_train/04629.jpg,29
86,178,462,315,34,BMW M3 Coupe 2012,04630.jpg,C:/Users/seanf/Desktop/archive/cars_train/cars_train/04630.jpg,184
68,138,591,469,7,Acura ZDX Hatchback 2012,04631.jpg,C:/Users/seanf/Desktop/archive/cars_train/cars_train/04631.jpg,139
10,30,367,191,181,Suzuki Aerio Sedan 2007,04632.jpg,C:/Users/seanf/Desktop/archive/cars_train/cars_train/04632.jpg,163
7,17,277,166,136,Hyundai Accent Sedan 2012,04633.jpg,C:/Users/seanf/Desktop/archive/cars_train/cars_train/04633.jpg,90
25,55,291,187,103,Ferrari 458 Italia Convertible 2012,04634.jpg,C:/Users/seanf/Desktop/archive/cars_train/cars_train/04634.jpg,146
66,106,429,292,178,Scion xD Hatchback 2012,04635.jpg,C:/Users/seanf/Desktop/archive/cars_train/cars_train/04635.jpg,93
28,66,279,208,162,Mercedes-Benz C-Class Sedan 2012,04636.jpg,C:/Users/seanf/Desktop/archive/cars_train/cars_train/04636.jpg,79
18,69,582,392,184,Suzuki SX4 Sedan 2012,04637.jpg,C:/Users/seanf/Desktop/archive/cars_train/cars_train/04637.jpg,24
16,241,997,589,75,Chevrolet Silverado 1500 Regular Cab 2012,04638.jpg,C:/Users/seanf/Desktop/archive/cars_train/cars_train/04638.jpg,159
24,90,246,188,17,Audi 100 Sedan 1994,04639.jpg,C:/Users/seanf/Desktop/archive/cars_train/cars_train/04639.jpg,55
11,27,250,164,190,Volkswagen Golf Hatchback 2012,04640.jpg,C:/Users/seanf/Desktop/archive/cars_train/cars_train/04640.jpg,51
11,55,495,364,186,Toyota Sequoia SUV 2012,04641.jpg,C:/Users/seanf/Desktop/archive/cars_train/cars_train/04641.jpg,11
41,35,606,269,50,Buick Enclave SUV 2012,04642.jpg,C:/Users/seanf/Desktop/archive/cars_train/cars_train/04642.jpg,113
14,26,467,351,81,Chrysler PT Cruiser Convertible 2008,04643.jpg,C:/Users/seanf/Desktop/archive/cars_train/cars_train/04643.jpg,182
46,107,580,374,27,BMW 1 Series Convertible 2012,04644.jpg,C:/Users/seanf/Desktop/archive/cars_train/cars_train/04644.jpg,192
167,113,548,378,168,Nissan Leaf Hatchback 2012,04645.jpg,C:/Users/seanf/Desktop/archive/cars_train/cars_train/04645.jpg,142
105,125,1135,688,150,Lamborghini Reventon Coupe 2008,04646.jpg,C:/Users/seanf/Desktop/archive/cars_train/cars_train/04646.jpg,188
329,72,823,341,119,GMC Savana Van 2012,04647.jpg,C:/Users/seanf/Desktop/archive/cars_train/cars_train/04647.jpg,38
31,164,608,373,114,Ford F-150 Regular Cab 2007,04648.jpg,C:/Users/seanf/Desktop/archive/cars_train/cars_train/04648.jpg,50
119,114,533,407,172,Plymouth Neon Coupe 1999,04649.jpg,C:/Users/seanf/Desktop/archive/cars_train/cars_train/04649.jpg,15
11,59,253,138,22,Audi S5 Coupe 2012,04650.jpg,C:/Users/seanf/Desktop/archive/cars_train/cars_train/04650.jpg,164
26,118,1009,541,5,Acura TSX Sedan 2012,04651.jpg,C:/Users/seanf/Desktop/archive/cars_train/cars_train/04651.jpg,58
48,135,543,383,11,Aston Martin Virage Coupe 2012,04652.jpg,C:/Users/seanf/Desktop/archive/cars_train/cars_train/04652.jpg,128
13,8,255,169,65,Chevrolet Avalanche Crew Cab 2012,04653.jpg,C:/Users/seanf/Desktop/archive/cars_train/cars_train/04653.jpg,47
236,36,1680,1078,147,Jeep Liberty SUV 2012,04654.jpg,C:/Users/seanf/Desktop/archive/cars_train/cars_train/04654.jpg,85
9,11,824,489,184,Suzuki SX4 Sedan 2012,04655.jpg,C:/Users/seanf/Desktop/archive/cars_train/cars_train/04655.jpg,24
4,23,280,220,146,Jeep Wrangler SUV 2012,04656.jpg,C:/Users/seanf/Desktop/archive/cars_train/cars_train/04656.jpg,173
28,21,286,178,65,Chevrolet Avalanche Crew Cab 2012,04657.jpg,C:/Users/seanf/Desktop/archive/cars_train/cars_train/04657.jpg,47
173,80,1129,772,47,Buick Regal GS 2012,04658.jpg,C:/Users/seanf/Desktop/archive/cars_train/cars_train/04658.jpg,100
134,102,488,255,169,Nissan NV Passenger Van 2012,04659.jpg,C:/Users/seanf/Desktop/archive/cars_train/cars_train/04659.jpg,156
243,197,889,654,164,Mercedes-Benz E-Class Sedan 2012,04660.jpg,C:/Users/seanf/Desktop/archive/cars_train/cars_train/04660.jpg,177
72,303,846,636,191,Volkswagen Golf Hatchback 1991,04661.jpg,C:/Users/seanf/Desktop/archive/cars_train/cars_train/04661.jpg,37
12,65,468,278,128,Honda Accord Coupe 2012,04662.jpg,C:/Users/seanf/Desktop/archive/cars_train/cars_train/04662.jpg,126
105,447,1309,1019,170,Nissan Juke Hatchback 2012,04663.jpg,C:/Users/seanf/Desktop/archive/cars_train/cars_train/04663.jpg,22
5,30,314,212,100,FIAT 500 Convertible 2012,04664.jpg,C:/Users/seanf/Desktop/archive/cars_train/cars_train/04664.jpg,151
135,86,463,300,176,Rolls-Royce Ghost Sedan 2012,04665.jpg,C:/Users/seanf/Desktop/archive/cars_train/cars_train/04665.jpg,106
10,37,284,157,118,GMC Terrain SUV 2012,04666.jpg,C:/Users/seanf/Desktop/archive/cars_train/cars_train/04666.jpg,179
3,9,91,59,123,Geo Metro Convertible 1993,04667.jpg,C:/Users/seanf/Desktop/archive/cars_train/cars_train/04667.jpg,5
6,25,257,175,53,Cadillac Escalade EXT Crew Cab 2007,04668.jpg,C:/Users/seanf/Desktop/archive/cars_train/cars_train/04668.jpg,45
61,98,458,376,1,AM General Hummer SUV 2000,04669.jpg,C:/Users/seanf/Desktop/archive/cars_train/cars_train/04669.jpg,107
39,72,701,461,108,Ford Freestar Minivan 2007,04670.jpg,C:/Users/seanf/Desktop/archive/cars_train/cars_train/04670.jpg,108
241,244,1408,928,14,Audi TTS Coupe 2012,04671.jpg,C:/Users/seanf/Desktop/archive/cars_train/cars_train/04671.jpg,0
39,229,744,715,148,Jeep Grand Cherokee SUV 2012,04672.jpg,C:/Users/seanf/Desktop/archive/cars_train/cars_train/04672.jpg,43
25,120,623,367,25,Audi TT RS Coupe 2012,04673.jpg,C:/Users/seanf/Desktop/archive/cars_train/cars_train/04673.jpg,39
40,52,539,343,157,MINI Cooper Roadster Convertible 2012,04674.jpg,C:/Users/seanf/Desktop/archive/cars_train/cars_train/04674.jpg,190
35,47,464,228,163,Mercedes-Benz SL-Class Coupe 2009,04675.jpg,C:/Users/seanf/Desktop/archive/cars_train/cars_train/04675.jpg,111
26,66,559,286,22,Audi S5 Coupe 2012,04676.jpg,C:/Users/seanf/Desktop/archive/cars_train/cars_train/04676.jpg,164
84,184,1279,875,107,Ford Mustang Convertible 2007,04677.jpg,C:/Users/seanf/Desktop/archive/cars_train/cars_train/04677.jpg,132
29,107,800,525,70,Chevrolet Silverado 1500 Classic Extended Cab 2007,04678.jpg,C:/Users/seanf/Desktop/archive/cars_train/cars_train/04678.jpg,171
41,104,455,264,49,Buick Verano Sedan 2012,04679.jpg,C:/Users/seanf/Desktop/archive/cars_train/cars_train/04679.jpg,10
21,41,238,135,143,Isuzu Ascender SUV 2008,04680.jpg,C:/Users/seanf/Desktop/archive/cars_train/cars_train/04680.jpg,91
121,194,570,475,48,Buick Rainier SUV 2007,04681.jpg,C:/Users/seanf/Desktop/archive/cars_train/cars_train/04681.jpg,121
14,108,629,386,138,Hyundai Sonata Sedan 2012,04682.jpg,C:/Users/seanf/Desktop/archive/cars_train/cars_train/04682.jpg,71
154,71,831,587,140,Hyundai Azera Sedan 2012,04683.jpg,C:/Users/seanf/Desktop/archive/cars_train/cars_train/04683.jpg,98
289,325,925,711,131,Hyundai Santa Fe SUV 2012,04684.jpg,C:/Users/seanf/Desktop/archive/cars_train/cars_train/04684.jpg,80
41,32,220,159,72,Chevrolet Monte Carlo Coupe 2007,04685.jpg,C:/Users/seanf/Desktop/archive/cars_train/cars_train/04685.jpg,130
10,137,306,289,152,Lamborghini Gallardo LP 570-4 Superleggera 2012,04686.jpg,C:/Users/seanf/Desktop/archive/cars_train/cars_train/04686.jpg,176
18,145,540,296,103,Ferrari 458 Italia Convertible 2012,04687.jpg,C:/Users/seanf/Desktop/archive/cars_train/cars_train/04687.jpg,146
150,55,488,367,76,Chrysler Aspen SUV 2009,04688.jpg,C:/Users/seanf/Desktop/archive/cars_train/cars_train/04688.jpg,99
278,284,917,539,21,Audi S5 Convertible 2012,04689.jpg,C:/Users/seanf/Desktop/archive/cars_train/cars_train/04689.jpg,144
50,66,426,272,41,Bentley Mulsanne Sedan 2011,04690.jpg,C:/Users/seanf/Desktop/archive/cars_train/cars_train/04690.jpg,109
38,201,761,452,6,Acura Integra Type R 2001,04691.jpg,C:/Users/seanf/Desktop/archive/cars_train/cars_train/04691.jpg,123
4,1,223,120,109,Ford Expedition EL SUV 2009,04692.jpg,C:/Users/seanf/Desktop/archive/cars_train/cars_train/04692.jpg,87
1,143,636,343,36,BMW M6 Convertible 2010,04693.jpg,C:/Users/seanf/Desktop/archive/cars_train/cars_train/04693.jpg,20
30,43,978,754,159,Mazda Tribute SUV 2011,04694.jpg,C:/Users/seanf/Desktop/archive/cars_train/cars_train/04694.jpg,183
29,94,456,261,81,Chrysler PT Cruiser Convertible 2008,04695.jpg,C:/Users/seanf/Desktop/archive/cars_train/cars_train/04695.jpg,182
101,146,565,395,20,Audi S6 Sedan 2011,04696.jpg,C:/Users/seanf/Desktop/archive/cars_train/cars_train/04696.jpg,69
51,119,734,568,105,Fisker Karma Sedan 2012,04697.jpg,C:/Users/seanf/Desktop/archive/cars_train/cars_train/04697.jpg,34
122,110,533,381,177,Rolls-Royce Phantom Sedan 2012,04698.jpg,C:/Users/seanf/Desktop/archive/cars_train/cars_train/04698.jpg,40
74,119,458,360,113,Ford F-150 Regular Cab 2012,04699.jpg,C:/Users/seanf/Desktop/archive/cars_train/cars_train/04699.jpg,167
19,89,730,444,94,Dodge Durango SUV 2012,04700.jpg,C:/Users/seanf/Desktop/archive/cars_train/cars_train/04700.jpg,61
5,113,568,381,98,Eagle Talon Hatchback 1998,04701.jpg,C:/Users/seanf/Desktop/archive/cars_train/cars_train/04701.jpg,185
13,29,285,188,19,Audi TT Hatchback 2011,04702.jpg,C:/Users/seanf/Desktop/archive/cars_train/cars_train/04702.jpg,110
30,78,576,353,54,Chevrolet Silverado 1500 Hybrid Crew Cab 2012,04703.jpg,C:/Users/seanf/Desktop/archive/cars_train/cars_train/04703.jpg,112
100,302,1473,967,171,Nissan 240SX Coupe 1998,04704.jpg,C:/Users/seanf/Desktop/archive/cars_train/cars_train/04704.jpg,92
16,136,492,360,120,GMC Yukon Hybrid SUV 2012,04705.jpg,C:/Users/seanf/Desktop/archive/cars_train/cars_train/04705.jpg,21
144,76,831,663,30,BMW 3 Series Wagon 2012,04706.jpg,C:/Users/seanf/Desktop/archive/cars_train/cars_train/04706.jpg,101
14,7,478,272,68,Chevrolet TrailBlazer SS 2009,04707.jpg,C:/Users/seanf/Desktop/archive/cars_train/cars_train/04707.jpg,114
63,175,290,315,104,Ferrari 458 Italia Coupe 2012,04708.jpg,C:/Users/seanf/Desktop/archive/cars_train/cars_train/04708.jpg,31
43,98,373,241,135,Hyundai Elantra Sedan 2007,04709.jpg,C:/Users/seanf/Desktop/archive/cars_train/cars_train/04709.jpg,12
25,156,610,363,168,Nissan Leaf Hatchback 2012,04710.jpg,C:/Users/seanf/Desktop/archive/cars_train/cars_train/04710.jpg,142
45,114,557,373,75,Chevrolet Silverado 1500 Regular Cab 2012,04711.jpg,C:/Users/seanf/Desktop/archive/cars_train/cars_train/04711.jpg,159
175,148,488,345,180,Spyker C8 Coupe 2009,04712.jpg,C:/Users/seanf/Desktop/archive/cars_train/cars_train/04712.jpg,26
24,114,618,366,65,Chevrolet Avalanche Crew Cab 2012,04713.jpg,C:/Users/seanf/Desktop/archive/cars_train/cars_train/04713.jpg,47
13,123,594,354,37,BMW X3 SUV 2012,04714.jpg,C:/Users/seanf/Desktop/archive/cars_train/cars_train/04714.jpg,75
25,18,476,234,126,Honda Odyssey Minivan 2012,04715.jpg,C:/Users/seanf/Desktop/archive/cars_train/cars_train/04715.jpg,60
116,196,376,307,124,HUMMER H3T Crew Cab 2010,04716.jpg,C:/Users/seanf/Desktop/archive/cars_train/cars_train/04716.jpg,49
24,122,447,268,128,Honda Accord Coupe 2012,04717.jpg,C:/Users/seanf/Desktop/archive/cars_train/cars_train/04717.jpg,126
44,35,404,223,73,Chevrolet Malibu Sedan 2007,04718.jpg,C:/Users/seanf/Desktop/archive/cars_train/cars_train/04718.jpg,16
66,48,609,438,32,BMW X5 SUV 2007,04719.jpg,C:/Users/seanf/Desktop/archive/cars_train/cars_train/04719.jpg,172
21,7,519,278,126,Honda Odyssey Minivan 2012,04720.jpg,C:/Users/seanf/Desktop/archive/cars_train/cars_train/04720.jpg,60
24,45,207,142,74,Chevrolet Silverado 1500 Extended Cab 2012,04721.jpg,C:/Users/seanf/Desktop/archive/cars_train/cars_train/04721.jpg,78
17,99,630,427,115,Ford Focus Sedan 2007,04722.jpg,C:/Users/seanf/Desktop/archive/cars_train/cars_train/04722.jpg,169
105,58,720,331,63,Chevrolet Sonic Sedan 2012,04723.jpg,C:/Users/seanf/Desktop/archive/cars_train/cars_train/04723.jpg,129
27,65,567,361,9,Aston Martin V8 Vantage Coupe 2012,04724.jpg,C:/Users/seanf/Desktop/archive/cars_train/cars_train/04724.jpg,165
208,203,794,499,9,Aston Martin V8 Vantage Coupe 2012,04725.jpg,C:/Users/seanf/Desktop/archive/cars_train/cars_train/04725.jpg,165
158,233,873,529,187,Toyota Camry Sedan 2012,04726.jpg,C:/Users/seanf/Desktop/archive/cars_train/cars_train/04726.jpg,53
14,121,999,610,35,BMW M5 Sedan 2010,04727.jpg,C:/Users/seanf/Desktop/archive/cars_train/cars_train/04727.jpg,194
17,45,244,147,88,Dodge Sprinter Cargo Van 2009,04728.jpg,C:/Users/seanf/Desktop/archive/cars_train/cars_train/04728.jpg,81
27,63,305,220,38,BMW Z4 Convertible 2012,04729.jpg,C:/Users/seanf/Desktop/archive/cars_train/cars_train/04729.jpg,32
20,6,633,451,169,Nissan NV Passenger Van 2012,04730.jpg,C:/Users/seanf/Desktop/archive/cars_train/cars_train/04730.jpg,156
92,123,921,619,120,GMC Yukon Hybrid SUV 2012,04731.jpg,C:/Users/seanf/Desktop/archive/cars_train/cars_train/04731.jpg,21
23,116,623,392,126,Honda Odyssey Minivan 2012,04732.jpg,C:/Users/seanf/Desktop/archive/cars_train/cars_train/04732.jpg,60
1,66,584,322,20,Audi S6 Sedan 2011,04733.jpg,C:/Users/seanf/Desktop/archive/cars_train/cars_train/04733.jpg,69
21,18,635,386,169,Nissan NV Passenger Van 2012,04734.jpg,C:/Users/seanf/Desktop/archive/cars_train/cars_train/04734.jpg,156
114,59,507,333,154,Land Rover Range Rover SUV 2012,04735.jpg,C:/Users/seanf/Desktop/archive/cars_train/cars_train/04735.jpg,27
12,106,778,467,32,BMW X5 SUV 2007,04736.jpg,C:/Users/seanf/Desktop/archive/cars_train/cars_train/04736.jpg,172
87,78,503,337,32,BMW X5 SUV 2007,04737.jpg,C:/Users/seanf/Desktop/archive/cars_train/cars_train/04737.jpg,172
111,87,1509,967,63,Chevrolet Sonic Sedan 2012,04738.jpg,C:/Users/seanf/Desktop/archive/cars_train/cars_train/04738.jpg,129
36,91,181,172,151,Lamborghini Aventador Coupe 2012,04739.jpg,C:/Users/seanf/Desktop/archive/cars_train/cars_train/04739.jpg,154
48,49,597,403,131,Hyundai Santa Fe SUV 2012,04740.jpg,C:/Users/seanf/Desktop/archive/cars_train/cars_train/04740.jpg,80
72,88,378,250,46,Bugatti Veyron 16.4 Coupe 2009,04741.jpg,C:/Users/seanf/Desktop/archive/cars_train/cars_train/04741.jpg,149
17,32,578,300,35,BMW M5 Sedan 2010,04742.jpg,C:/Users/seanf/Desktop/archive/cars_train/cars_train/04742.jpg,194
26,21,287,159,104,Ferrari 458 Italia Coupe 2012,04743.jpg,C:/Users/seanf/Desktop/archive/cars_train/cars_train/04743.jpg,31
2,1,280,96,18,Audi 100 Wagon 1994,04744.jpg,C:/Users/seanf/Desktop/archive/cars_train/cars_train/04744.jpg,66
3,31,283,145,157,MINI Cooper Roadster Convertible 2012,04745.jpg,C:/Users/seanf/Desktop/archive/cars_train/cars_train/04745.jpg,190
48,103,2497,1572,40,Bentley Arnage Sedan 2009,04746.jpg,C:/Users/seanf/Desktop/archive/cars_train/cars_train/04746.jpg,95
378,125,973,689,39,Bentley Continental Supersports Conv. Convertible 2012,04747.jpg,C:/Users/seanf/Desktop/archive/cars_train/cars_train/04747.jpg,170
38,58,404,293,125,HUMMER H2 SUT Crew Cab 2009,04748.jpg,C:/Users/seanf/Desktop/archive/cars_train/cars_train/04748.jpg,115
44,47,590,407,120,GMC Yukon Hybrid SUV 2012,04749.jpg,C:/Users/seanf/Desktop/archive/cars_train/cars_train/04749.jpg,21
17,54,212,157,9,Aston Martin V8 Vantage Coupe 2012,04750.jpg,C:/Users/seanf/Desktop/archive/cars_train/cars_train/04750.jpg,165
144,214,636,522,144,Jaguar XK XKR 2012,04751.jpg,C:/Users/seanf/Desktop/archive/cars_train/cars_train/04751.jpg,89
97,134,602,396,100,FIAT 500 Convertible 2012,04752.jpg,C:/Users/seanf/Desktop/archive/cars_train/cars_train/04752.jpg,151
53,103,483,379,14,Audi TTS Coupe 2012,04753.jpg,C:/Users/seanf/Desktop/archive/cars_train/cars_train/04753.jpg,0
303,145,797,478,192,Volkswagen Beetle Hatchback 2012,04754.jpg,C:/Users/seanf/Desktop/archive/cars_train/cars_train/04754.jpg,17
46,48,277,177,165,Mercedes-Benz S-Class Sedan 2012,04755.jpg,C:/Users/seanf/Desktop/archive/cars_train/cars_train/04755.jpg,70
30,84,246,156,128,Honda Accord Coupe 2012,04756.jpg,C:/Users/seanf/Desktop/archive/cars_train/cars_train/04756.jpg,126
54,83,736,436,52,Cadillac SRX SUV 2012,04757.jpg,C:/Users/seanf/Desktop/archive/cars_train/cars_train/04757.jpg,189
62,260,974,587,17,Audi 100 Sedan 1994,04758.jpg,C:/Users/seanf/Desktop/archive/cars_train/cars_train/04758.jpg,55
47,39,371,270,117,Ford Fiesta Sedan 2012,04759.jpg,C:/Users/seanf/Desktop/archive/cars_train/cars_train/04759.jpg,168
18,199,1581,1090,34,BMW M3 Coupe 2012,04760.jpg,C:/Users/seanf/Desktop/archive/cars_train/cars_train/04760.jpg,184
52,44,509,358,59,Chevrolet Camaro Convertible 2012,04761.jpg,C:/Users/seanf/Desktop/archive/cars_train/cars_train/04761.jpg,63
58,254,1582,991,182,Suzuki Kizashi Sedan 2012,04762.jpg,C:/Users/seanf/Desktop/archive/cars_train/cars_train/04762.jpg,160
5,145,996,594,147,Jeep Liberty SUV 2012,04763.jpg,C:/Users/seanf/Desktop/archive/cars_train/cars_train/04763.jpg,85
23,38,263,145,129,Honda Accord Sedan 2012,04764.jpg,C:/Users/seanf/Desktop/archive/cars_train/cars_train/04764.jpg,181
66,222,513,339,152,Lamborghini Gallardo LP 570-4 Superleggera 2012,04765.jpg,C:/Users/seanf/Desktop/archive/cars_train/cars_train/04765.jpg,176
249,154,981,569,167,Mitsubishi Lancer Sedan 2012,04766.jpg,C:/Users/seanf/Desktop/archive/cars_train/cars_train/04766.jpg,8
18,62,352,254,48,Buick Rainier SUV 2007,04767.jpg,C:/Users/seanf/Desktop/archive/cars_train/cars_train/04767.jpg,121
32,105,988,658,63,Chevrolet Sonic Sedan 2012,04768.jpg,C:/Users/seanf/Desktop/archive/cars_train/cars_train/04768.jpg,129
6,87,210,164,30,BMW 3 Series Wagon 2012,04769.jpg,C:/Users/seanf/Desktop/archive/cars_train/cars_train/04769.jpg,101
70,57,526,384,100,FIAT 500 Convertible 2012,04770.jpg,C:/Users/seanf/Desktop/archive/cars_train/cars_train/04770.jpg,151
14,31,270,166,41,Bentley Mulsanne Sedan 2011,04771.jpg,C:/Users/seanf/Desktop/archive/cars_train/cars_train/04771.jpg,109
7,17,249,187,76,Chrysler Aspen SUV 2009,04772.jpg,C:/Users/seanf/Desktop/archive/cars_train/cars_train/04772.jpg,99
47,185,999,696,167,Mitsubishi Lancer Sedan 2012,04773.jpg,C:/Users/seanf/Desktop/archive/cars_train/cars_train/04773.jpg,8
18,31,620,387,54,Chevrolet Silverado 1500 Hybrid Crew Cab 2012,04774.jpg,C:/Users/seanf/Desktop/archive/cars_train/cars_train/04774.jpg,112
67,168,685,499,173,Porsche Panamera Sedan 2012,04775.jpg,C:/Users/seanf/Desktop/archive/cars_train/cars_train/04775.jpg,41
367,418,1030,669,96,Dodge Charger Sedan 2012,04776.jpg,C:/Users/seanf/Desktop/archive/cars_train/cars_train/04776.jpg,7
90,194,1512,914,34,BMW M3 Coupe 2012,04777.jpg,C:/Users/seanf/Desktop/archive/cars_train/cars_train/04777.jpg,184
20,72,769,515,31,BMW 6 Series Convertible 2007,04778.jpg,C:/Users/seanf/Desktop/archive/cars_train/cars_train/04778.jpg,145
50,44,230,156,39,Bentley Continental Supersports Conv. Convertible 2012,04779.jpg,C:/Users/seanf/Desktop/archive/cars_train/cars_train/04779.jpg,170
77,49,508,305,192,Volkswagen Beetle Hatchback 2012,04780.jpg,C:/Users/seanf/Desktop/archive/cars_train/cars_train/04780.jpg,17
71,186,1206,781,157,MINI Cooper Roadster Convertible 2012,04781.jpg,C:/Users/seanf/Desktop/archive/cars_train/cars_train/04781.jpg,190
50,83,394,268,38,BMW Z4 Convertible 2012,04782.jpg,C:/Users/seanf/Desktop/archive/cars_train/cars_train/04782.jpg,32
176,298,718,498,41,Bentley Mulsanne Sedan 2011,04783.jpg,C:/Users/seanf/Desktop/archive/cars_train/cars_train/04783.jpg,109
7,8,375,234,95,Dodge Durango SUV 2007,04784.jpg,C:/Users/seanf/Desktop/archive/cars_train/cars_train/04784.jpg,193
47,97,612,377,114,Ford F-150 Regular Cab 2007,04785.jpg,C:/Users/seanf/Desktop/archive/cars_train/cars_train/04785.jpg,50
17,48,859,396,79,Chrysler 300 SRT-8 2010,04786.jpg,C:/Users/seanf/Desktop/archive/cars_train/cars_train/04786.jpg,19
210,188,1428,732,175,Rolls-Royce Phantom Drophead Coupe Convertible 2012,04787.jpg,C:/Users/seanf/Desktop/archive/cars_train/cars_train/04787.jpg,72
55,84,976,679,132,Hyundai Tucson SUV 2012,04788.jpg,C:/Users/seanf/Desktop/archive/cars_train/cars_train/04788.jpg,138
46,35,593,352,103,Ferrari 458 Italia Convertible 2012,04789.jpg,C:/Users/seanf/Desktop/archive/cars_train/cars_train/04789.jpg,146
126,97,882,704,119,GMC Savana Van 2012,04790.jpg,C:/Users/seanf/Desktop/archive/cars_train/cars_train/04790.jpg,38
9,196,1008,504,153,Lamborghini Diablo Coupe 2001,04791.jpg,C:/Users/seanf/Desktop/archive/cars_train/cars_train/04791.jpg,143
41,51,215,152,31,BMW 6 Series Convertible 2007,04792.jpg,C:/Users/seanf/Desktop/archive/cars_train/cars_train/04792.jpg,145
5,82,550,442,85,Dodge Caravan Minivan 1997,04793.jpg,C:/Users/seanf/Desktop/archive/cars_train/cars_train/04793.jpg,13
63,26,436,296,47,Buick Regal GS 2012,04794.jpg,C:/Users/seanf/Desktop/archive/cars_train/cars_train/04794.jpg,100
32,41,239,153,162,Mercedes-Benz C-Class Sedan 2012,04795.jpg,C:/Users/seanf/Desktop/archive/cars_train/cars_train/04795.jpg,79
40,14,856,486,107,Ford Mustang Convertible 2007,04796.jpg,C:/Users/seanf/Desktop/archive/cars_train/cars_train/04796.jpg,132
4,13,189,132,80,Chrysler Crossfire Convertible 2008,04797.jpg,C:/Users/seanf/Desktop/archive/cars_train/cars_train/04797.jpg,175
7,18,192,127,115,Ford Focus Sedan 2007,04798.jpg,C:/Users/seanf/Desktop/archive/cars_train/cars_train/04798.jpg,169
13,41,300,174,69,Chevrolet Silverado 2500HD Regular Cab 2012,04799.jpg,C:/Users/seanf/Desktop/archive/cars_train/cars_train/04799.jpg,147
38,52,483,222,124,HUMMER H3T Crew Cab 2010,04800.jpg,C:/Users/seanf/Desktop/archive/cars_train/cars_train/04800.jpg,49
67,364,1549,1063,189,Toyota 4Runner SUV 2012,04801.jpg,C:/Users/seanf/Desktop/archive/cars_train/cars_train/04801.jpg,120
22,25,407,339,20,Audi S6 Sedan 2011,04802.jpg,C:/Users/seanf/Desktop/archive/cars_train/cars_train/04802.jpg,69
52,88,373,248,33,BMW X6 SUV 2012,04803.jpg,C:/Users/seanf/Desktop/archive/cars_train/cars_train/04803.jpg,187
87,132,672,363,110,Ford Edge SUV 2012,04804.jpg,C:/Users/seanf/Desktop/archive/cars_train/cars_train/04804.jpg,64
34,19,772,488,150,Lamborghini Reventon Coupe 2008,04805.jpg,C:/Users/seanf/Desktop/archive/cars_train/cars_train/04805.jpg,188
228,316,1913,1230,29,BMW 3 Series Sedan 2012,04806.jpg,C:/Users/seanf/Desktop/archive/cars_train/cars_train/04806.jpg,59
17,69,682,436,140,Hyundai Azera Sedan 2012,04807.jpg,C:/Users/seanf/Desktop/archive/cars_train/cars_train/04807.jpg,98
106,59,337,284,159,Mazda Tribute SUV 2011,04808.jpg,C:/Users/seanf/Desktop/archive/cars_train/cars_train/04808.jpg,183
107,172,789,579,183,Suzuki SX4 Hatchback 2012,04809.jpg,C:/Users/seanf/Desktop/archive/cars_train/cars_train/04809.jpg,118
94,190,1597,991,29,BMW 3 Series Sedan 2012,04810.jpg,C:/Users/seanf/Desktop/archive/cars_train/cars_train/04810.jpg,59
626,176,1465,618,173,Porsche Panamera Sedan 2012,04811.jpg,C:/Users/seanf/Desktop/archive/cars_train/cars_train/04811.jpg,41
16,59,466,241,44,Bentley Continental Flying Spur Sedan 2007,04812.jpg,C:/Users/seanf/Desktop/archive/cars_train/cars_train/04812.jpg,46
70,85,1186,791,144,Jaguar XK XKR 2012,04813.jpg,C:/Users/seanf/Desktop/archive/cars_train/cars_train/04813.jpg,89
60,411,1495,992,36,BMW M6 Convertible 2010,04814.jpg,C:/Users/seanf/Desktop/archive/cars_train/cars_train/04814.jpg,20
31,81,608,391,134,Hyundai Sonata Hybrid Sedan 2012,04815.jpg,C:/Users/seanf/Desktop/archive/cars_train/cars_train/04815.jpg,3
79,84,528,327,3,Acura TL Sedan 2012,04816.jpg,C:/Users/seanf/Desktop/archive/cars_train/cars_train/04816.jpg,1
71,116,561,423,50,Buick Enclave SUV 2012,04817.jpg,C:/Users/seanf/Desktop/archive/cars_train/cars_train/04817.jpg,113
19,141,586,371,12,Audi RS 4 Convertible 2008,04818.jpg,C:/Users/seanf/Desktop/archive/cars_train/cars_train/04818.jpg,125
26,116,485,308,22,Audi S5 Coupe 2012,04819.jpg,C:/Users/seanf/Desktop/archive/cars_train/cars_train/04819.jpg,164
39,123,439,291,138,Hyundai Sonata Sedan 2012,04820.jpg,C:/Users/seanf/Desktop/archive/cars_train/cars_train/04820.jpg,71
7,62,418,214,62,Chevrolet Tahoe Hybrid SUV 2012,04821.jpg,C:/Users/seanf/Desktop/archive/cars_train/cars_train/04821.jpg,161
64,24,274,150,25,Audi TT RS Coupe 2012,04822.jpg,C:/Users/seanf/Desktop/archive/cars_train/cars_train/04822.jpg,39
4,37,256,185,156,Lincoln Town Car Sedan 2011,04823.jpg,C:/Users/seanf/Desktop/archive/cars_train/cars_train/04823.jpg,153
137,417,1822,1130,162,Mercedes-Benz C-Class Sedan 2012,04824.jpg,C:/Users/seanf/Desktop/archive/cars_train/cars_train/04824.jpg,79
102,211,786,485,7,Acura ZDX Hatchback 2012,04825.jpg,C:/Users/seanf/Desktop/archive/cars_train/cars_train/04825.jpg,139
18,79,480,304,153,Lamborghini Diablo Coupe 2001,04826.jpg,C:/Users/seanf/Desktop/archive/cars_train/cars_train/04826.jpg,143
7,4,277,180,1,AM General Hummer SUV 2000,04827.jpg,C:/Users/seanf/Desktop/archive/cars_train/cars_train/04827.jpg,107
15,43,287,170,110,Ford Edge SUV 2012,04828.jpg,C:/Users/seanf/Desktop/archive/cars_train/cars_train/04828.jpg,64
68,125,572,363,111,Ford Ranger SuperCab 2011,04829.jpg,C:/Users/seanf/Desktop/archive/cars_train/cars_train/04829.jpg,56
61,167,589,464,40,Bentley Arnage Sedan 2009,04830.jpg,C:/Users/seanf/Desktop/archive/cars_train/cars_train/04830.jpg,95
18,84,254,175,84,Dodge Caliber Wagon 2007,04831.jpg,C:/Users/seanf/Desktop/archive/cars_train/cars_train/04831.jpg,137
32,34,248,213,28,BMW 1 Series Coupe 2012,04832.jpg,C:/Users/seanf/Desktop/archive/cars_train/cars_train/04832.jpg,88
36,103,544,310,6,Acura Integra Type R 2001,04833.jpg,C:/Users/seanf/Desktop/archive/cars_train/cars_train/04833.jpg,123
1,39,252,172,156,Lincoln Town Car Sedan 2011,04834.jpg,C:/Users/seanf/Desktop/archive/cars_train/cars_train/04834.jpg,153
9,31,636,443,95,Dodge Durango SUV 2007,04835.jpg,C:/Users/seanf/Desktop/archive/cars_train/cars_train/04835.jpg,193
32,62,272,189,162,Mercedes-Benz C-Class Sedan 2012,04836.jpg,C:/Users/seanf/Desktop/archive/cars_train/cars_train/04836.jpg,79
40,73,1561,964,91,Dodge Dakota Club Cab 2007,04837.jpg,C:/Users/seanf/Desktop/archive/cars_train/cars_train/04837.jpg,2
20,40,166,99,107,Ford Mustang Convertible 2007,04838.jpg,C:/Users/seanf/Desktop/archive/cars_train/cars_train/04838.jpg,132
172,358,1109,834,15,Audi R8 Coupe 2012,04839.jpg,C:/Users/seanf/Desktop/archive/cars_train/cars_train/04839.jpg,44
1066,1244,4030,2247,34,BMW M3 Coupe 2012,04840.jpg,C:/Users/seanf/Desktop/archive/cars_train/cars_train/04840.jpg,184
86,162,472,393,24,Audi S4 Sedan 2007,04841.jpg,C:/Users/seanf/Desktop/archive/cars_train/cars_train/04841.jpg,105
18,17,256,194,116,Ford E-Series Wagon Van 2012,04842.jpg,C:/Users/seanf/Desktop/archive/cars_train/cars_train/04842.jpg,67
47,69,603,453,129,Honda Accord Sedan 2012,04843.jpg,C:/Users/seanf/Desktop/archive/cars_train/cars_train/04843.jpg,181
35,147,596,372,103,Ferrari 458 Italia Convertible 2012,04844.jpg,C:/Users/seanf/Desktop/archive/cars_train/cars_train/04844.jpg,146
5,60,285,155,70,Chevrolet Silverado 1500 Classic Extended Cab 2007,04845.jpg,C:/Users/seanf/Desktop/archive/cars_train/cars_train/04845.jpg,171
28,68,442,287,155,Land Rover LR2 SUV 2012,04846.jpg,C:/Users/seanf/Desktop/archive/cars_train/cars_train/04846.jpg,97
54,189,1474,921,85,Dodge Caravan Minivan 1997,04847.jpg,C:/Users/seanf/Desktop/archive/cars_train/cars_train/04847.jpg,13
17,104,353,201,16,Audi V8 Sedan 1994,04848.jpg,C:/Users/seanf/Desktop/archive/cars_train/cars_train/04848.jpg,124
13,48,442,257,177,Rolls-Royce Phantom Sedan 2012,04849.jpg,C:/Users/seanf/Desktop/archive/cars_train/cars_train/04849.jpg,40
26,107,635,391,133,Hyundai Veracruz SUV 2012,04850.jpg,C:/Users/seanf/Desktop/archive/cars_train/cars_train/04850.jpg,30
65,67,581,410,135,Hyundai Elantra Sedan 2007,04851.jpg,C:/Users/seanf/Desktop/archive/cars_train/cars_train/04851.jpg,12
49,152,943,621,178,Scion xD Hatchback 2012,04852.jpg,C:/Users/seanf/Desktop/archive/cars_train/cars_train/04852.jpg,93
113,89,953,1469,170,Nissan Juke Hatchback 2012,04853.jpg,C:/Users/seanf/Desktop/archive/cars_train/cars_train/04853.jpg,22
7,134,590,322,102,Ferrari California Convertible 2012,04854.jpg,C:/Users/seanf/Desktop/archive/cars_train/cars_train/04854.jpg,141
34,57,350,226,139,Hyundai Elantra Touring Hatchback 2012,04855.jpg,C:/Users/seanf/Desktop/archive/cars_train/cars_train/04855.jpg,28
244,199,625,406,142,Infiniti QX56 SUV 2011,04856.jpg,C:/Users/seanf/Desktop/archive/cars_train/cars_train/04856.jpg,35
43,152,568,360,11,Aston Martin Virage Coupe 2012,04857.jpg,C:/Users/seanf/Desktop/archive/cars_train/cars_train/04857.jpg,128
120,227,555,413,77,Chrysler Sebring Convertible 2010,04858.jpg,C:/Users/seanf/Desktop/archive/cars_train/cars_train/04858.jpg,122
8,33,251,164,174,Ram C/V Cargo Van Minivan 2012,04859.jpg,C:/Users/seanf/Desktop/archive/cars_train/cars_train/04859.jpg,103
56,229,742,463,182,Suzuki Kizashi Sedan 2012,04860.jpg,C:/Users/seanf/Desktop/archive/cars_train/cars_train/04860.jpg,160
53,62,997,642,182,Suzuki Kizashi Sedan 2012,04861.jpg,C:/Users/seanf/Desktop/archive/cars_train/cars_train/04861.jpg,160
6,44,377,246,124,HUMMER H3T Crew Cab 2010,04862.jpg,C:/Users/seanf/Desktop/archive/cars_train/cars_train/04862.jpg,49
26,80,625,449,114,Ford F-150 Regular Cab 2007,04863.jpg,C:/Users/seanf/Desktop/archive/cars_train/cars_train/04863.jpg,50
92,134,564,399,106,Ford F-450 Super Duty Crew Cab 2012,04864.jpg,C:/Users/seanf/Desktop/archive/cars_train/cars_train/04864.jpg,4
76,262,944,661,28,BMW 1 Series Coupe 2012,04865.jpg,C:/Users/seanf/Desktop/archive/cars_train/cars_train/04865.jpg,88
151,148,769,445,159,Mazda Tribute SUV 2011,04866.jpg,C:/Users/seanf/Desktop/archive/cars_train/cars_train/04866.jpg,183
51,56,278,159,157,MINI Cooper Roadster Convertible 2012,04867.jpg,C:/Users/seanf/Desktop/archive/cars_train/cars_train/04867.jpg,190
4,49,426,297,161,Mercedes-Benz 300-Class Convertible 1993,04868.jpg,C:/Users/seanf/Desktop/archive/cars_train/cars_train/04868.jpg,86
85,98,569,309,168,Nissan Leaf Hatchback 2012,04869.jpg,C:/Users/seanf/Desktop/archive/cars_train/cars_train/04869.jpg,142
36,15,477,305,47,Buick Regal GS 2012,04870.jpg,C:/Users/seanf/Desktop/archive/cars_train/cars_train/04870.jpg,100
42,45,449,321,180,Spyker C8 Coupe 2009,04871.jpg,C:/Users/seanf/Desktop/archive/cars_train/cars_train/04871.jpg,26
102,63,423,319,99,FIAT 500 Abarth 2012,04872.jpg,C:/Users/seanf/Desktop/archive/cars_train/cars_train/04872.jpg,135
120,286,1073,790,166,Mercedes-Benz Sprinter Van 2012,04873.jpg,C:/Users/seanf/Desktop/archive/cars_train/cars_train/04873.jpg,162
9,1,152,103,1,AM General Hummer SUV 2000,04874.jpg,C:/Users/seanf/Desktop/archive/cars_train/cars_train/04874.jpg,107
29,65,249,155,57,Chevrolet Corvette Ron Fellows Edition Z06 2007,04875.jpg,C:/Users/seanf/Desktop/archive/cars_train/cars_train/04875.jpg,18
21,30,468,320,196,smart fortwo Convertible 2012,04876.jpg,C:/Users/seanf/Desktop/archive/cars_train/cars_train/04876.jpg,134
39,135,588,393,134,Hyundai Sonata Hybrid Sedan 2012,04877.jpg,C:/Users/seanf/Desktop/archive/cars_train/cars_train/04877.jpg,3
51,99,1160,754,96,Dodge Charger Sedan 2012,04878.jpg,C:/Users/seanf/Desktop/archive/cars_train/cars_train/04878.jpg,7
451,231,2545,1775,67,Chevrolet Malibu Hybrid Sedan 2010,04879.jpg,C:/Users/seanf/Desktop/archive/cars_train/cars_train/04879.jpg,166
63,122,844,410,187,Toyota Camry Sedan 2012,04880.jpg,C:/Users/seanf/Desktop/archive/cars_train/cars_train/04880.jpg,53
27,77,460,275,118,GMC Terrain SUV 2012,04881.jpg,C:/Users/seanf/Desktop/archive/cars_train/cars_train/04881.jpg,179
1,98,420,269,104,Ferrari 458 Italia Coupe 2012,04882.jpg,C:/Users/seanf/Desktop/archive/cars_train/cars_train/04882.jpg,31
117,465,1946,1123,19,Audi TT Hatchback 2011,04883.jpg,C:/Users/seanf/Desktop/archive/cars_train/cars_train/04883.jpg,110
31,35,236,162,8,Aston Martin V8 Vantage Convertible 2012,04884.jpg,C:/Users/seanf/Desktop/archive/cars_train/cars_train/04884.jpg,54
318,374,1350,945,25,Audi TT RS Coupe 2012,04885.jpg,C:/Users/seanf/Desktop/archive/cars_train/cars_train/04885.jpg,39
38,105,1565,740,44,Bentley Continental Flying Spur Sedan 2007,04886.jpg,C:/Users/seanf/Desktop/archive/cars_train/cars_train/04886.jpg,46
8,1,258,165,40,Bentley Arnage Sedan 2009,04887.jpg,C:/Users/seanf/Desktop/archive/cars_train/cars_train/04887.jpg,95
20,33,241,163,90,Dodge Dakota Crew Cab 2010,04888.jpg,C:/Users/seanf/Desktop/archive/cars_train/cars_train/04888.jpg,48
108,114,546,384,94,Dodge Durango SUV 2012,04889.jpg,C:/Users/seanf/Desktop/archive/cars_train/cars_train/04889.jpg,61
40,25,567,378,95,Dodge Durango SUV 2007,04890.jpg,C:/Users/seanf/Desktop/archive/cars_train/cars_train/04890.jpg,193
39,179,1242,829,72,Chevrolet Monte Carlo Coupe 2007,04891.jpg,C:/Users/seanf/Desktop/archive/cars_train/cars_train/04891.jpg,130
8,37,294,150,2,Acura RL Sedan 2012,04892.jpg,C:/Users/seanf/Desktop/archive/cars_train/cars_train/04892.jpg,191
12,39,265,142,16,Audi V8 Sedan 1994,04893.jpg,C:/Users/seanf/Desktop/archive/cars_train/cars_train/04893.jpg,124
56,11,346,186,108,Ford Freestar Minivan 2007,04894.jpg,C:/Users/seanf/Desktop/archive/cars_train/cars_train/04894.jpg,108
148,173,749,479,132,Hyundai Tucson SUV 2012,04895.jpg,C:/Users/seanf/Desktop/archive/cars_train/cars_train/04895.jpg,138
27,71,423,243,56,Chevrolet Corvette ZR1 2012,04896.jpg,C:/Users/seanf/Desktop/archive/cars_train/cars_train/04896.jpg,94
6,63,806,510,184,Suzuki SX4 Sedan 2012,04897.jpg,C:/Users/seanf/Desktop/archive/cars_train/cars_train/04897.jpg,24
8,104,623,360,74,Chevrolet Silverado 1500 Extended Cab 2012,04898.jpg,C:/Users/seanf/Desktop/archive/cars_train/cars_train/04898.jpg,78
24,51,239,167,65,Chevrolet Avalanche Crew Cab 2012,04899.jpg,C:/Users/seanf/Desktop/archive/cars_train/cars_train/04899.jpg,47
111,23,527,315,52,Cadillac SRX SUV 2012,04900.jpg,C:/Users/seanf/Desktop/archive/cars_train/cars_train/04900.jpg,189
145,76,581,353,144,Jaguar XK XKR 2012,04901.jpg,C:/Users/seanf/Desktop/archive/cars_train/cars_train/04901.jpg,89
23,91,382,234,98,Eagle Talon Hatchback 1998,04902.jpg,C:/Users/seanf/Desktop/archive/cars_train/cars_train/04902.jpg,185
2,46,316,213,85,Dodge Caravan Minivan 1997,04903.jpg,C:/Users/seanf/Desktop/archive/cars_train/cars_train/04903.jpg,13
14,149,304,231,158,Maybach Landaulet Convertible 2012,04904.jpg,C:/Users/seanf/Desktop/archive/cars_train/cars_train/04904.jpg,158
130,100,953,366,185,Tesla Model S Sedan 2012,04905.jpg,C:/Users/seanf/Desktop/archive/cars_train/cars_train/04905.jpg,150
57,51,447,273,102,Ferrari California Convertible 2012,04906.jpg,C:/Users/seanf/Desktop/archive/cars_train/cars_train/04906.jpg,141
24,22,226,169,134,Hyundai Sonata Hybrid Sedan 2012,04907.jpg,C:/Users/seanf/Desktop/archive/cars_train/cars_train/04907.jpg,3
139,109,395,298,158,Maybach Landaulet Convertible 2012,04908.jpg,C:/Users/seanf/Desktop/archive/cars_train/cars_train/04908.jpg,158
184,209,1227,727,167,Mitsubishi Lancer Sedan 2012,04909.jpg,C:/Users/seanf/Desktop/archive/cars_train/cars_train/04909.jpg,8
203,227,1067,776,104,Ferrari 458 Italia Coupe 2012,04910.jpg,C:/Users/seanf/Desktop/archive/cars_train/cars_train/04910.jpg,31
99,108,479,301,110,Ford Edge SUV 2012,04911.jpg,C:/Users/seanf/Desktop/archive/cars_train/cars_train/04911.jpg,64
324,297,1242,788,187,Toyota Camry Sedan 2012,04912.jpg,C:/Users/seanf/Desktop/archive/cars_train/cars_train/04912.jpg,53
14,5,388,254,165,Mercedes-Benz S-Class Sedan 2012,04913.jpg,C:/Users/seanf/Desktop/archive/cars_train/cars_train/04913.jpg,70
24,216,1021,654,97,Dodge Charger SRT-8 2009,04914.jpg,C:/Users/seanf/Desktop/archive/cars_train/cars_train/04914.jpg,33
11,1,131,96,34,BMW M3 Coupe 2012,04915.jpg,C:/Users/seanf/Desktop/archive/cars_train/cars_train/04915.jpg,184
16,24,258,172,107,Ford Mustang Convertible 2007,04916.jpg,C:/Users/seanf/Desktop/archive/cars_train/cars_train/04916.jpg,132
1,223,1172,611,107,Ford Mustang Convertible 2007,04917.jpg,C:/Users/seanf/Desktop/archive/cars_train/cars_train/04917.jpg,132
15,60,242,175,13,Audi A5 Coupe 2012,04918.jpg,C:/Users/seanf/Desktop/archive/cars_train/cars_train/04918.jpg,36
151,112,1528,1069,89,Dodge Journey SUV 2012,04919.jpg,C:/Users/seanf/Desktop/archive/cars_train/cars_train/04919.jpg,6
46,60,575,354,165,Mercedes-Benz S-Class Sedan 2012,04920.jpg,C:/Users/seanf/Desktop/archive/cars_train/cars_train/04920.jpg,70
166,170,1076,615,164,Mercedes-Benz E-Class Sedan 2012,04921.jpg,C:/Users/seanf/Desktop/archive/cars_train/cars_train/04921.jpg,177
276,83,654,352,147,Jeep Liberty SUV 2012,04922.jpg,C:/Users/seanf/Desktop/archive/cars_train/cars_train/04922.jpg,85
100,258,753,457,16,Audi V8 Sedan 1994,04923.jpg,C:/Users/seanf/Desktop/archive/cars_train/cars_train/04923.jpg,124
198,278,1502,1054,43,Bentley Continental GT Coupe 2007,04924.jpg,C:/Users/seanf/Desktop/archive/cars_train/cars_train/04924.jpg,65
73,71,599,411,111,Ford Ranger SuperCab 2011,04925.jpg,C:/Users/seanf/Desktop/archive/cars_train/cars_train/04925.jpg,56
6,53,633,363,144,Jaguar XK XKR 2012,04926.jpg,C:/Users/seanf/Desktop/archive/cars_train/cars_train/04926.jpg,89
139,130,467,275,38,BMW Z4 Convertible 2012,04927.jpg,C:/Users/seanf/Desktop/archive/cars_train/cars_train/04927.jpg,32
15,49,601,331,113,Ford F-150 Regular Cab 2012,04928.jpg,C:/Users/seanf/Desktop/archive/cars_train/cars_train/04928.jpg,167
12,105,282,209,42,Bentley Continental GT Coupe 2012,04929.jpg,C:/Users/seanf/Desktop/archive/cars_train/cars_train/04929.jpg,42
89,40,414,249,137,Hyundai Genesis Sedan 2012,04930.jpg,C:/Users/seanf/Desktop/archive/cars_train/cars_train/04930.jpg,83
75,336,1487,786,16,Audi V8 Sedan 1994,04931.jpg,C:/Users/seanf/Desktop/archive/cars_train/cars_train/04931.jpg,124
127,36,1367,896,140,Hyundai Azera Sedan 2012,04932.jpg,C:/Users/seanf/Desktop/archive/cars_train/cars_train/04932.jpg,98
22,20,384,178,181,Suzuki Aerio Sedan 2007,04933.jpg,C:/Users/seanf/Desktop/archive/cars_train/cars_train/04933.jpg,163
1,87,799,595,169,Nissan NV Passenger Van 2012,04934.jpg,C:/Users/seanf/Desktop/archive/cars_train/cars_train/04934.jpg,156
49,73,272,241,157,MINI Cooper Roadster Convertible 2012,04935.jpg,C:/Users/seanf/Desktop/archive/cars_train/cars_train/04935.jpg,190
53,115,431,293,72,Chevrolet Monte Carlo Coupe 2007,04936.jpg,C:/Users/seanf/Desktop/archive/cars_train/cars_train/04936.jpg,130
6,6,496,223,139,Hyundai Elantra Touring Hatchback 2012,04937.jpg,C:/Users/seanf/Desktop/archive/cars_train/cars_train/04937.jpg,28
66,65,572,354,86,Dodge Ram Pickup 3500 Crew Cab 2010,04938.jpg,C:/Users/seanf/Desktop/archive/cars_train/cars_train/04938.jpg,25
31,46,294,161,105,Fisker Karma Sedan 2012,04939.jpg,C:/Users/seanf/Desktop/archive/cars_train/cars_train/04939.jpg,34
32,50,278,166,23,Audi S4 Sedan 2012,04940.jpg,C:/Users/seanf/Desktop/archive/cars_train/cars_train/04940.jpg,127
1,37,197,144,161,Mercedes-Benz 300-Class Convertible 1993,04941.jpg,C:/Users/seanf/Desktop/archive/cars_train/cars_train/04941.jpg,86
96,73,559,399,8,Aston Martin V8 Vantage Convertible 2012,04942.jpg,C:/Users/seanf/Desktop/archive/cars_train/cars_train/04942.jpg,54
3,56,253,167,72,Chevrolet Monte Carlo Coupe 2007,04943.jpg,C:/Users/seanf/Desktop/archive/cars_train/cars_train/04943.jpg,130
29,55,362,210,19,Audi TT Hatchback 2011,04944.jpg,C:/Users/seanf/Desktop/archive/cars_train/cars_train/04944.jpg,110
69,79,430,276,34,BMW M3 Coupe 2012,04945.jpg,C:/Users/seanf/Desktop/archive/cars_train/cars_train/04945.jpg,184
76,170,884,681,27,BMW 1 Series Convertible 2012,04946.jpg,C:/Users/seanf/Desktop/archive/cars_train/cars_train/04946.jpg,192
137,149,676,453,110,Ford Edge SUV 2012,04947.jpg,C:/Users/seanf/Desktop/archive/cars_train/cars_train/04947.jpg,64
113,302,668,527,96,Dodge Charger Sedan 2012,04948.jpg,C:/Users/seanf/Desktop/archive/cars_train/cars_train/04948.jpg,7
49,99,594,397,17,Audi 100 Sedan 1994,04949.jpg,C:/Users/seanf/Desktop/archive/cars_train/cars_train/04949.jpg,55
2,158,640,419,87,Dodge Ram Pickup 3500 Quad Cab 2009,04950.jpg,C:/Users/seanf/Desktop/archive/cars_train/cars_train/04950.jpg,155
57,199,982,675,44,Bentley Continental Flying Spur Sedan 2007,04951.jpg,C:/Users/seanf/Desktop/archive/cars_train/cars_train/04951.jpg,46
110,234,339,326,152,Lamborghini Gallardo LP 570-4 Superleggera 2012,04952.jpg,C:/Users/seanf/Desktop/archive/cars_train/cars_train/04952.jpg,176
17,214,1587,742,98,Eagle Talon Hatchback 1998,04953.jpg,C:/Users/seanf/Desktop/archive/cars_train/cars_train/04953.jpg,185
94,163,736,377,55,Chevrolet Corvette Convertible 2012,04954.jpg,C:/Users/seanf/Desktop/archive/cars_train/cars_train/04954.jpg,148
48,246,1085,625,176,Rolls-Royce Ghost Sedan 2012,04955.jpg,C:/Users/seanf/Desktop/archive/cars_train/cars_train/04955.jpg,106
29,135,581,380,15,Audi R8 Coupe 2012,04956.jpg,C:/Users/seanf/Desktop/archive/cars_train/cars_train/04956.jpg,44
27,11,241,177,27,BMW 1 Series Convertible 2012,04957.jpg,C:/Users/seanf/Desktop/archive/cars_train/cars_train/04957.jpg,192
616,321,1111,574,177,Rolls-Royce Phantom Sedan 2012,04958.jpg,C:/Users/seanf/Desktop/archive/cars_train/cars_train/04958.jpg,40
14,73,254,172,190,Volkswagen Golf Hatchback 2012,04959.jpg,C:/Users/seanf/Desktop/archive/cars_train/cars_train/04959.jpg,51
44,67,250,171,129,Honda Accord Sedan 2012,04960.jpg,C:/Users/seanf/Desktop/archive/cars_train/cars_train/04960.jpg,181
84,89,686,424,154,Land Rover Range Rover SUV 2012,04961.jpg,C:/Users/seanf/Desktop/archive/cars_train/cars_train/04961.jpg,27
8,108,350,240,153,Lamborghini Diablo Coupe 2001,04962.jpg,C:/Users/seanf/Desktop/archive/cars_train/cars_train/04962.jpg,143
19,13,409,268,179,Spyker C8 Convertible 2009,04963.jpg,C:/Users/seanf/Desktop/archive/cars_train/cars_train/04963.jpg,104
3,12,300,211,131,Hyundai Santa Fe SUV 2012,04964.jpg,C:/Users/seanf/Desktop/archive/cars_train/cars_train/04964.jpg,80
50,88,440,254,178,Scion xD Hatchback 2012,04965.jpg,C:/Users/seanf/Desktop/archive/cars_train/cars_train/04965.jpg,93
17,62,187,123,31,BMW 6 Series Convertible 2007,04966.jpg,C:/Users/seanf/Desktop/archive/cars_train/cars_train/04966.jpg,145
4,144,799,526,82,Daewoo Nubira Wagon 2002,04967.jpg,C:/Users/seanf/Desktop/archive/cars_train/cars_train/04967.jpg,186
19,104,616,385,159,Mazda Tribute SUV 2011,04968.jpg,C:/Users/seanf/Desktop/archive/cars_train/cars_train/04968.jpg,183
2,34,355,176,159,Mazda Tribute SUV 2011,04969.jpg,C:/Users/seanf/Desktop/archive/cars_train/cars_train/04969.jpg,183
45,88,799,573,196,smart fortwo Convertible 2012,04970.jpg,C:/Users/seanf/Desktop/archive/cars_train/cars_train/04970.jpg,134
110,133,565,368,171,Nissan 240SX Coupe 1998,04971.jpg,C:/Users/seanf/Desktop/archive/cars_train/cars_train/04971.jpg,92
197,105,1059,726,38,BMW Z4 Convertible 2012,04972.jpg,C:/Users/seanf/Desktop/archive/cars_train/cars_train/04972.jpg,32
56,100,449,346,37,BMW X3 SUV 2012,04973.jpg,C:/Users/seanf/Desktop/archive/cars_train/cars_train/04973.jpg,75
15,46,290,207,131,Hyundai Santa Fe SUV 2012,04974.jpg,C:/Users/seanf/Desktop/archive/cars_train/cars_train/04974.jpg,80
27,93,620,350,38,BMW Z4 Convertible 2012,04975.jpg,C:/Users/seanf/Desktop/archive/cars_train/cars_train/04975.jpg,32
95,140,1344,860,193,Volvo C30 Hatchback 2012,04976.jpg,C:/Users/seanf/Desktop/archive/cars_train/cars_train/04976.jpg,14
23,78,601,403,127,Honda Odyssey Minivan 2007,04977.jpg,C:/Users/seanf/Desktop/archive/cars_train/cars_train/04977.jpg,157
125,165,574,469,35,BMW M5 Sedan 2010,04978.jpg,C:/Users/seanf/Desktop/archive/cars_train/cars_train/04978.jpg,194
1,167,645,445,55,Chevrolet Corvette Convertible 2012,04979.jpg,C:/Users/seanf/Desktop/archive/cars_train/cars_train/04979.jpg,148
61,230,577,457,127,Honda Odyssey Minivan 2007,04980.jpg,C:/Users/seanf/Desktop/archive/cars_train/cars_train/04980.jpg,157
47,272,919,638,145,Jeep Patriot SUV 2012,04981.jpg,C:/Users/seanf/Desktop/archive/cars_train/cars_train/04981.jpg,68
78,264,961,563,193,Volvo C30 Hatchback 2012,04982.jpg,C:/Users/seanf/Desktop/archive/cars_train/cars_train/04982.jpg,14
49,93,225,169,151,Lamborghini Aventador Coupe 2012,04983.jpg,C:/Users/seanf/Desktop/archive/cars_train/cars_train/04983.jpg,154
11,103,617,310,129,Honda Accord Sedan 2012,04984.jpg,C:/Users/seanf/Desktop/archive/cars_train/cars_train/04984.jpg,181
10,44,1027,557,117,Ford Fiesta Sedan 2012,04985.jpg,C:/Users/seanf/Desktop/archive/cars_train/cars_train/04985.jpg,168
14,95,483,337,120,GMC Yukon Hybrid SUV 2012,04986.jpg,C:/Users/seanf/Desktop/archive/cars_train/cars_train/04986.jpg,21
76,81,660,420,131,Hyundai Santa Fe SUV 2012,04987.jpg,C:/Users/seanf/Desktop/archive/cars_train/cars_train/04987.jpg,80
176,212,498,395,102,Ferrari California Convertible 2012,04988.jpg,C:/Users/seanf/Desktop/archive/cars_train/cars_train/04988.jpg,141
55,149,529,343,44,Bentley Continental Flying Spur Sedan 2007,04989.jpg,C:/Users/seanf/Desktop/archive/cars_train/cars_train/04989.jpg,46
124,334,1390,859,160,McLaren MP4-12C Coupe 2012,04990.jpg,C:/Users/seanf/Desktop/archive/cars_train/cars_train/04990.jpg,116
14,26,189,91,123,Geo Metro Convertible 1993,04991.jpg,C:/Users/seanf/Desktop/archive/cars_train/cars_train/04991.jpg,5
23,73,486,336,118,GMC Terrain SUV 2012,04992.jpg,C:/Users/seanf/Desktop/archive/cars_train/cars_train/04992.jpg,179
42,90,613,398,75,Chevrolet Silverado 1500 Regular Cab 2012,04993.jpg,C:/Users/seanf/Desktop/archive/cars_train/cars_train/04993.jpg,159
27,8,417,346,105,Fisker Karma Sedan 2012,04994.jpg,C:/Users/seanf/Desktop/archive/cars_train/cars_train/04994.jpg,34
26,84,401,284,128,Honda Accord Coupe 2012,04995.jpg,C:/Users/seanf/Desktop/archive/cars_train/cars_train/04995.jpg,126
77,139,803,549,124,HUMMER H3T Crew Cab 2010,04996.jpg,C:/Users/seanf/Desktop/archive/cars_train/cars_train/04996.jpg,49
80,42,448,285,131,Hyundai Santa Fe SUV 2012,04997.jpg,C:/Users/seanf/Desktop/archive/cars_train/cars_train/04997.jpg,80
8,51,799,411,30,BMW 3 Series Wagon 2012,04998.jpg,C:/Users/seanf/Desktop/archive/cars_train/cars_train/04998.jpg,101
55,80,978,667,111,Ford Ranger SuperCab 2011,04999.jpg,C:/Users/seanf/Desktop/archive/cars_train/cars_train/04999.jpg,56
15,37,258,180,72,Chevrolet Monte Carlo Coupe 2007,05000.jpg,C:/Users/seanf/Desktop/archive/cars_train/cars_train/05000.jpg,130
1,27,640,438,179,Spyker C8 Convertible 2009,05001.jpg,C:/Users/seanf/Desktop/archive/cars_train/cars_train/05001.jpg,104
26,46,481,228,12,Audi RS 4 Convertible 2008,05002.jpg,C:/Users/seanf/Desktop/archive/cars_train/cars_train/05002.jpg,125
8,29,276,178,90,Dodge Dakota Crew Cab 2010,05003.jpg,C:/Users/seanf/Desktop/archive/cars_train/cars_train/05003.jpg,48
71,137,595,441,86,Dodge Ram Pickup 3500 Crew Cab 2010,05004.jpg,C:/Users/seanf/Desktop/archive/cars_train/cars_train/05004.jpg,25
56,60,346,222,115,Ford Focus Sedan 2007,05005.jpg,C:/Users/seanf/Desktop/archive/cars_train/cars_train/05005.jpg,169
22,13,292,188,37,BMW X3 SUV 2012,05006.jpg,C:/Users/seanf/Desktop/archive/cars_train/cars_train/05006.jpg,75
39,142,617,354,20,Audi S6 Sedan 2011,05007.jpg,C:/Users/seanf/Desktop/archive/cars_train/cars_train/05007.jpg,69
71,77,575,381,73,Chevrolet Malibu Sedan 2007,05008.jpg,C:/Users/seanf/Desktop/archive/cars_train/cars_train/05008.jpg,16
71,16,399,321,45,Bugatti Veyron 16.4 Convertible 2009,05009.jpg,C:/Users/seanf/Desktop/archive/cars_train/cars_train/05009.jpg,119
27,84,281,184,103,Ferrari 458 Italia Convertible 2012,05010.jpg,C:/Users/seanf/Desktop/archive/cars_train/cars_train/05010.jpg,146
1,31,140,77,34,BMW M3 Coupe 2012,05011.jpg,C:/Users/seanf/Desktop/archive/cars_train/cars_train/05011.jpg,184
42,77,617,463,195,Volvo XC90 SUV 2007,05012.jpg,C:/Users/seanf/Desktop/archive/cars_train/cars_train/05012.jpg,131
16,59,472,304,61,Chevrolet Impala Sedan 2007,05013.jpg,C:/Users/seanf/Desktop/archive/cars_train/cars_train/05013.jpg,77
58,364,970,682,156,Lincoln Town Car Sedan 2011,05014.jpg,C:/Users/seanf/Desktop/archive/cars_train/cars_train/05014.jpg,153
172,99,853,696,79,Chrysler 300 SRT-8 2010,05015.jpg,C:/Users/seanf/Desktop/archive/cars_train/cars_train/05015.jpg,19
256,171,580,359,46,Bugatti Veyron 16.4 Coupe 2009,05016.jpg,C:/Users/seanf/Desktop/archive/cars_train/cars_train/05016.jpg,149
23,53,271,198,116,Ford E-Series Wagon Van 2012,05017.jpg,C:/Users/seanf/Desktop/archive/cars_train/cars_train/05017.jpg,67
23,67,605,392,181,Suzuki Aerio Sedan 2007,05018.jpg,C:/Users/seanf/Desktop/archive/cars_train/cars_train/05018.jpg,163
59,61,558,410,140,Hyundai Azera Sedan 2012,05019.jpg,C:/Users/seanf/Desktop/archive/cars_train/cars_train/05019.jpg,98
6,81,613,420,71,Chevrolet Express Van 2007,05020.jpg,C:/Users/seanf/Desktop/archive/cars_train/cars_train/05020.jpg,76
86,237,979,588,160,McLaren MP4-12C Coupe 2012,05021.jpg,C:/Users/seanf/Desktop/archive/cars_train/cars_train/05021.jpg,116
50,243,1424,883,145,Jeep Patriot SUV 2012,05022.jpg,C:/Users/seanf/Desktop/archive/cars_train/cars_train/05022.jpg,68
201,112,513,342,10,Aston Martin Virage Convertible 2012,05023.jpg,C:/Users/seanf/Desktop/archive/cars_train/cars_train/05023.jpg,133
57,189,944,587,186,Toyota Sequoia SUV 2012,05024.jpg,C:/Users/seanf/Desktop/archive/cars_train/cars_train/05024.jpg,11
22,55,290,221,121,GMC Acadia SUV 2012,05025.jpg,C:/Users/seanf/Desktop/archive/cars_train/cars_train/05025.jpg,82
84,54,443,313,137,Hyundai Genesis Sedan 2012,05026.jpg,C:/Users/seanf/Desktop/archive/cars_train/cars_train/05026.jpg,83
60,99,614,399,190,Volkswagen Golf Hatchback 2012,05027.jpg,C:/Users/seanf/Desktop/archive/cars_train/cars_train/05027.jpg,51
52,15,274,142,28,BMW 1 Series Coupe 2012,05028.jpg,C:/Users/seanf/Desktop/archive/cars_train/cars_train/05028.jpg,88
22,214,783,520,40,Bentley Arnage Sedan 2009,05029.jpg,C:/Users/seanf/Desktop/archive/cars_train/cars_train/05029.jpg,95
60,76,593,393,1,AM General Hummer SUV 2000,05030.jpg,C:/Users/seanf/Desktop/archive/cars_train/cars_train/05030.jpg,107
46,109,492,317,165,Mercedes-Benz S-Class Sedan 2012,05031.jpg,C:/Users/seanf/Desktop/archive/cars_train/cars_train/05031.jpg,70
108,58,316,203,71,Chevrolet Express Van 2007,05032.jpg,C:/Users/seanf/Desktop/archive/cars_train/cars_train/05032.jpg,76
78,106,321,238,52,Cadillac SRX SUV 2012,05033.jpg,C:/Users/seanf/Desktop/archive/cars_train/cars_train/05033.jpg,189
8,26,442,313,67,Chevrolet Malibu Hybrid Sedan 2010,05034.jpg,C:/Users/seanf/Desktop/archive/cars_train/cars_train/05034.jpg,166
129,265,1980,1114,119,GMC Savana Van 2012,05035.jpg,C:/Users/seanf/Desktop/archive/cars_train/cars_train/05035.jpg,38
58,231,1145,770,164,Mercedes-Benz E-Class Sedan 2012,05036.jpg,C:/Users/seanf/Desktop/archive/cars_train/cars_train/05036.jpg,177
111,123,657,436,130,Hyundai Veloster Hatchback 2012,05037.jpg,C:/Users/seanf/Desktop/archive/cars_train/cars_train/05037.jpg,152
41,52,218,170,114,Ford F-150 Regular Cab 2007,05038.jpg,C:/Users/seanf/Desktop/archive/cars_train/cars_train/05038.jpg,50
106,17,517,360,178,Scion xD Hatchback 2012,05039.jpg,C:/Users/seanf/Desktop/archive/cars_train/cars_train/05039.jpg,93
381,293,863,512,25,Audi TT RS Coupe 2012,05040.jpg,C:/Users/seanf/Desktop/archive/cars_train/cars_train/05040.jpg,39
3,6,202,159,88,Dodge Sprinter Cargo Van 2009,05041.jpg,C:/Users/seanf/Desktop/archive/cars_train/cars_train/05041.jpg,81
147,119,1078,596,6,Acura Integra Type R 2001,05042.jpg,C:/Users/seanf/Desktop/archive/cars_train/cars_train/05042.jpg,123
21,69,288,210,190,Volkswagen Golf Hatchback 2012,05043.jpg,C:/Users/seanf/Desktop/archive/cars_train/cars_train/05043.jpg,51
18,12,251,183,131,Hyundai Santa Fe SUV 2012,05044.jpg,C:/Users/seanf/Desktop/archive/cars_train/cars_train/05044.jpg,80
29,74,605,431,192,Volkswagen Beetle Hatchback 2012,05045.jpg,C:/Users/seanf/Desktop/archive/cars_train/cars_train/05045.jpg,17
187,337,1438,862,90,Dodge Dakota Crew Cab 2010,05046.jpg,C:/Users/seanf/Desktop/archive/cars_train/cars_train/05046.jpg,48
51,46,439,250,155,Land Rover LR2 SUV 2012,05047.jpg,C:/Users/seanf/Desktop/archive/cars_train/cars_train/05047.jpg,97
40,70,562,350,10,Aston Martin Virage Convertible 2012,05048.jpg,C:/Users/seanf/Desktop/archive/cars_train/cars_train/05048.jpg,133
190,167,581,383,46,Bugatti Veyron 16.4 Coupe 2009,05049.jpg,C:/Users/seanf/Desktop/archive/cars_train/cars_train/05049.jpg,149
40,70,1582,1030,23,Audi S4 Sedan 2012,05050.jpg,C:/Users/seanf/Desktop/archive/cars_train/cars_train/05050.jpg,127
29,40,418,319,100,FIAT 500 Convertible 2012,05051.jpg,C:/Users/seanf/Desktop/archive/cars_train/cars_train/05051.jpg,151
83,93,686,425,3,Acura TL Sedan 2012,05052.jpg,C:/Users/seanf/Desktop/archive/cars_train/cars_train/05052.jpg,1
21,154,607,367,180,Spyker C8 Coupe 2009,05053.jpg,C:/Users/seanf/Desktop/archive/cars_train/cars_train/05053.jpg,26
41,78,990,711,52,Cadillac SRX SUV 2012,05054.jpg,C:/Users/seanf/Desktop/archive/cars_train/cars_train/05054.jpg,189
187,225,886,762,165,Mercedes-Benz S-Class Sedan 2012,05055.jpg,C:/Users/seanf/Desktop/archive/cars_train/cars_train/05055.jpg,70
37,180,978,619,97,Dodge Charger SRT-8 2009,05056.jpg,C:/Users/seanf/Desktop/archive/cars_train/cars_train/05056.jpg,33
63,106,435,329,4,Acura TL Type-S 2008,05057.jpg,C:/Users/seanf/Desktop/archive/cars_train/cars_train/05057.jpg,174
18,55,625,389,33,BMW X6 SUV 2012,05058.jpg,C:/Users/seanf/Desktop/archive/cars_train/cars_train/05058.jpg,187
139,298,756,598,104,Ferrari 458 Italia Coupe 2012,05059.jpg,C:/Users/seanf/Desktop/archive/cars_train/cars_train/05059.jpg,31
153,59,861,658,132,Hyundai Tucson SUV 2012,05060.jpg,C:/Users/seanf/Desktop/archive/cars_train/cars_train/05060.jpg,138
267,753,3247,1744,98,Eagle Talon Hatchback 1998,05061.jpg,C:/Users/seanf/Desktop/archive/cars_train/cars_train/05061.jpg,185
22,22,310,222,106,Ford F-450 Super Duty Crew Cab 2012,05062.jpg,C:/Users/seanf/Desktop/archive/cars_train/cars_train/05062.jpg,4
36,56,605,455,13,Audi A5 Coupe 2012,05063.jpg,C:/Users/seanf/Desktop/archive/cars_train/cars_train/05063.jpg,36
85,79,530,401,115,Ford Focus Sedan 2007,05064.jpg,C:/Users/seanf/Desktop/archive/cars_train/cars_train/05064.jpg,169
37,102,605,389,115,Ford Focus Sedan 2007,05065.jpg,C:/Users/seanf/Desktop/archive/cars_train/cars_train/05065.jpg,169
25,74,221,174,42,Bentley Continental GT Coupe 2012,05066.jpg,C:/Users/seanf/Desktop/archive/cars_train/cars_train/05066.jpg,42
17,46,383,230,19,Audi TT Hatchback 2011,05067.jpg,C:/Users/seanf/Desktop/archive/cars_train/cars_train/05067.jpg,110
80,231,1167,667,43,Bentley Continental GT Coupe 2007,05068.jpg,C:/Users/seanf/Desktop/archive/cars_train/cars_train/05068.jpg,65
128,101,347,195,38,BMW Z4 Convertible 2012,05069.jpg,C:/Users/seanf/Desktop/archive/cars_train/cars_train/05069.jpg,32
33,74,375,259,77,Chrysler Sebring Convertible 2010,05070.jpg,C:/Users/seanf/Desktop/archive/cars_train/cars_train/05070.jpg,122
66,70,478,293,52,Cadillac SRX SUV 2012,05071.jpg,C:/Users/seanf/Desktop/archive/cars_train/cars_train/05071.jpg,189
25,50,239,159,38,BMW Z4 Convertible 2012,05072.jpg,C:/Users/seanf/Desktop/archive/cars_train/cars_train/05072.jpg,32
52,64,217,150,103,Ferrari 458 Italia Convertible 2012,05073.jpg,C:/Users/seanf/Desktop/archive/cars_train/cars_train/05073.jpg,146
23,106,462,301,78,Chrysler Town and Country Minivan 2012,05074.jpg,C:/Users/seanf/Desktop/archive/cars_train/cars_train/05074.jpg,195
29,33,243,153,25,Audi TT RS Coupe 2012,05075.jpg,C:/Users/seanf/Desktop/archive/cars_train/cars_train/05075.jpg,39
39,73,261,137,151,Lamborghini Aventador Coupe 2012,05076.jpg,C:/Users/seanf/Desktop/archive/cars_train/cars_train/05076.jpg,154
25,44,559,273,7,Acura ZDX Hatchback 2012,05077.jpg,C:/Users/seanf/Desktop/archive/cars_train/cars_train/05077.jpg,139
24,115,582,293,103,Ferrari 458 Italia Convertible 2012,05078.jpg,C:/Users/seanf/Desktop/archive/cars_train/cars_train/05078.jpg,146
17,21,400,300,159,Mazda Tribute SUV 2011,05079.jpg,C:/Users/seanf/Desktop/archive/cars_train/cars_train/05079.jpg,183
18,144,789,463,79,Chrysler 300 SRT-8 2010,05080.jpg,C:/Users/seanf/Desktop/archive/cars_train/cars_train/05080.jpg,19
8,1,498,196,51,Cadillac CTS-V Sedan 2012,05081.jpg,C:/Users/seanf/Desktop/archive/cars_train/cars_train/05081.jpg,74
36,35,401,241,66,Chevrolet Cobalt SS 2010,05082.jpg,C:/Users/seanf/Desktop/archive/cars_train/cars_train/05082.jpg,29
22,78,378,236,13,Audi A5 Coupe 2012,05083.jpg,C:/Users/seanf/Desktop/archive/cars_train/cars_train/05083.jpg,36
59,60,542,346,98,Eagle Talon Hatchback 1998,05084.jpg,C:/Users/seanf/Desktop/archive/cars_train/cars_train/05084.jpg,185
17,44,256,174,23,Audi S4 Sedan 2012,05085.jpg,C:/Users/seanf/Desktop/archive/cars_train/cars_train/05085.jpg,127
14,135,567,305,15,Audi R8 Coupe 2012,05086.jpg,C:/Users/seanf/Desktop/archive/cars_train/cars_train/05086.jpg,44
25,99,587,384,35,BMW M5 Sedan 2010,05087.jpg,C:/Users/seanf/Desktop/archive/cars_train/cars_train/05087.jpg,194
42,78,362,299,178,Scion xD Hatchback 2012,05088.jpg,C:/Users/seanf/Desktop/archive/cars_train/cars_train/05088.jpg,93
68,287,1228,667,179,Spyker C8 Convertible 2009,05089.jpg,C:/Users/seanf/Desktop/archive/cars_train/cars_train/05089.jpg,104
134,43,467,158,26,BMW ActiveHybrid 5 Sedan 2012,05090.jpg,C:/Users/seanf/Desktop/archive/cars_train/cars_train/05090.jpg,140
97,141,955,585,115,Ford Focus Sedan 2007,05091.jpg,C:/Users/seanf/Desktop/archive/cars_train/cars_train/05091.jpg,169
26,48,459,335,113,Ford F-150 Regular Cab 2012,05092.jpg,C:/Users/seanf/Desktop/archive/cars_train/cars_train/05092.jpg,167
13,122,393,283,139,Hyundai Elantra Touring Hatchback 2012,05093.jpg,C:/Users/seanf/Desktop/archive/cars_train/cars_train/05093.jpg,28
43,114,486,253,38,BMW Z4 Convertible 2012,05094.jpg,C:/Users/seanf/Desktop/archive/cars_train/cars_train/05094.jpg,32
51,193,1001,656,42,Bentley Continental GT Coupe 2012,05095.jpg,C:/Users/seanf/Desktop/archive/cars_train/cars_train/05095.jpg,42
2,82,381,187,153,Lamborghini Diablo Coupe 2001,05096.jpg,C:/Users/seanf/Desktop/archive/cars_train/cars_train/05096.jpg,143
11,4,289,180,160,McLaren MP4-12C Coupe 2012,05097.jpg,C:/Users/seanf/Desktop/archive/cars_train/cars_train/05097.jpg,116
87,80,827,700,146,Jeep Wrangler SUV 2012,05098.jpg,C:/Users/seanf/Desktop/archive/cars_train/cars_train/05098.jpg,173
5,63,286,174,107,Ford Mustang Convertible 2007,05099.jpg,C:/Users/seanf/Desktop/archive/cars_train/cars_train/05099.jpg,132
14,90,611,446,120,GMC Yukon Hybrid SUV 2012,05100.jpg,C:/Users/seanf/Desktop/archive/cars_train/cars_train/05100.jpg,21
166,597,1949,1431,164,Mercedes-Benz E-Class Sedan 2012,05101.jpg,C:/Users/seanf/Desktop/archive/cars_train/cars_train/05101.jpg,177
13,19,318,235,85,Dodge Caravan Minivan 1997,05102.jpg,C:/Users/seanf/Desktop/archive/cars_train/cars_train/05102.jpg,13
47,35,590,403,94,Dodge Durango SUV 2012,05103.jpg,C:/Users/seanf/Desktop/archive/cars_train/cars_train/05103.jpg,61
42,188,769,477,145,Jeep Patriot SUV 2012,05104.jpg,C:/Users/seanf/Desktop/archive/cars_train/cars_train/05104.jpg,68
27,40,279,142,30,BMW 3 Series Wagon 2012,05105.jpg,C:/Users/seanf/Desktop/archive/cars_train/cars_train/05105.jpg,101
9,11,246,179,125,HUMMER H2 SUT Crew Cab 2009,05106.jpg,C:/Users/seanf/Desktop/archive/cars_train/cars_train/05106.jpg,115
31,44,379,250,152,Lamborghini Gallardo LP 570-4 Superleggera 2012,05107.jpg,C:/Users/seanf/Desktop/archive/cars_train/cars_train/05107.jpg,176
5,15,298,139,108,Ford Freestar Minivan 2007,05108.jpg,C:/Users/seanf/Desktop/archive/cars_train/cars_train/05108.jpg,108
97,32,518,228,183,Suzuki SX4 Hatchback 2012,05109.jpg,C:/Users/seanf/Desktop/archive/cars_train/cars_train/05109.jpg,118
126,171,1665,1182,149,Jeep Compass SUV 2012,05110.jpg,C:/Users/seanf/Desktop/archive/cars_train/cars_train/05110.jpg,102
22,65,473,287,93,Dodge Challenger SRT8 2011,05111.jpg,C:/Users/seanf/Desktop/archive/cars_train/cars_train/05111.jpg,117
25,112,588,334,66,Chevrolet Cobalt SS 2010,05112.jpg,C:/Users/seanf/Desktop/archive/cars_train/cars_train/05112.jpg,29
16,37,243,158,106,Ford F-450 Super Duty Crew Cab 2012,05113.jpg,C:/Users/seanf/Desktop/archive/cars_train/cars_train/05113.jpg,4
24,95,276,237,21,Audi S5 Convertible 2012,05114.jpg,C:/Users/seanf/Desktop/archive/cars_train/cars_train/05114.jpg,144
26,64,235,185,113,Ford F-150 Regular Cab 2012,05115.jpg,C:/Users/seanf/Desktop/archive/cars_train/cars_train/05115.jpg,167
32,42,584,347,14,Audi TTS Coupe 2012,05116.jpg,C:/Users/seanf/Desktop/archive/cars_train/cars_train/05116.jpg,0
51,321,1517,1122,187,Toyota Camry Sedan 2012,05117.jpg,C:/Users/seanf/Desktop/archive/cars_train/cars_train/05117.jpg,53
16,55,246,163,80,Chrysler Crossfire Convertible 2008,05118.jpg,C:/Users/seanf/Desktop/archive/cars_train/cars_train/05118.jpg,175
52,118,743,513,196,smart fortwo Convertible 2012,05119.jpg,C:/Users/seanf/Desktop/archive/cars_train/cars_train/05119.jpg,134
31,219,613,417,194,Volvo 240 Sedan 1993,05120.jpg,C:/Users/seanf/Desktop/archive/cars_train/cars_train/05120.jpg,23
117,196,661,383,124,HUMMER H3T Crew Cab 2010,05121.jpg,C:/Users/seanf/Desktop/archive/cars_train/cars_train/05121.jpg,49
44,56,397,306,20,Audi S6 Sedan 2011,05122.jpg,C:/Users/seanf/Desktop/archive/cars_train/cars_train/05122.jpg,69
108,149,1137,637,96,Dodge Charger Sedan 2012,05123.jpg,C:/Users/seanf/Desktop/archive/cars_train/cars_train/05123.jpg,7
26,147,629,386,50,Buick Enclave SUV 2012,05124.jpg,C:/Users/seanf/Desktop/archive/cars_train/cars_train/05124.jpg,113
42,170,591,389,4,Acura TL Type-S 2008,05125.jpg,C:/Users/seanf/Desktop/archive/cars_train/cars_train/05125.jpg,174
188,106,581,295,152,Lamborghini Gallardo LP 570-4 Superleggera 2012,05126.jpg,C:/Users/seanf/Desktop/archive/cars_train/cars_train/05126.jpg,176
19,37,235,134,188,Toyota Corolla Sedan 2012,05127.jpg,C:/Users/seanf/Desktop/archive/cars_train/cars_train/05127.jpg,62
15,58,246,139,5,Acura TSX Sedan 2012,05128.jpg,C:/Users/seanf/Desktop/archive/cars_train/cars_train/05128.jpg,58
172,107,582,335,22,Audi S5 Coupe 2012,05129.jpg,C:/Users/seanf/Desktop/archive/cars_train/cars_train/05129.jpg,164
35,38,222,163,86,Dodge Ram Pickup 3500 Crew Cab 2010,05130.jpg,C:/Users/seanf/Desktop/archive/cars_train/cars_train/05130.jpg,25
50,159,595,456,155,Land Rover LR2 SUV 2012,05131.jpg,C:/Users/seanf/Desktop/archive/cars_train/cars_train/05131.jpg,97
35,92,405,309,32,BMW X5 SUV 2007,05132.jpg,C:/Users/seanf/Desktop/archive/cars_train/cars_train/05132.jpg,172
37,72,281,187,157,MINI Cooper Roadster Convertible 2012,05133.jpg,C:/Users/seanf/Desktop/archive/cars_train/cars_train/05133.jpg,190
19,61,472,309,139,Hyundai Elantra Touring Hatchback 2012,05134.jpg,C:/Users/seanf/Desktop/archive/cars_train/cars_train/05134.jpg,28
3,11,258,137,108,Ford Freestar Minivan 2007,05135.jpg,C:/Users/seanf/Desktop/archive/cars_train/cars_train/05135.jpg,108
32,116,569,370,105,Fisker Karma Sedan 2012,05136.jpg,C:/Users/seanf/Desktop/archive/cars_train/cars_train/05136.jpg,34
54,44,578,401,133,Hyundai Veracruz SUV 2012,05137.jpg,C:/Users/seanf/Desktop/archive/cars_train/cars_train/05137.jpg,30
21,6,341,146,15,Audi R8 Coupe 2012,05138.jpg,C:/Users/seanf/Desktop/archive/cars_train/cars_train/05138.jpg,44
21,104,514,377,154,Land Rover Range Rover SUV 2012,05139.jpg,C:/Users/seanf/Desktop/archive/cars_train/cars_train/05139.jpg,27
37,102,723,407,58,Chevrolet Traverse SUV 2012,05140.jpg,C:/Users/seanf/Desktop/archive/cars_train/cars_train/05140.jpg,9
59,85,994,677,63,Chevrolet Sonic Sedan 2012,05141.jpg,C:/Users/seanf/Desktop/archive/cars_train/cars_train/05141.jpg,129
24,86,472,309,92,Dodge Magnum Wagon 2008,05142.jpg,C:/Users/seanf/Desktop/archive/cars_train/cars_train/05142.jpg,180
3,24,572,275,10,Aston Martin Virage Convertible 2012,05143.jpg,C:/Users/seanf/Desktop/archive/cars_train/cars_train/05143.jpg,133
43,276,973,562,21,Audi S5 Convertible 2012,05144.jpg,C:/Users/seanf/Desktop/archive/cars_train/cars_train/05144.jpg,144
17,68,402,241,44,Bentley Continental Flying Spur Sedan 2007,05145.jpg,C:/Users/seanf/Desktop/archive/cars_train/cars_train/05145.jpg,46
123,69,489,259,25,Audi TT RS Coupe 2012,05146.jpg,C:/Users/seanf/Desktop/archive/cars_train/cars_train/05146.jpg,39
53,114,577,299,171,Nissan 240SX Coupe 1998,05147.jpg,C:/Users/seanf/Desktop/archive/cars_train/cars_train/05147.jpg,92
72,109,529,323,13,Audi A5 Coupe 2012,05148.jpg,C:/Users/seanf/Desktop/archive/cars_train/cars_train/05148.jpg,36
55,22,593,399,149,Jeep Compass SUV 2012,05149.jpg,C:/Users/seanf/Desktop/archive/cars_train/cars_train/05149.jpg,102
55,113,523,331,21,Audi S5 Convertible 2012,05150.jpg,C:/Users/seanf/Desktop/archive/cars_train/cars_train/05150.jpg,144
47,140,611,426,120,GMC Yukon Hybrid SUV 2012,05151.jpg,C:/Users/seanf/Desktop/archive/cars_train/cars_train/05151.jpg,21
48,92,261,161,59,Chevrolet Camaro Convertible 2012,05152.jpg,C:/Users/seanf/Desktop/archive/cars_train/cars_train/05152.jpg,63
28,94,614,389,144,Jaguar XK XKR 2012,05153.jpg,C:/Users/seanf/Desktop/archive/cars_train/cars_train/05153.jpg,89
335,234,992,740,149,Jeep Compass SUV 2012,05154.jpg,C:/Users/seanf/Desktop/archive/cars_train/cars_train/05154.jpg,102
22,53,1773,1013,120,GMC Yukon Hybrid SUV 2012,05155.jpg,C:/Users/seanf/Desktop/archive/cars_train/cars_train/05155.jpg,21
89,137,524,335,31,BMW 6 Series Convertible 2007,05156.jpg,C:/Users/seanf/Desktop/archive/cars_train/cars_train/05156.jpg,145
172,22,760,469,151,Lamborghini Aventador Coupe 2012,05157.jpg,C:/Users/seanf/Desktop/archive/cars_train/cars_train/05157.jpg,154
1,31,443,299,39,Bentley Continental Supersports Conv. Convertible 2012,05158.jpg,C:/Users/seanf/Desktop/archive/cars_train/cars_train/05158.jpg,170
9,66,600,373,114,Ford F-150 Regular Cab 2007,05159.jpg,C:/Users/seanf/Desktop/archive/cars_train/cars_train/05159.jpg,50
12,64,254,140,107,Ford Mustang Convertible 2007,05160.jpg,C:/Users/seanf/Desktop/archive/cars_train/cars_train/05160.jpg,132
32,43,620,437,131,Hyundai Santa Fe SUV 2012,05161.jpg,C:/Users/seanf/Desktop/archive/cars_train/cars_train/05161.jpg,80
29,32,472,331,20,Audi S6 Sedan 2011,05162.jpg,C:/Users/seanf/Desktop/archive/cars_train/cars_train/05162.jpg,69
68,116,543,371,38,BMW Z4 Convertible 2012,05163.jpg,C:/Users/seanf/Desktop/archive/cars_train/cars_train/05163.jpg,32
15,107,624,363,182,Suzuki Kizashi Sedan 2012,05164.jpg,C:/Users/seanf/Desktop/archive/cars_train/cars_train/05164.jpg,160
16,83,564,322,172,Plymouth Neon Coupe 1999,05165.jpg,C:/Users/seanf/Desktop/archive/cars_train/cars_train/05165.jpg,15
36,60,586,354,122,GMC Canyon Extended Cab 2012,05166.jpg,C:/Users/seanf/Desktop/archive/cars_train/cars_train/05166.jpg,57
11,24,117,76,174,Ram C/V Cargo Van Minivan 2012,05167.jpg,C:/Users/seanf/Desktop/archive/cars_train/cars_train/05167.jpg,103
40,184,702,493,68,Chevrolet TrailBlazer SS 2009,05168.jpg,C:/Users/seanf/Desktop/archive/cars_train/cars_train/05168.jpg,114
55,167,769,406,194,Volvo 240 Sedan 1993,05169.jpg,C:/Users/seanf/Desktop/archive/cars_train/cars_train/05169.jpg,23
6,85,292,192,104,Ferrari 458 Italia Coupe 2012,05170.jpg,C:/Users/seanf/Desktop/archive/cars_train/cars_train/05170.jpg,31
214,27,558,235,195,Volvo XC90 SUV 2007,05171.jpg,C:/Users/seanf/Desktop/archive/cars_train/cars_train/05171.jpg,131
208,207,772,513,177,Rolls-Royce Phantom Sedan 2012,05172.jpg,C:/Users/seanf/Desktop/archive/cars_train/cars_train/05172.jpg,40
48,70,274,200,35,BMW M5 Sedan 2010,05173.jpg,C:/Users/seanf/Desktop/archive/cars_train/cars_train/05173.jpg,194
18,63,639,396,70,Chevrolet Silverado 1500 Classic Extended Cab 2007,05174.jpg,C:/Users/seanf/Desktop/archive/cars_train/cars_train/05174.jpg,171
111,11,531,320,187,Toyota Camry Sedan 2012,05175.jpg,C:/Users/seanf/Desktop/archive/cars_train/cars_train/05175.jpg,53
48,51,279,179,62,Chevrolet Tahoe Hybrid SUV 2012,05176.jpg,C:/Users/seanf/Desktop/archive/cars_train/cars_train/05176.jpg,161
16,24,580,282,17,Audi 100 Sedan 1994,05177.jpg,C:/Users/seanf/Desktop/archive/cars_train/cars_train/05177.jpg,55
5,169,799,506,79,Chrysler 300 SRT-8 2010,05178.jpg,C:/Users/seanf/Desktop/archive/cars_train/cars_train/05178.jpg,19
2,63,625,402,61,Chevrolet Impala Sedan 2007,05179.jpg,C:/Users/seanf/Desktop/archive/cars_train/cars_train/05179.jpg,77
45,120,569,362,179,Spyker C8 Convertible 2009,05180.jpg,C:/Users/seanf/Desktop/archive/cars_train/cars_train/05180.jpg,104
30,162,565,379,17,Audi 100 Sedan 1994,05181.jpg,C:/Users/seanf/Desktop/archive/cars_train/cars_train/05181.jpg,55
21,121,390,381,105,Fisker Karma Sedan 2012,05182.jpg,C:/Users/seanf/Desktop/archive/cars_train/cars_train/05182.jpg,34
15,59,1147,617,25,Audi TT RS Coupe 2012,05183.jpg,C:/Users/seanf/Desktop/archive/cars_train/cars_train/05183.jpg,39
24,144,607,398,83,Dodge Caliber Wagon 2012,05184.jpg,C:/Users/seanf/Desktop/archive/cars_train/cars_train/05184.jpg,84
80,231,861,679,112,Ford GT Coupe 2006,05185.jpg,C:/Users/seanf/Desktop/archive/cars_train/cars_train/05185.jpg,73
14,47,467,221,114,Ford F-150 Regular Cab 2007,05186.jpg,C:/Users/seanf/Desktop/archive/cars_train/cars_train/05186.jpg,50
29,5,211,144,106,Ford F-450 Super Duty Crew Cab 2012,05187.jpg,C:/Users/seanf/Desktop/archive/cars_train/cars_train/05187.jpg,4
28,42,463,308,111,Ford Ranger SuperCab 2011,05188.jpg,C:/Users/seanf/Desktop/archive/cars_train/cars_train/05188.jpg,56
17,49,584,433,146,Jeep Wrangler SUV 2012,05189.jpg,C:/Users/seanf/Desktop/archive/cars_train/cars_train/05189.jpg,173
80,86,544,299,93,Dodge Challenger SRT8 2011,05190.jpg,C:/Users/seanf/Desktop/archive/cars_train/cars_train/05190.jpg,117
24,138,617,358,59,Chevrolet Camaro Convertible 2012,05191.jpg,C:/Users/seanf/Desktop/archive/cars_train/cars_train/05191.jpg,63
55,14,529,374,53,Cadillac Escalade EXT Crew Cab 2007,05192.jpg,C:/Users/seanf/Desktop/archive/cars_train/cars_train/05192.jpg,45
72,103,598,302,142,Infiniti QX56 SUV 2011,05193.jpg,C:/Users/seanf/Desktop/archive/cars_train/cars_train/05193.jpg,35
29,44,587,463,95,Dodge Durango SUV 2007,05194.jpg,C:/Users/seanf/Desktop/archive/cars_train/cars_train/05194.jpg,193
67,355,1549,1063,170,Nissan Juke Hatchback 2012,05195.jpg,C:/Users/seanf/Desktop/archive/cars_train/cars_train/05195.jpg,22
41,41,239,134,111,Ford Ranger SuperCab 2011,05196.jpg,C:/Users/seanf/Desktop/archive/cars_train/cars_train/05196.jpg,56
39,141,594,355,7,Acura ZDX Hatchback 2012,05197.jpg,C:/Users/seanf/Desktop/archive/cars_train/cars_train/05197.jpg,139
244,153,632,397,140,Hyundai Azera Sedan 2012,05198.jpg,C:/Users/seanf/Desktop/archive/cars_train/cars_train/05198.jpg,98
224,49,621,346,119,GMC Savana Van 2012,05199.jpg,C:/Users/seanf/Desktop/archive/cars_train/cars_train/05199.jpg,38
86,19,505,316,138,Hyundai Sonata Sedan 2012,05200.jpg,C:/Users/seanf/Desktop/archive/cars_train/cars_train/05200.jpg,71
12,47,251,162,97,Dodge Charger SRT-8 2009,05201.jpg,C:/Users/seanf/Desktop/archive/cars_train/cars_train/05201.jpg,33
21,45,269,160,177,Rolls-Royce Phantom Sedan 2012,05202.jpg,C:/Users/seanf/Desktop/archive/cars_train/cars_train/05202.jpg,40
6,50,300,167,45,Bugatti Veyron 16.4 Convertible 2009,05203.jpg,C:/Users/seanf/Desktop/archive/cars_train/cars_train/05203.jpg,119
46,81,507,278,157,MINI Cooper Roadster Convertible 2012,05204.jpg,C:/Users/seanf/Desktop/archive/cars_train/cars_train/05204.jpg,190
35,50,673,495,124,HUMMER H3T Crew Cab 2010,05205.jpg,C:/Users/seanf/Desktop/archive/cars_train/cars_train/05205.jpg,49
118,39,882,681,172,Plymouth Neon Coupe 1999,05206.jpg,C:/Users/seanf/Desktop/archive/cars_train/cars_train/05206.jpg,15
111,184,543,358,126,Honda Odyssey Minivan 2012,05207.jpg,C:/Users/seanf/Desktop/archive/cars_train/cars_train/05207.jpg,60
100,240,1577,968,55,Chevrolet Corvette Convertible 2012,05208.jpg,C:/Users/seanf/Desktop/archive/cars_train/cars_train/05208.jpg,148
3,40,300,154,92,Dodge Magnum Wagon 2008,05209.jpg,C:/Users/seanf/Desktop/archive/cars_train/cars_train/05209.jpg,180
18,84,205,167,161,Mercedes-Benz 300-Class Convertible 1993,05210.jpg,C:/Users/seanf/Desktop/archive/cars_train/cars_train/05210.jpg,86
52,21,400,262,180,Spyker C8 Coupe 2009,05211.jpg,C:/Users/seanf/Desktop/archive/cars_train/cars_train/05211.jpg,26
15,82,337,223,20,Audi S6 Sedan 2011,05212.jpg,C:/Users/seanf/Desktop/archive/cars_train/cars_train/05212.jpg,69
99,124,961,665,75,Chevrolet Silverado 1500 Regular Cab 2012,05213.jpg,C:/Users/seanf/Desktop/archive/cars_train/cars_train/05213.jpg,159
16,434,1266,894,79,Chrysler 300 SRT-8 2010,05214.jpg,C:/Users/seanf/Desktop/archive/cars_train/cars_train/05214.jpg,19
14,19,793,452,183,Suzuki SX4 Hatchback 2012,05215.jpg,C:/Users/seanf/Desktop/archive/cars_train/cars_train/05215.jpg,118
135,116,897,579,63,Chevrolet Sonic Sedan 2012,05216.jpg,C:/Users/seanf/Desktop/archive/cars_train/cars_train/05216.jpg,129
111,82,886,584,148,Jeep Grand Cherokee SUV 2012,05217.jpg,C:/Users/seanf/Desktop/archive/cars_train/cars_train/05217.jpg,43
34,162,703,428,60,Chevrolet HHR SS 2010,05218.jpg,C:/Users/seanf/Desktop/archive/cars_train/cars_train/05218.jpg,96
279,316,1345,921,170,Nissan Juke Hatchback 2012,05219.jpg,C:/Users/seanf/Desktop/archive/cars_train/cars_train/05219.jpg,22
16,79,727,449,130,Hyundai Veloster Hatchback 2012,05220.jpg,C:/Users/seanf/Desktop/archive/cars_train/cars_train/05220.jpg,152
34,49,281,144,69,Chevrolet Silverado 2500HD Regular Cab 2012,05221.jpg,C:/Users/seanf/Desktop/archive/cars_train/cars_train/05221.jpg,147
70,101,850,460,69,Chevrolet Silverado 2500HD Regular Cab 2012,05222.jpg,C:/Users/seanf/Desktop/archive/cars_train/cars_train/05222.jpg,147
19,12,252,181,113,Ford F-150 Regular Cab 2012,05223.jpg,C:/Users/seanf/Desktop/archive/cars_train/cars_train/05223.jpg,167
5,14,93,58,1,AM General Hummer SUV 2000,05224.jpg,C:/Users/seanf/Desktop/archive/cars_train/cars_train/05224.jpg,107
108,103,2743,1758,178,Scion xD Hatchback 2012,05225.jpg,C:/Users/seanf/Desktop/archive/cars_train/cars_train/05225.jpg,93
366,401,1516,1012,25,Audi TT RS Coupe 2012,05226.jpg,C:/Users/seanf/Desktop/archive/cars_train/cars_train/05226.jpg,39
41,138,760,519,94,Dodge Durango SUV 2012,05227.jpg,C:/Users/seanf/Desktop/archive/cars_train/cars_train/05227.jpg,61
17,19,640,289,96,Dodge Charger Sedan 2012,05228.jpg,C:/Users/seanf/Desktop/archive/cars_train/cars_train/05228.jpg,7
21,25,463,288,109,Ford Expedition EL SUV 2009,05229.jpg,C:/Users/seanf/Desktop/archive/cars_train/cars_train/05229.jpg,87
223,66,552,261,157,MINI Cooper Roadster Convertible 2012,05230.jpg,C:/Users/seanf/Desktop/archive/cars_train/cars_train/05230.jpg,190
6,34,427,266,69,Chevrolet Silverado 2500HD Regular Cab 2012,05231.jpg,C:/Users/seanf/Desktop/archive/cars_train/cars_train/05231.jpg,147
195,248,854,557,192,Volkswagen Beetle Hatchback 2012,05232.jpg,C:/Users/seanf/Desktop/archive/cars_train/cars_train/05232.jpg,17
70,46,529,309,144,Jaguar XK XKR 2012,05233.jpg,C:/Users/seanf/Desktop/archive/cars_train/cars_train/05233.jpg,89
101,120,944,685,183,Suzuki SX4 Hatchback 2012,05234.jpg,C:/Users/seanf/Desktop/archive/cars_train/cars_train/05234.jpg,118
43,27,594,351,73,Chevrolet Malibu Sedan 2007,05235.jpg,C:/Users/seanf/Desktop/archive/cars_train/cars_train/05235.jpg,16
151,166,1441,1027,101,Ferrari FF Coupe 2012,05236.jpg,C:/Users/seanf/Desktop/archive/cars_train/cars_train/05236.jpg,52
29,32,399,330,195,Volvo XC90 SUV 2007,05237.jpg,C:/Users/seanf/Desktop/archive/cars_train/cars_train/05237.jpg,131
58,217,975,608,141,Infiniti G Coupe IPL 2012,05238.jpg,C:/Users/seanf/Desktop/archive/cars_train/cars_train/05238.jpg,136
55,36,426,314,100,FIAT 500 Convertible 2012,05239.jpg,C:/Users/seanf/Desktop/archive/cars_train/cars_train/05239.jpg,151
24,61,672,487,87,Dodge Ram Pickup 3500 Quad Cab 2009,05240.jpg,C:/Users/seanf/Desktop/archive/cars_train/cars_train/05240.jpg,155
60,420,1634,981,182,Suzuki Kizashi Sedan 2012,05241.jpg,C:/Users/seanf/Desktop/archive/cars_train/cars_train/05241.jpg,160
43,113,618,428,125,HUMMER H2 SUT Crew Cab 2009,05242.jpg,C:/Users/seanf/Desktop/archive/cars_train/cars_train/05242.jpg,115
1,8,111,78,88,Dodge Sprinter Cargo Van 2009,05243.jpg,C:/Users/seanf/Desktop/archive/cars_train/cars_train/05243.jpg,81
53,109,506,379,127,Honda Odyssey Minivan 2007,05244.jpg,C:/Users/seanf/Desktop/archive/cars_train/cars_train/05244.jpg,157
11,27,226,163,196,smart fortwo Convertible 2012,05245.jpg,C:/Users/seanf/Desktop/archive/cars_train/cars_train/05245.jpg,134
129,73,519,405,110,Ford Edge SUV 2012,05246.jpg,C:/Users/seanf/Desktop/archive/cars_train/cars_train/05246.jpg,64
41,120,589,315,179,Spyker C8 Convertible 2009,05247.jpg,C:/Users/seanf/Desktop/archive/cars_train/cars_train/05247.jpg,104
382,172,1249,883,133,Hyundai Veracruz SUV 2012,05248.jpg,C:/Users/seanf/Desktop/archive/cars_train/cars_train/05248.jpg,30
118,128,462,266,55,Chevrolet Corvette Convertible 2012,05249.jpg,C:/Users/seanf/Desktop/archive/cars_train/cars_train/05249.jpg,148
31,38,631,438,109,Ford Expedition EL SUV 2009,05250.jpg,C:/Users/seanf/Desktop/archive/cars_train/cars_train/05250.jpg,87
35,105,531,397,190,Volkswagen Golf Hatchback 2012,05251.jpg,C:/Users/seanf/Desktop/archive/cars_train/cars_train/05251.jpg,51
20,126,932,725,95,Dodge Durango SUV 2007,05252.jpg,C:/Users/seanf/Desktop/archive/cars_train/cars_train/05252.jpg,193
53,1,687,495,95,Dodge Durango SUV 2007,05253.jpg,C:/Users/seanf/Desktop/archive/cars_train/cars_train/05253.jpg,193
5,16,200,150,123,Geo Metro Convertible 1993,05254.jpg,C:/Users/seanf/Desktop/archive/cars_train/cars_train/05254.jpg,5
40,51,538,326,29,BMW 3 Series Sedan 2012,05255.jpg,C:/Users/seanf/Desktop/archive/cars_train/cars_train/05255.jpg,59
137,93,488,416,195,Volvo XC90 SUV 2007,05256.jpg,C:/Users/seanf/Desktop/archive/cars_train/cars_train/05256.jpg,131
6,1,608,367,101,Ferrari FF Coupe 2012,05257.jpg,C:/Users/seanf/Desktop/archive/cars_train/cars_train/05257.jpg,52
80,100,401,371,38,BMW Z4 Convertible 2012,05258.jpg,C:/Users/seanf/Desktop/archive/cars_train/cars_train/05258.jpg,32
179,177,753,452,2,Acura RL Sedan 2012,05259.jpg,C:/Users/seanf/Desktop/archive/cars_train/cars_train/05259.jpg,191
19,12,613,456,176,Rolls-Royce Ghost Sedan 2012,05260.jpg,C:/Users/seanf/Desktop/archive/cars_train/cars_train/05260.jpg,106
10,34,242,126,2,Acura RL Sedan 2012,05261.jpg,C:/Users/seanf/Desktop/archive/cars_train/cars_train/05261.jpg,191
44,108,560,355,60,Chevrolet HHR SS 2010,05262.jpg,C:/Users/seanf/Desktop/archive/cars_train/cars_train/05262.jpg,96
300,176,1185,711,12,Audi RS 4 Convertible 2008,05263.jpg,C:/Users/seanf/Desktop/archive/cars_train/cars_train/05263.jpg,125
75,95,578,368,153,Lamborghini Diablo Coupe 2001,05264.jpg,C:/Users/seanf/Desktop/archive/cars_train/cars_train/05264.jpg,143
8,28,1005,616,14,Audi TTS Coupe 2012,05265.jpg,C:/Users/seanf/Desktop/archive/cars_train/cars_train/05265.jpg,0
40,66,269,164,14,Audi TTS Coupe 2012,05266.jpg,C:/Users/seanf/Desktop/archive/cars_train/cars_train/05266.jpg,0
23,47,255,183,65,Chevrolet Avalanche Crew Cab 2012,05267.jpg,C:/Users/seanf/Desktop/archive/cars_train/cars_train/05267.jpg,47
10,5,545,315,23,Audi S4 Sedan 2012,05268.jpg,C:/Users/seanf/Desktop/archive/cars_train/cars_train/05268.jpg,127
40,10,241,162,69,Chevrolet Silverado 2500HD Regular Cab 2012,05269.jpg,C:/Users/seanf/Desktop/archive/cars_train/cars_train/05269.jpg,147
85,107,938,608,187,Toyota Camry Sedan 2012,05270.jpg,C:/Users/seanf/Desktop/archive/cars_train/cars_train/05270.jpg,53
39,43,584,227,18,Audi 100 Wagon 1994,05271.jpg,C:/Users/seanf/Desktop/archive/cars_train/cars_train/05271.jpg,66
47,164,986,706,21,Audi S5 Convertible 2012,05272.jpg,C:/Users/seanf/Desktop/archive/cars_train/cars_train/05272.jpg,144
22,43,424,203,33,BMW X6 SUV 2012,05273.jpg,C:/Users/seanf/Desktop/archive/cars_train/cars_train/05273.jpg,187
36,65,633,347,61,Chevrolet Impala Sedan 2007,05274.jpg,C:/Users/seanf/Desktop/archive/cars_train/cars_train/05274.jpg,77
101,160,464,308,35,BMW M5 Sedan 2010,05275.jpg,C:/Users/seanf/Desktop/archive/cars_train/cars_train/05275.jpg,194
9,18,626,471,154,Land Rover Range Rover SUV 2012,05276.jpg,C:/Users/seanf/Desktop/archive/cars_train/cars_train/05276.jpg,27
21,41,415,330,155,Land Rover LR2 SUV 2012,05277.jpg,C:/Users/seanf/Desktop/archive/cars_train/cars_train/05277.jpg,97
17,139,379,251,39,Bentley Continental Supersports Conv. Convertible 2012,05278.jpg,C:/Users/seanf/Desktop/archive/cars_train/cars_train/05278.jpg,170
41,35,592,377,142,Infiniti QX56 SUV 2011,05279.jpg,C:/Users/seanf/Desktop/archive/cars_train/cars_train/05279.jpg,35
137,114,919,544,15,Audi R8 Coupe 2012,05280.jpg,C:/Users/seanf/Desktop/archive/cars_train/cars_train/05280.jpg,44
147,125,471,426,3,Acura TL Sedan 2012,05281.jpg,C:/Users/seanf/Desktop/archive/cars_train/cars_train/05281.jpg,1
256,310,1504,727,182,Suzuki Kizashi Sedan 2012,05282.jpg,C:/Users/seanf/Desktop/archive/cars_train/cars_train/05282.jpg,160
109,224,890,619,167,Mitsubishi Lancer Sedan 2012,05283.jpg,C:/Users/seanf/Desktop/archive/cars_train/cars_train/05283.jpg,8
15,13,294,195,118,GMC Terrain SUV 2012,05284.jpg,C:/Users/seanf/Desktop/archive/cars_train/cars_train/05284.jpg,179
67,102,564,368,187,Toyota Camry Sedan 2012,05285.jpg,C:/Users/seanf/Desktop/archive/cars_train/cars_train/05285.jpg,53
295,106,1653,1057,147,Jeep Liberty SUV 2012,05286.jpg,C:/Users/seanf/Desktop/archive/cars_train/cars_train/05286.jpg,85
110,75,272,151,152,Lamborghini Gallardo LP 570-4 Superleggera 2012,05287.jpg,C:/Users/seanf/Desktop/archive/cars_train/cars_train/05287.jpg,176
88,320,1204,747,176,Rolls-Royce Ghost Sedan 2012,05288.jpg,C:/Users/seanf/Desktop/archive/cars_train/cars_train/05288.jpg,106
42,103,618,411,104,Ferrari 458 Italia Coupe 2012,05289.jpg,C:/Users/seanf/Desktop/archive/cars_train/cars_train/05289.jpg,31
250,343,1345,994,35,BMW M5 Sedan 2010,05290.jpg,C:/Users/seanf/Desktop/archive/cars_train/cars_train/05290.jpg,194
67,56,606,427,89,Dodge Journey SUV 2012,05291.jpg,C:/Users/seanf/Desktop/archive/cars_train/cars_train/05291.jpg,6
14,159,548,457,194,Volvo 240 Sedan 1993,05292.jpg,C:/Users/seanf/Desktop/archive/cars_train/cars_train/05292.jpg,23
13,62,276,179,138,Hyundai Sonata Sedan 2012,05293.jpg,C:/Users/seanf/Desktop/archive/cars_train/cars_train/05293.jpg,71
40,63,444,280,150,Lamborghini Reventon Coupe 2008,05294.jpg,C:/Users/seanf/Desktop/archive/cars_train/cars_train/05294.jpg,188
30,16,430,215,2,Acura RL Sedan 2012,05295.jpg,C:/Users/seanf/Desktop/archive/cars_train/cars_train/05295.jpg,191
24,27,429,257,136,Hyundai Accent Sedan 2012,05296.jpg,C:/Users/seanf/Desktop/archive/cars_train/cars_train/05296.jpg,90
518,493,1090,981,145,Jeep Patriot SUV 2012,05297.jpg,C:/Users/seanf/Desktop/archive/cars_train/cars_train/05297.jpg,68
25,60,487,286,102,Ferrari California Convertible 2012,05298.jpg,C:/Users/seanf/Desktop/archive/cars_train/cars_train/05298.jpg,141
68,111,561,378,137,Hyundai Genesis Sedan 2012,05299.jpg,C:/Users/seanf/Desktop/archive/cars_train/cars_train/05299.jpg,83
1,32,192,133,171,Nissan 240SX Coupe 1998,05300.jpg,C:/Users/seanf/Desktop/archive/cars_train/cars_train/05300.jpg,92
12,179,326,367,97,Dodge Charger SRT-8 2009,05301.jpg,C:/Users/seanf/Desktop/archive/cars_train/cars_train/05301.jpg,33
56,79,552,251,151,Lamborghini Aventador Coupe 2012,05302.jpg,C:/Users/seanf/Desktop/archive/cars_train/cars_train/05302.jpg,154
19,81,238,168,104,Ferrari 458 Italia Coupe 2012,05303.jpg,C:/Users/seanf/Desktop/archive/cars_train/cars_train/05303.jpg,31
11,31,271,179,8,Aston Martin V8 Vantage Convertible 2012,05304.jpg,C:/Users/seanf/Desktop/archive/cars_train/cars_train/05304.jpg,54
147,118,940,663,75,Chevrolet Silverado 1500 Regular Cab 2012,05305.jpg,C:/Users/seanf/Desktop/archive/cars_train/cars_train/05305.jpg,159
53,169,582,389,9,Aston Martin V8 Vantage Coupe 2012,05306.jpg,C:/Users/seanf/Desktop/archive/cars_train/cars_train/05306.jpg,165
58,85,532,433,4,Acura TL Type-S 2008,05307.jpg,C:/Users/seanf/Desktop/archive/cars_train/cars_train/05307.jpg,174
32,75,564,241,128,Honda Accord Coupe 2012,05308.jpg,C:/Users/seanf/Desktop/archive/cars_train/cars_train/05308.jpg,126
5,35,266,169,65,Chevrolet Avalanche Crew Cab 2012,05309.jpg,C:/Users/seanf/Desktop/archive/cars_train/cars_train/05309.jpg,47
163,162,563,375,39,Bentley Continental Supersports Conv. Convertible 2012,05310.jpg,C:/Users/seanf/Desktop/archive/cars_train/cars_train/05310.jpg,170
39,57,838,528,144,Jaguar XK XKR 2012,05311.jpg,C:/Users/seanf/Desktop/archive/cars_train/cars_train/05311.jpg,89
154,125,324,286,45,Bugatti Veyron 16.4 Convertible 2009,05312.jpg,C:/Users/seanf/Desktop/archive/cars_train/cars_train/05312.jpg,119
201,241,965,594,112,Ford GT Coupe 2006,05313.jpg,C:/Users/seanf/Desktop/archive/cars_train/cars_train/05313.jpg,73
72,83,718,457,33,BMW X6 SUV 2012,05314.jpg,C:/Users/seanf/Desktop/archive/cars_train/cars_train/05314.jpg,187
21,96,380,275,13,Audi A5 Coupe 2012,05315.jpg,C:/Users/seanf/Desktop/archive/cars_train/cars_train/05315.jpg,36
27,42,589,301,158,Maybach Landaulet Convertible 2012,05316.jpg,C:/Users/seanf/Desktop/archive/cars_train/cars_train/05316.jpg,158
35,64,487,306,68,Chevrolet TrailBlazer SS 2009,05317.jpg,C:/Users/seanf/Desktop/archive/cars_train/cars_train/05317.jpg,114
79,57,552,381,119,GMC Savana Van 2012,05318.jpg,C:/Users/seanf/Desktop/archive/cars_train/cars_train/05318.jpg,38
19,105,448,272,118,GMC Terrain SUV 2012,05319.jpg,C:/Users/seanf/Desktop/archive/cars_train/cars_train/05319.jpg,179
28,56,605,288,184,Suzuki SX4 Sedan 2012,05320.jpg,C:/Users/seanf/Desktop/archive/cars_train/cars_train/05320.jpg,24
124,392,1137,760,163,Mercedes-Benz SL-Class Coupe 2009,05321.jpg,C:/Users/seanf/Desktop/archive/cars_train/cars_train/05321.jpg,111
59,43,253,171,188,Toyota Corolla Sedan 2012,05322.jpg,C:/Users/seanf/Desktop/archive/cars_train/cars_train/05322.jpg,62
304,266,971,667,117,Ford Fiesta Sedan 2012,05323.jpg,C:/Users/seanf/Desktop/archive/cars_train/cars_train/05323.jpg,168
23,94,402,269,4,Acura TL Type-S 2008,05324.jpg,C:/Users/seanf/Desktop/archive/cars_train/cars_train/05324.jpg,174
518,452,1332,1004,169,Nissan NV Passenger Van 2012,05325.jpg,C:/Users/seanf/Desktop/archive/cars_train/cars_train/05325.jpg,156
6,9,217,110,17,Audi 100 Sedan 1994,05326.jpg,C:/Users/seanf/Desktop/archive/cars_train/cars_train/05326.jpg,55
43,197,973,686,185,Tesla Model S Sedan 2012,05327.jpg,C:/Users/seanf/Desktop/archive/cars_train/cars_train/05327.jpg,150
80,295,944,717,63,Chevrolet Sonic Sedan 2012,05328.jpg,C:/Users/seanf/Desktop/archive/cars_train/cars_train/05328.jpg,129
56,109,859,356,39,Bentley Continental Supersports Conv. Convertible 2012,05329.jpg,C:/Users/seanf/Desktop/archive/cars_train/cars_train/05329.jpg,170
133,105,603,471,26,BMW ActiveHybrid 5 Sedan 2012,05330.jpg,C:/Users/seanf/Desktop/archive/cars_train/cars_train/05330.jpg,140
13,1,612,450,169,Nissan NV Passenger Van 2012,05331.jpg,C:/Users/seanf/Desktop/archive/cars_train/cars_train/05331.jpg,156
14,20,273,174,54,Chevrolet Silverado 1500 Hybrid Crew Cab 2012,05332.jpg,C:/Users/seanf/Desktop/archive/cars_train/cars_train/05332.jpg,112
189,174,800,542,3,Acura TL Sedan 2012,05333.jpg,C:/Users/seanf/Desktop/archive/cars_train/cars_train/05333.jpg,1
118,15,601,450,71,Chevrolet Express Van 2007,05334.jpg,C:/Users/seanf/Desktop/archive/cars_train/cars_train/05334.jpg,76
17,41,484,265,81,Chrysler PT Cruiser Convertible 2008,05335.jpg,C:/Users/seanf/Desktop/archive/cars_train/cars_train/05335.jpg,182
93,231,1833,1341,176,Rolls-Royce Ghost Sedan 2012,05336.jpg,C:/Users/seanf/Desktop/archive/cars_train/cars_train/05336.jpg,106
51,135,1247,736,38,BMW Z4 Convertible 2012,05337.jpg,C:/Users/seanf/Desktop/archive/cars_train/cars_train/05337.jpg,32
33,118,455,322,61,Chevrolet Impala Sedan 2007,05338.jpg,C:/Users/seanf/Desktop/archive/cars_train/cars_train/05338.jpg,77
123,291,929,587,126,Honda Odyssey Minivan 2012,05339.jpg,C:/Users/seanf/Desktop/archive/cars_train/cars_train/05339.jpg,60
129,379,1973,985,59,Chevrolet Camaro Convertible 2012,05340.jpg,C:/Users/seanf/Desktop/archive/cars_train/cars_train/05340.jpg,63
6,30,318,140,40,Bentley Arnage Sedan 2009,05341.jpg,C:/Users/seanf/Desktop/archive/cars_train/cars_train/05341.jpg,95
10,1,102,85,88,Dodge Sprinter Cargo Van 2009,05342.jpg,C:/Users/seanf/Desktop/archive/cars_train/cars_train/05342.jpg,81
16,101,1409,696,127,Honda Odyssey Minivan 2007,05343.jpg,C:/Users/seanf/Desktop/archive/cars_train/cars_train/05343.jpg,157
50,328,777,725,29,BMW 3 Series Sedan 2012,05344.jpg,C:/Users/seanf/Desktop/archive/cars_train/cars_train/05344.jpg,59
28,65,345,245,102,Ferrari California Convertible 2012,05345.jpg,C:/Users/seanf/Desktop/archive/cars_train/cars_train/05345.jpg,141
2,56,199,138,39,Bentley Continental Supersports Conv. Convertible 2012,05346.jpg,C:/Users/seanf/Desktop/archive/cars_train/cars_train/05346.jpg,170
108,201,706,429,3,Acura TL Sedan 2012,05347.jpg,C:/Users/seanf/Desktop/archive/cars_train/cars_train/05347.jpg,1
23,99,373,221,91,Dodge Dakota Club Cab 2007,05348.jpg,C:/Users/seanf/Desktop/archive/cars_train/cars_train/05348.jpg,2
189,198,756,468,7,Acura ZDX Hatchback 2012,05349.jpg,C:/Users/seanf/Desktop/archive/cars_train/cars_train/05349.jpg,139
19,22,235,162,174,Ram C/V Cargo Van Minivan 2012,05350.jpg,C:/Users/seanf/Desktop/archive/cars_train/cars_train/05350.jpg,103
132,20,774,505,45,Bugatti Veyron 16.4 Convertible 2009,05351.jpg,C:/Users/seanf/Desktop/archive/cars_train/cars_train/05351.jpg,119
59,54,590,385,132,Hyundai Tucson SUV 2012,05352.jpg,C:/Users/seanf/Desktop/archive/cars_train/cars_train/05352.jpg,138
86,137,586,334,13,Audi A5 Coupe 2012,05353.jpg,C:/Users/seanf/Desktop/archive/cars_train/cars_train/05353.jpg,36
19,1,639,480,172,Plymouth Neon Coupe 1999,05354.jpg,C:/Users/seanf/Desktop/archive/cars_train/cars_train/05354.jpg,15
33,74,531,283,169,Nissan NV Passenger Van 2012,05355.jpg,C:/Users/seanf/Desktop/archive/cars_train/cars_train/05355.jpg,156
48,214,1233,724,139,Hyundai Elantra Touring Hatchback 2012,05356.jpg,C:/Users/seanf/Desktop/archive/cars_train/cars_train/05356.jpg,28
29,93,630,480,119,GMC Savana Van 2012,05357.jpg,C:/Users/seanf/Desktop/archive/cars_train/cars_train/05357.jpg,38
125,129,499,348,120,GMC Yukon Hybrid SUV 2012,05358.jpg,C:/Users/seanf/Desktop/archive/cars_train/cars_train/05358.jpg,21
49,59,239,142,19,Audi TT Hatchback 2011,05359.jpg,C:/Users/seanf/Desktop/archive/cars_train/cars_train/05359.jpg,110
36,111,505,326,103,Ferrari 458 Italia Convertible 2012,05360.jpg,C:/Users/seanf/Desktop/archive/cars_train/cars_train/05360.jpg,146
40,38,392,254,188,Toyota Corolla Sedan 2012,05361.jpg,C:/Users/seanf/Desktop/archive/cars_train/cars_train/05361.jpg,62
11,3,292,115,117,Ford Fiesta Sedan 2012,05362.jpg,C:/Users/seanf/Desktop/archive/cars_train/cars_train/05362.jpg,168
137,149,624,579,116,Ford E-Series Wagon Van 2012,05363.jpg,C:/Users/seanf/Desktop/archive/cars_train/cars_train/05363.jpg,67
148,105,687,498,172,Plymouth Neon Coupe 1999,05364.jpg,C:/Users/seanf/Desktop/archive/cars_train/cars_train/05364.jpg,15
56,68,587,387,154,Land Rover Range Rover SUV 2012,05365.jpg,C:/Users/seanf/Desktop/archive/cars_train/cars_train/05365.jpg,27
313,188,657,401,10,Aston Martin Virage Convertible 2012,05366.jpg,C:/Users/seanf/Desktop/archive/cars_train/cars_train/05366.jpg,133
75,93,539,400,193,Volvo C30 Hatchback 2012,05367.jpg,C:/Users/seanf/Desktop/archive/cars_train/cars_train/05367.jpg,14
147,11,590,218,65,Chevrolet Avalanche Crew Cab 2012,05368.jpg,C:/Users/seanf/Desktop/archive/cars_train/cars_train/05368.jpg,47
27,42,457,342,113,Ford F-150 Regular Cab 2012,05369.jpg,C:/Users/seanf/Desktop/archive/cars_train/cars_train/05369.jpg,167
11,50,616,339,54,Chevrolet Silverado 1500 Hybrid Crew Cab 2012,05370.jpg,C:/Users/seanf/Desktop/archive/cars_train/cars_train/05370.jpg,112
161,104,798,415,162,Mercedes-Benz C-Class Sedan 2012,05371.jpg,C:/Users/seanf/Desktop/archive/cars_train/cars_train/05371.jpg,79
8,66,361,227,127,Honda Odyssey Minivan 2007,05372.jpg,C:/Users/seanf/Desktop/archive/cars_train/cars_train/05372.jpg,157
6,30,359,242,8,Aston Martin V8 Vantage Convertible 2012,05373.jpg,C:/Users/seanf/Desktop/archive/cars_train/cars_train/05373.jpg,54
162,128,351,244,47,Buick Regal GS 2012,05374.jpg,C:/Users/seanf/Desktop/archive/cars_train/cars_train/05374.jpg,100
13,128,495,359,120,GMC Yukon Hybrid SUV 2012,05375.jpg,C:/Users/seanf/Desktop/archive/cars_train/cars_train/05375.jpg,21
36,172,772,514,194,Volvo 240 Sedan 1993,05376.jpg,C:/Users/seanf/Desktop/archive/cars_train/cars_train/05376.jpg,23
31,4,388,258,115,Ford Focus Sedan 2007,05377.jpg,C:/Users/seanf/Desktop/archive/cars_train/cars_train/05377.jpg,169
11,123,640,413,73,Chevrolet Malibu Sedan 2007,05378.jpg,C:/Users/seanf/Desktop/archive/cars_train/cars_train/05378.jpg,16
75,11,945,378,35,BMW M5 Sedan 2010,05379.jpg,C:/Users/seanf/Desktop/archive/cars_train/cars_train/05379.jpg,194
41,47,274,195,53,Cadillac Escalade EXT Crew Cab 2007,05380.jpg,C:/Users/seanf/Desktop/archive/cars_train/cars_train/05380.jpg,45
10,62,680,415,125,HUMMER H2 SUT Crew Cab 2009,05381.jpg,C:/Users/seanf/Desktop/archive/cars_train/cars_train/05381.jpg,115
30,217,759,522,9,Aston Martin V8 Vantage Coupe 2012,05382.jpg,C:/Users/seanf/Desktop/archive/cars_train/cars_train/05382.jpg,165
23,54,429,284,119,GMC Savana Van 2012,05383.jpg,C:/Users/seanf/Desktop/archive/cars_train/cars_train/05383.jpg,38
64,20,344,251,92,Dodge Magnum Wagon 2008,05384.jpg,C:/Users/seanf/Desktop/archive/cars_train/cars_train/05384.jpg,180
92,270,418,410,192,Volkswagen Beetle Hatchback 2012,05385.jpg,C:/Users/seanf/Desktop/archive/cars_train/cars_train/05385.jpg,17
19,59,334,258,7,Acura ZDX Hatchback 2012,05386.jpg,C:/Users/seanf/Desktop/archive/cars_train/cars_train/05386.jpg,139
348,467,1626,963,187,Toyota Camry Sedan 2012,05387.jpg,C:/Users/seanf/Desktop/archive/cars_train/cars_train/05387.jpg,53
339,496,1418,1021,170,Nissan Juke Hatchback 2012,05388.jpg,C:/Users/seanf/Desktop/archive/cars_train/cars_train/05388.jpg,22
45,25,578,447,171,Nissan 240SX Coupe 1998,05389.jpg,C:/Users/seanf/Desktop/archive/cars_train/cars_train/05389.jpg,92
92,70,342,314,113,Ford F-150 Regular Cab 2012,05390.jpg,C:/Users/seanf/Desktop/archive/cars_train/cars_train/05390.jpg,167
93,138,907,536,127,Honda Odyssey Minivan 2007,05391.jpg,C:/Users/seanf/Desktop/archive/cars_train/cars_train/05391.jpg,157
4,21,236,160,19,Audi TT Hatchback 2011,05392.jpg,C:/Users/seanf/Desktop/archive/cars_train/cars_train/05392.jpg,110
9,61,274,155,177,Rolls-Royce Phantom Sedan 2012,05393.jpg,C:/Users/seanf/Desktop/archive/cars_train/cars_train/05393.jpg,40
14,45,194,176,196,smart fortwo Convertible 2012,05394.jpg,C:/Users/seanf/Desktop/archive/cars_train/cars_train/05394.jpg,134
74,130,564,444,29,BMW 3 Series Sedan 2012,05395.jpg,C:/Users/seanf/Desktop/archive/cars_train/cars_train/05395.jpg,59
26,91,615,411,50,Buick Enclave SUV 2012,05396.jpg,C:/Users/seanf/Desktop/archive/cars_train/cars_train/05396.jpg,113
115,142,641,386,151,Lamborghini Aventador Coupe 2012,05397.jpg,C:/Users/seanf/Desktop/archive/cars_train/cars_train/05397.jpg,154
41,157,607,404,104,Ferrari 458 Italia Coupe 2012,05398.jpg,C:/Users/seanf/Desktop/archive/cars_train/cars_train/05398.jpg,31
68,102,463,430,166,Mercedes-Benz Sprinter Van 2012,05399.jpg,C:/Users/seanf/Desktop/archive/cars_train/cars_train/05399.jpg,162
14,37,244,165,131,Hyundai Santa Fe SUV 2012,05400.jpg,C:/Users/seanf/Desktop/archive/cars_train/cars_train/05400.jpg,80
18,44,250,138,116,Ford E-Series Wagon Van 2012,05401.jpg,C:/Users/seanf/Desktop/archive/cars_train/cars_train/05401.jpg,67
21,45,241,157,37,BMW X3 SUV 2012,05402.jpg,C:/Users/seanf/Desktop/archive/cars_train/cars_train/05402.jpg,75
271,185,630,347,93,Dodge Challenger SRT8 2011,05403.jpg,C:/Users/seanf/Desktop/archive/cars_train/cars_train/05403.jpg,117
36,26,413,313,28,BMW 1 Series Coupe 2012,05404.jpg,C:/Users/seanf/Desktop/archive/cars_train/cars_train/05404.jpg,88
66,277,932,564,4,Acura TL Type-S 2008,05405.jpg,C:/Users/seanf/Desktop/archive/cars_train/cars_train/05405.jpg,174
3,25,295,214,129,Honda Accord Sedan 2012,05406.jpg,C:/Users/seanf/Desktop/archive/cars_train/cars_train/05406.jpg,181
145,87,524,375,156,Lincoln Town Car Sedan 2011,05407.jpg,C:/Users/seanf/Desktop/archive/cars_train/cars_train/05407.jpg,153
73,94,286,175,19,Audi TT Hatchback 2011,05408.jpg,C:/Users/seanf/Desktop/archive/cars_train/cars_train/05408.jpg,110
125,58,268,172,158,Maybach Landaulet Convertible 2012,05409.jpg,C:/Users/seanf/Desktop/archive/cars_train/cars_train/05409.jpg,158
34,88,396,274,188,Toyota Corolla Sedan 2012,05410.jpg,C:/Users/seanf/Desktop/archive/cars_train/cars_train/05410.jpg,62
205,162,646,516,128,Honda Accord Coupe 2012,05411.jpg,C:/Users/seanf/Desktop/archive/cars_train/cars_train/05411.jpg,126
57,114,378,253,83,Dodge Caliber Wagon 2012,05412.jpg,C:/Users/seanf/Desktop/archive/cars_train/cars_train/05412.jpg,84
177,434,2613,1549,23,Audi S4 Sedan 2012,05413.jpg,C:/Users/seanf/Desktop/archive/cars_train/cars_train/05413.jpg,127
185,123,503,359,168,Nissan Leaf Hatchback 2012,05414.jpg,C:/Users/seanf/Desktop/archive/cars_train/cars_train/05414.jpg,142
35,89,763,429,112,Ford GT Coupe 2006,05415.jpg,C:/Users/seanf/Desktop/archive/cars_train/cars_train/05415.jpg,73
80,200,595,447,75,Chevrolet Silverado 1500 Regular Cab 2012,05416.jpg,C:/Users/seanf/Desktop/archive/cars_train/cars_train/05416.jpg,159
47,45,269,175,189,Toyota 4Runner SUV 2012,05417.jpg,C:/Users/seanf/Desktop/archive/cars_train/cars_train/05417.jpg,120
51,15,217,164,174,Ram C/V Cargo Van Minivan 2012,05418.jpg,C:/Users/seanf/Desktop/archive/cars_train/cars_train/05418.jpg,103
186,90,556,280,99,FIAT 500 Abarth 2012,05419.jpg,C:/Users/seanf/Desktop/archive/cars_train/cars_train/05419.jpg,135
143,135,548,280,185,Tesla Model S Sedan 2012,05420.jpg,C:/Users/seanf/Desktop/archive/cars_train/cars_train/05420.jpg,150
43,166,961,606,51,Cadillac CTS-V Sedan 2012,05421.jpg,C:/Users/seanf/Desktop/archive/cars_train/cars_train/05421.jpg,74
63,103,582,423,184,Suzuki SX4 Sedan 2012,05422.jpg,C:/Users/seanf/Desktop/archive/cars_train/cars_train/05422.jpg,24
73,388,1217,734,101,Ferrari FF Coupe 2012,05423.jpg,C:/Users/seanf/Desktop/archive/cars_train/cars_train/05423.jpg,52
17,17,280,155,105,Fisker Karma Sedan 2012,05424.jpg,C:/Users/seanf/Desktop/archive/cars_train/cars_train/05424.jpg,34
53,180,1119,725,25,Audi TT RS Coupe 2012,05425.jpg,C:/Users/seanf/Desktop/archive/cars_train/cars_train/05425.jpg,39
83,148,562,363,22,Audi S5 Coupe 2012,05426.jpg,C:/Users/seanf/Desktop/archive/cars_train/cars_train/05426.jpg,164
54,126,576,420,100,FIAT 500 Convertible 2012,05427.jpg,C:/Users/seanf/Desktop/archive/cars_train/cars_train/05427.jpg,151
24,79,724,369,115,Ford Focus Sedan 2007,05428.jpg,C:/Users/seanf/Desktop/archive/cars_train/cars_train/05428.jpg,169
16,26,460,258,24,Audi S4 Sedan 2007,05429.jpg,C:/Users/seanf/Desktop/archive/cars_train/cars_train/05429.jpg,105
37,121,287,192,163,Mercedes-Benz SL-Class Coupe 2009,05430.jpg,C:/Users/seanf/Desktop/archive/cars_train/cars_train/05430.jpg,111
313,423,1201,901,96,Dodge Charger Sedan 2012,05431.jpg,C:/Users/seanf/Desktop/archive/cars_train/cars_train/05431.jpg,7
93,135,913,679,65,Chevrolet Avalanche Crew Cab 2012,05432.jpg,C:/Users/seanf/Desktop/archive/cars_train/cars_train/05432.jpg,47
5,18,295,178,109,Ford Expedition EL SUV 2009,05433.jpg,C:/Users/seanf/Desktop/archive/cars_train/cars_train/05433.jpg,87
54,107,543,344,3,Acura TL Sedan 2012,05434.jpg,C:/Users/seanf/Desktop/archive/cars_train/cars_train/05434.jpg,1
3,39,281,149,19,Audi TT Hatchback 2011,05435.jpg,C:/Users/seanf/Desktop/archive/cars_train/cars_train/05435.jpg,110
72,43,725,483,55,Chevrolet Corvette Convertible 2012,05436.jpg,C:/Users/seanf/Desktop/archive/cars_train/cars_train/05436.jpg,148
96,416,4252,2792,61,Chevrolet Impala Sedan 2007,05437.jpg,C:/Users/seanf/Desktop/archive/cars_train/cars_train/05437.jpg,77
15,142,461,296,193,Volvo C30 Hatchback 2012,05438.jpg,C:/Users/seanf/Desktop/archive/cars_train/cars_train/05438.jpg,14
47,172,773,459,68,Chevrolet TrailBlazer SS 2009,05439.jpg,C:/Users/seanf/Desktop/archive/cars_train/cars_train/05439.jpg,114
292,148,1306,1060,179,Spyker C8 Convertible 2009,05440.jpg,C:/Users/seanf/Desktop/archive/cars_train/cars_train/05440.jpg,104
48,40,469,380,175,Rolls-Royce Phantom Drophead Coupe Convertible 2012,05441.jpg,C:/Users/seanf/Desktop/archive/cars_train/cars_train/05441.jpg,72
30,83,489,298,45,Bugatti Veyron 16.4 Convertible 2009,05442.jpg,C:/Users/seanf/Desktop/archive/cars_train/cars_train/05442.jpg,119
94,16,419,190,33,BMW X6 SUV 2012,05443.jpg,C:/Users/seanf/Desktop/archive/cars_train/cars_train/05443.jpg,187
38,42,704,439,119,GMC Savana Van 2012,05444.jpg,C:/Users/seanf/Desktop/archive/cars_train/cars_train/05444.jpg,38
127,376,1516,964,28,BMW 1 Series Coupe 2012,05445.jpg,C:/Users/seanf/Desktop/archive/cars_train/cars_train/05445.jpg,88
6,129,630,452,58,Chevrolet Traverse SUV 2012,05446.jpg,C:/Users/seanf/Desktop/archive/cars_train/cars_train/05446.jpg,9
13,34,248,183,69,Chevrolet Silverado 2500HD Regular Cab 2012,05447.jpg,C:/Users/seanf/Desktop/archive/cars_train/cars_train/05447.jpg,147
15,33,273,173,19,Audi TT Hatchback 2011,05448.jpg,C:/Users/seanf/Desktop/archive/cars_train/cars_train/05448.jpg,110
101,243,924,571,70,Chevrolet Silverado 1500 Classic Extended Cab 2007,05449.jpg,C:/Users/seanf/Desktop/archive/cars_train/cars_train/05449.jpg,171
427,517,1426,835,96,Dodge Charger Sedan 2012,05450.jpg,C:/Users/seanf/Desktop/archive/cars_train/cars_train/05450.jpg,7
13,32,253,150,70,Chevrolet Silverado 1500 Classic Extended Cab 2007,05451.jpg,C:/Users/seanf/Desktop/archive/cars_train/cars_train/05451.jpg,171
56,50,1229,660,165,Mercedes-Benz S-Class Sedan 2012,05452.jpg,C:/Users/seanf/Desktop/archive/cars_train/cars_train/05452.jpg,70
34,179,608,381,43,Bentley Continental GT Coupe 2007,05453.jpg,C:/Users/seanf/Desktop/archive/cars_train/cars_train/05453.jpg,65
8,8,269,177,40,Bentley Arnage Sedan 2009,05454.jpg,C:/Users/seanf/Desktop/archive/cars_train/cars_train/05454.jpg,95
54,91,268,211,148,Jeep Grand Cherokee SUV 2012,05455.jpg,C:/Users/seanf/Desktop/archive/cars_train/cars_train/05455.jpg,43
11,23,370,234,82,Daewoo Nubira Wagon 2002,05456.jpg,C:/Users/seanf/Desktop/archive/cars_train/cars_train/05456.jpg,186
22,15,244,181,111,Ford Ranger SuperCab 2011,05457.jpg,C:/Users/seanf/Desktop/archive/cars_train/cars_train/05457.jpg,56
52,28,752,429,99,FIAT 500 Abarth 2012,05458.jpg,C:/Users/seanf/Desktop/archive/cars_train/cars_train/05458.jpg,135
2,7,581,293,185,Tesla Model S Sedan 2012,05459.jpg,C:/Users/seanf/Desktop/archive/cars_train/cars_train/05459.jpg,150
90,108,579,378,128,Honda Accord Coupe 2012,05460.jpg,C:/Users/seanf/Desktop/archive/cars_train/cars_train/05460.jpg,126
141,184,424,350,102,Ferrari California Convertible 2012,05461.jpg,C:/Users/seanf/Desktop/archive/cars_train/cars_train/05461.jpg,141
134,180,576,315,160,McLaren MP4-12C Coupe 2012,05462.jpg,C:/Users/seanf/Desktop/archive/cars_train/cars_train/05462.jpg,116
22,45,409,252,32,BMW X5 SUV 2007,05463.jpg,C:/Users/seanf/Desktop/archive/cars_train/cars_train/05463.jpg,172
6,80,294,187,17,Audi 100 Sedan 1994,05464.jpg,C:/Users/seanf/Desktop/archive/cars_train/cars_train/05464.jpg,55
36,33,230,181,113,Ford F-150 Regular Cab 2012,05465.jpg,C:/Users/seanf/Desktop/archive/cars_train/cars_train/05465.jpg,167
80,185,879,614,132,Hyundai Tucson SUV 2012,05466.jpg,C:/Users/seanf/Desktop/archive/cars_train/cars_train/05466.jpg,138
68,398,634,603,168,Nissan Leaf Hatchback 2012,05467.jpg,C:/Users/seanf/Desktop/archive/cars_train/cars_train/05467.jpg,142
142,46,729,294,49,Buick Verano Sedan 2012,05468.jpg,C:/Users/seanf/Desktop/archive/cars_train/cars_train/05468.jpg,10
187,124,683,454,163,Mercedes-Benz SL-Class Coupe 2009,05469.jpg,C:/Users/seanf/Desktop/archive/cars_train/cars_train/05469.jpg,111
8,35,154,92,80,Chrysler Crossfire Convertible 2008,05470.jpg,C:/Users/seanf/Desktop/archive/cars_train/cars_train/05470.jpg,175
39,111,404,261,34,BMW M3 Coupe 2012,05471.jpg,C:/Users/seanf/Desktop/archive/cars_train/cars_train/05471.jpg,184
15,30,436,322,71,Chevrolet Express Van 2007,05472.jpg,C:/Users/seanf/Desktop/archive/cars_train/cars_train/05472.jpg,76
86,102,451,290,25,Audi TT RS Coupe 2012,05473.jpg,C:/Users/seanf/Desktop/archive/cars_train/cars_train/05473.jpg,39
150,116,361,241,115,Ford Focus Sedan 2007,05474.jpg,C:/Users/seanf/Desktop/archive/cars_train/cars_train/05474.jpg,169
30,69,763,374,172,Plymouth Neon Coupe 1999,05475.jpg,C:/Users/seanf/Desktop/archive/cars_train/cars_train/05475.jpg,15
5,40,295,173,88,Dodge Sprinter Cargo Van 2009,05476.jpg,C:/Users/seanf/Desktop/archive/cars_train/cars_train/05476.jpg,81
24,30,193,121,34,BMW M3 Coupe 2012,05477.jpg,C:/Users/seanf/Desktop/archive/cars_train/cars_train/05477.jpg,184
57,222,1248,900,34,BMW M3 Coupe 2012,05478.jpg,C:/Users/seanf/Desktop/archive/cars_train/cars_train/05478.jpg,184
38,83,461,327,70,Chevrolet Silverado 1500 Classic Extended Cab 2007,05479.jpg,C:/Users/seanf/Desktop/archive/cars_train/cars_train/05479.jpg,171
122,193,595,393,160,McLaren MP4-12C Coupe 2012,05480.jpg,C:/Users/seanf/Desktop/archive/cars_train/cars_train/05480.jpg,116
13,131,431,291,163,Mercedes-Benz SL-Class Coupe 2009,05481.jpg,C:/Users/seanf/Desktop/archive/cars_train/cars_train/05481.jpg,111
36,178,988,669,21,Audi S5 Convertible 2012,05482.jpg,C:/Users/seanf/Desktop/archive/cars_train/cars_train/05482.jpg,144
132,127,1057,753,51,Cadillac CTS-V Sedan 2012,05483.jpg,C:/Users/seanf/Desktop/archive/cars_train/cars_train/05483.jpg,74
56,83,425,255,189,Toyota 4Runner SUV 2012,05484.jpg,C:/Users/seanf/Desktop/archive/cars_train/cars_train/05484.jpg,120
268,238,1009,604,180,Spyker C8 Coupe 2009,05485.jpg,C:/Users/seanf/Desktop/archive/cars_train/cars_train/05485.jpg,26
74,406,976,686,105,Fisker Karma Sedan 2012,05486.jpg,C:/Users/seanf/Desktop/archive/cars_train/cars_train/05486.jpg,34
28,101,277,195,117,Ford Fiesta Sedan 2012,05487.jpg,C:/Users/seanf/Desktop/archive/cars_train/cars_train/05487.jpg,168
60,63,587,417,78,Chrysler Town and Country Minivan 2012,05488.jpg,C:/Users/seanf/Desktop/archive/cars_train/cars_train/05488.jpg,195
23,177,510,390,82,Daewoo Nubira Wagon 2002,05489.jpg,C:/Users/seanf/Desktop/archive/cars_train/cars_train/05489.jpg,186
233,118,698,374,102,Ferrari California Convertible 2012,05490.jpg,C:/Users/seanf/Desktop/archive/cars_train/cars_train/05490.jpg,141
1,13,189,121,106,Ford F-450 Super Duty Crew Cab 2012,05491.jpg,C:/Users/seanf/Desktop/archive/cars_train/cars_train/05491.jpg,4
33,21,185,103,190,Volkswagen Golf Hatchback 2012,05492.jpg,C:/Users/seanf/Desktop/archive/cars_train/cars_train/05492.jpg,51
49,1,521,400,82,Daewoo Nubira Wagon 2002,05493.jpg,C:/Users/seanf/Desktop/archive/cars_train/cars_train/05493.jpg,186
71,165,1179,641,175,Rolls-Royce Phantom Drophead Coupe Convertible 2012,05494.jpg,C:/Users/seanf/Desktop/archive/cars_train/cars_train/05494.jpg,72
69,128,444,268,114,Ford F-150 Regular Cab 2007,05495.jpg,C:/Users/seanf/Desktop/archive/cars_train/cars_train/05495.jpg,50
17,80,618,409,90,Dodge Dakota Crew Cab 2010,05496.jpg,C:/Users/seanf/Desktop/archive/cars_train/cars_train/05496.jpg,48
176,82,898,615,93,Dodge Challenger SRT8 2011,05497.jpg,C:/Users/seanf/Desktop/archive/cars_train/cars_train/05497.jpg,117
39,77,588,396,192,Volkswagen Beetle Hatchback 2012,05498.jpg,C:/Users/seanf/Desktop/archive/cars_train/cars_train/05498.jpg,17
30,119,508,313,55,Chevrolet Corvette Convertible 2012,05499.jpg,C:/Users/seanf/Desktop/archive/cars_train/cars_train/05499.jpg,148
11,47,625,451,85,Dodge Caravan Minivan 1997,05500.jpg,C:/Users/seanf/Desktop/archive/cars_train/cars_train/05500.jpg,13
46,95,493,296,130,Hyundai Veloster Hatchback 2012,05501.jpg,C:/Users/seanf/Desktop/archive/cars_train/cars_train/05501.jpg,152
25,33,628,414,180,Spyker C8 Coupe 2009,05502.jpg,C:/Users/seanf/Desktop/archive/cars_train/cars_train/05502.jpg,26
1,46,799,511,166,Mercedes-Benz Sprinter Van 2012,05503.jpg,C:/Users/seanf/Desktop/archive/cars_train/cars_train/05503.jpg,162
47,74,595,352,168,Nissan Leaf Hatchback 2012,05504.jpg,C:/Users/seanf/Desktop/archive/cars_train/cars_train/05504.jpg,142
107,87,398,271,157,MINI Cooper Roadster Convertible 2012,05505.jpg,C:/Users/seanf/Desktop/archive/cars_train/cars_train/05505.jpg,190
91,119,591,456,132,Hyundai Tucson SUV 2012,05506.jpg,C:/Users/seanf/Desktop/archive/cars_train/cars_train/05506.jpg,138
84,75,262,168,116,Ford E-Series Wagon Van 2012,05507.jpg,C:/Users/seanf/Desktop/archive/cars_train/cars_train/05507.jpg,67
54,1,849,530,99,FIAT 500 Abarth 2012,05508.jpg,C:/Users/seanf/Desktop/archive/cars_train/cars_train/05508.jpg,135
30,191,609,380,98,Eagle Talon Hatchback 1998,05509.jpg,C:/Users/seanf/Desktop/archive/cars_train/cars_train/05509.jpg,185
18,47,292,187,141,Infiniti G Coupe IPL 2012,05510.jpg,C:/Users/seanf/Desktop/archive/cars_train/cars_train/05510.jpg,136
55,26,595,307,184,Suzuki SX4 Sedan 2012,05511.jpg,C:/Users/seanf/Desktop/archive/cars_train/cars_train/05511.jpg,24
17,28,137,95,106,Ford F-450 Super Duty Crew Cab 2012,05512.jpg,C:/Users/seanf/Desktop/archive/cars_train/cars_train/05512.jpg,4
329,279,803,617,101,Ferrari FF Coupe 2012,05513.jpg,C:/Users/seanf/Desktop/archive/cars_train/cars_train/05513.jpg,52
79,76,490,380,26,BMW ActiveHybrid 5 Sedan 2012,05514.jpg,C:/Users/seanf/Desktop/archive/cars_train/cars_train/05514.jpg,140
24,75,355,276,131,Hyundai Santa Fe SUV 2012,05515.jpg,C:/Users/seanf/Desktop/archive/cars_train/cars_train/05515.jpg,80
249,135,1043,655,79,Chrysler 300 SRT-8 2010,05516.jpg,C:/Users/seanf/Desktop/archive/cars_train/cars_train/05516.jpg,19
47,16,416,198,21,Audi S5 Convertible 2012,05517.jpg,C:/Users/seanf/Desktop/archive/cars_train/cars_train/05517.jpg,144
350,521,1555,977,22,Audi S5 Coupe 2012,05518.jpg,C:/Users/seanf/Desktop/archive/cars_train/cars_train/05518.jpg,164
22,208,618,525,190,Volkswagen Golf Hatchback 2012,05519.jpg,C:/Users/seanf/Desktop/archive/cars_train/cars_train/05519.jpg,51
77,61,484,362,120,GMC Yukon Hybrid SUV 2012,05520.jpg,C:/Users/seanf/Desktop/archive/cars_train/cars_train/05520.jpg,21
57,177,953,491,141,Infiniti G Coupe IPL 2012,05521.jpg,C:/Users/seanf/Desktop/archive/cars_train/cars_train/05521.jpg,136
29,21,564,423,172,Plymouth Neon Coupe 1999,05522.jpg,C:/Users/seanf/Desktop/archive/cars_train/cars_train/05522.jpg,15
148,87,608,315,135,Hyundai Elantra Sedan 2007,05523.jpg,C:/Users/seanf/Desktop/archive/cars_train/cars_train/05523.jpg,12
57,118,441,316,81,Chrysler PT Cruiser Convertible 2008,05524.jpg,C:/Users/seanf/Desktop/archive/cars_train/cars_train/05524.jpg,182
37,143,988,613,66,Chevrolet Cobalt SS 2010,05525.jpg,C:/Users/seanf/Desktop/archive/cars_train/cars_train/05525.jpg,29
7,145,631,475,125,HUMMER H2 SUT Crew Cab 2009,05526.jpg,C:/Users/seanf/Desktop/archive/cars_train/cars_train/05526.jpg,115
81,141,537,331,186,Toyota Sequoia SUV 2012,05527.jpg,C:/Users/seanf/Desktop/archive/cars_train/cars_train/05527.jpg,11
54,159,572,418,191,Volkswagen Golf Hatchback 1991,05528.jpg,C:/Users/seanf/Desktop/archive/cars_train/cars_train/05528.jpg,37
15,77,567,306,11,Aston Martin Virage Coupe 2012,05529.jpg,C:/Users/seanf/Desktop/archive/cars_train/cars_train/05529.jpg,128
45,63,269,163,152,Lamborghini Gallardo LP 570-4 Superleggera 2012,05530.jpg,C:/Users/seanf/Desktop/archive/cars_train/cars_train/05530.jpg,176
35,24,381,244,84,Dodge Caliber Wagon 2007,05531.jpg,C:/Users/seanf/Desktop/archive/cars_train/cars_train/05531.jpg,137
179,381,1483,916,122,GMC Canyon Extended Cab 2012,05532.jpg,C:/Users/seanf/Desktop/archive/cars_train/cars_train/05532.jpg,57
217,374,1483,1101,176,Rolls-Royce Ghost Sedan 2012,05533.jpg,C:/Users/seanf/Desktop/archive/cars_train/cars_train/05533.jpg,106
17,46,247,156,8,Aston Martin V8 Vantage Convertible 2012,05534.jpg,C:/Users/seanf/Desktop/archive/cars_train/cars_train/05534.jpg,54
60,89,463,272,33,BMW X6 SUV 2012,05535.jpg,C:/Users/seanf/Desktop/archive/cars_train/cars_train/05535.jpg,187
11,18,190,126,84,Dodge Caliber Wagon 2007,05536.jpg,C:/Users/seanf/Desktop/archive/cars_train/cars_train/05536.jpg,137
667,274,3686,2221,176,Rolls-Royce Ghost Sedan 2012,05537.jpg,C:/Users/seanf/Desktop/archive/cars_train/cars_train/05537.jpg,106
21,129,611,331,182,Suzuki Kizashi Sedan 2012,05538.jpg,C:/Users/seanf/Desktop/archive/cars_train/cars_train/05538.jpg,160
28,59,566,367,44,Bentley Continental Flying Spur Sedan 2007,05539.jpg,C:/Users/seanf/Desktop/archive/cars_train/cars_train/05539.jpg,46
80,154,748,472,47,Buick Regal GS 2012,05540.jpg,C:/Users/seanf/Desktop/archive/cars_train/cars_train/05540.jpg,100
8,29,266,172,28,BMW 1 Series Coupe 2012,05541.jpg,C:/Users/seanf/Desktop/archive/cars_train/cars_train/05541.jpg,88
34,86,597,280,44,Bentley Continental Flying Spur Sedan 2007,05542.jpg,C:/Users/seanf/Desktop/archive/cars_train/cars_train/05542.jpg,46
9,18,250,173,65,Chevrolet Avalanche Crew Cab 2012,05543.jpg,C:/Users/seanf/Desktop/archive/cars_train/cars_train/05543.jpg,47
66,71,223,144,76,Chrysler Aspen SUV 2009,05544.jpg,C:/Users/seanf/Desktop/archive/cars_train/cars_train/05544.jpg,99
55,95,563,320,3,Acura TL Sedan 2012,05545.jpg,C:/Users/seanf/Desktop/archive/cars_train/cars_train/05545.jpg,1
173,102,623,322,138,Hyundai Sonata Sedan 2012,05546.jpg,C:/Users/seanf/Desktop/archive/cars_train/cars_train/05546.jpg,71
19,51,283,189,35,BMW M5 Sedan 2010,05547.jpg,C:/Users/seanf/Desktop/archive/cars_train/cars_train/05547.jpg,194
22,128,586,407,41,Bentley Mulsanne Sedan 2011,05548.jpg,C:/Users/seanf/Desktop/archive/cars_train/cars_train/05548.jpg,109
43,43,974,658,135,Hyundai Elantra Sedan 2007,05549.jpg,C:/Users/seanf/Desktop/archive/cars_train/cars_train/05549.jpg,12
91,78,919,692,94,Dodge Durango SUV 2012,05550.jpg,C:/Users/seanf/Desktop/archive/cars_train/cars_train/05550.jpg,61
35,16,383,193,146,Jeep Wrangler SUV 2012,05551.jpg,C:/Users/seanf/Desktop/archive/cars_train/cars_train/05551.jpg,173
36,78,449,257,103,Ferrari 458 Italia Convertible 2012,05552.jpg,C:/Users/seanf/Desktop/archive/cars_train/cars_train/05552.jpg,146
81,24,589,431,188,Toyota Corolla Sedan 2012,05553.jpg,C:/Users/seanf/Desktop/archive/cars_train/cars_train/05553.jpg,62
41,187,600,411,84,Dodge Caliber Wagon 2007,05554.jpg,C:/Users/seanf/Desktop/archive/cars_train/cars_train/05554.jpg,137
144,643,3656,2288,57,Chevrolet Corvette Ron Fellows Edition Z06 2007,05555.jpg,C:/Users/seanf/Desktop/archive/cars_train/cars_train/05555.jpg,18
240,594,1355,989,46,Bugatti Veyron 16.4 Coupe 2009,05556.jpg,C:/Users/seanf/Desktop/archive/cars_train/cars_train/05556.jpg,149
39,27,608,476,55,Chevrolet Corvette Convertible 2012,05557.jpg,C:/Users/seanf/Desktop/archive/cars_train/cars_train/05557.jpg,148
66,325,1012,609,171,Nissan 240SX Coupe 1998,05558.jpg,C:/Users/seanf/Desktop/archive/cars_train/cars_train/05558.jpg,92
19,5,587,359,79,Chrysler 300 SRT-8 2010,05559.jpg,C:/Users/seanf/Desktop/archive/cars_train/cars_train/05559.jpg,19
108,286,461,480,157,MINI Cooper Roadster Convertible 2012,05560.jpg,C:/Users/seanf/Desktop/archive/cars_train/cars_train/05560.jpg,190
1009,313,1934,1023,170,Nissan Juke Hatchback 2012,05561.jpg,C:/Users/seanf/Desktop/archive/cars_train/cars_train/05561.jpg,22
12,47,575,447,89,Dodge Journey SUV 2012,05562.jpg,C:/Users/seanf/Desktop/archive/cars_train/cars_train/05562.jpg,6
1,10,442,296,179,Spyker C8 Convertible 2009,05563.jpg,C:/Users/seanf/Desktop/archive/cars_train/cars_train/05563.jpg,104
19,45,738,303,53,Cadillac Escalade EXT Crew Cab 2007,05564.jpg,C:/Users/seanf/Desktop/archive/cars_train/cars_train/05564.jpg,45
16,83,634,361,161,Mercedes-Benz 300-Class Convertible 1993,05565.jpg,C:/Users/seanf/Desktop/archive/cars_train/cars_train/05565.jpg,86
33,55,620,374,89,Dodge Journey SUV 2012,05566.jpg,C:/Users/seanf/Desktop/archive/cars_train/cars_train/05566.jpg,6
105,64,219,120,8,Aston Martin V8 Vantage Convertible 2012,05567.jpg,C:/Users/seanf/Desktop/archive/cars_train/cars_train/05567.jpg,54
207,256,971,832,30,BMW 3 Series Wagon 2012,05568.jpg,C:/Users/seanf/Desktop/archive/cars_train/cars_train/05568.jpg,101
62,1,421,294,60,Chevrolet HHR SS 2010,05569.jpg,C:/Users/seanf/Desktop/archive/cars_train/cars_train/05569.jpg,96
1,62,1619,830,31,BMW 6 Series Convertible 2007,05570.jpg,C:/Users/seanf/Desktop/archive/cars_train/cars_train/05570.jpg,145
93,122,932,673,75,Chevrolet Silverado 1500 Regular Cab 2012,05571.jpg,C:/Users/seanf/Desktop/archive/cars_train/cars_train/05571.jpg,159
116,121,501,339,19,Audi TT Hatchback 2011,05572.jpg,C:/Users/seanf/Desktop/archive/cars_train/cars_train/05572.jpg,110
71,73,381,268,118,GMC Terrain SUV 2012,05573.jpg,C:/Users/seanf/Desktop/archive/cars_train/cars_train/05573.jpg,179
33,24,438,335,114,Ford F-150 Regular Cab 2007,05574.jpg,C:/Users/seanf/Desktop/archive/cars_train/cars_train/05574.jpg,50
26,51,243,170,90,Dodge Dakota Crew Cab 2010,05575.jpg,C:/Users/seanf/Desktop/archive/cars_train/cars_train/05575.jpg,48
3,52,294,162,18,Audi 100 Wagon 1994,05576.jpg,C:/Users/seanf/Desktop/archive/cars_train/cars_train/05576.jpg,66
82,145,913,750,148,Jeep Grand Cherokee SUV 2012,05577.jpg,C:/Users/seanf/Desktop/archive/cars_train/cars_train/05577.jpg,43
48,47,545,408,66,Chevrolet Cobalt SS 2010,05578.jpg,C:/Users/seanf/Desktop/archive/cars_train/cars_train/05578.jpg,29
36,116,571,312,10,Aston Martin Virage Convertible 2012,05579.jpg,C:/Users/seanf/Desktop/archive/cars_train/cars_train/05579.jpg,133
30,20,802,405,97,Dodge Charger SRT-8 2009,05580.jpg,C:/Users/seanf/Desktop/archive/cars_train/cars_train/05580.jpg,33
12,67,456,357,161,Mercedes-Benz 300-Class Convertible 1993,05581.jpg,C:/Users/seanf/Desktop/archive/cars_train/cars_train/05581.jpg,86
62,256,1004,606,167,Mitsubishi Lancer Sedan 2012,05582.jpg,C:/Users/seanf/Desktop/archive/cars_train/cars_train/05582.jpg,8
40,47,526,394,183,Suzuki SX4 Hatchback 2012,05583.jpg,C:/Users/seanf/Desktop/archive/cars_train/cars_train/05583.jpg,118
18,28,1442,812,34,BMW M3 Coupe 2012,05584.jpg,C:/Users/seanf/Desktop/archive/cars_train/cars_train/05584.jpg,184
7,94,295,186,156,Lincoln Town Car Sedan 2011,05585.jpg,C:/Users/seanf/Desktop/archive/cars_train/cars_train/05585.jpg,153
24,108,251,190,27,BMW 1 Series Convertible 2012,05586.jpg,C:/Users/seanf/Desktop/archive/cars_train/cars_train/05586.jpg,192
78,297,948,621,13,Audi A5 Coupe 2012,05587.jpg,C:/Users/seanf/Desktop/archive/cars_train/cars_train/05587.jpg,36
354,722,1185,1095,167,Mitsubishi Lancer Sedan 2012,05588.jpg,C:/Users/seanf/Desktop/archive/cars_train/cars_train/05588.jpg,8
21,86,379,293,155,Land Rover LR2 SUV 2012,05589.jpg,C:/Users/seanf/Desktop/archive/cars_train/cars_train/05589.jpg,97
43,62,450,320,118,GMC Terrain SUV 2012,05590.jpg,C:/Users/seanf/Desktop/archive/cars_train/cars_train/05590.jpg,179
48,165,1005,514,103,Ferrari 458 Italia Convertible 2012,05591.jpg,C:/Users/seanf/Desktop/archive/cars_train/cars_train/05591.jpg,146
16,33,290,155,30,BMW 3 Series Wagon 2012,05592.jpg,C:/Users/seanf/Desktop/archive/cars_train/cars_train/05592.jpg,101
36,71,607,385,82,Daewoo Nubira Wagon 2002,05593.jpg,C:/Users/seanf/Desktop/archive/cars_train/cars_train/05593.jpg,186
19,10,428,321,17,Audi 100 Sedan 1994,05594.jpg,C:/Users/seanf/Desktop/archive/cars_train/cars_train/05594.jpg,55
13,23,293,187,68,Chevrolet TrailBlazer SS 2009,05595.jpg,C:/Users/seanf/Desktop/archive/cars_train/cars_train/05595.jpg,114
53,51,585,422,169,Nissan NV Passenger Van 2012,05596.jpg,C:/Users/seanf/Desktop/archive/cars_train/cars_train/05596.jpg,156
253,204,377,286,151,Lamborghini Aventador Coupe 2012,05597.jpg,C:/Users/seanf/Desktop/archive/cars_train/cars_train/05597.jpg,154
47,125,687,471,84,Dodge Caliber Wagon 2007,05598.jpg,C:/Users/seanf/Desktop/archive/cars_train/cars_train/05598.jpg,137
41,85,618,408,154,Land Rover Range Rover SUV 2012,05599.jpg,C:/Users/seanf/Desktop/archive/cars_train/cars_train/05599.jpg,27
6,80,499,307,60,Chevrolet HHR SS 2010,05600.jpg,C:/Users/seanf/Desktop/archive/cars_train/cars_train/05600.jpg,96
26,44,588,259,123,Geo Metro Convertible 1993,05601.jpg,C:/Users/seanf/Desktop/archive/cars_train/cars_train/05601.jpg,5
28,46,383,315,109,Ford Expedition EL SUV 2009,05602.jpg,C:/Users/seanf/Desktop/archive/cars_train/cars_train/05602.jpg,87
17,85,583,364,42,Bentley Continental GT Coupe 2012,05603.jpg,C:/Users/seanf/Desktop/archive/cars_train/cars_train/05603.jpg,42
43,194,728,426,30,BMW 3 Series Wagon 2012,05604.jpg,C:/Users/seanf/Desktop/archive/cars_train/cars_train/05604.jpg,101
152,356,2504,1323,50,Buick Enclave SUV 2012,05605.jpg,C:/Users/seanf/Desktop/archive/cars_train/cars_train/05605.jpg,113
79,62,553,323,146,Jeep Wrangler SUV 2012,05606.jpg,C:/Users/seanf/Desktop/archive/cars_train/cars_train/05606.jpg,173
5,79,624,416,191,Volkswagen Golf Hatchback 1991,05607.jpg,C:/Users/seanf/Desktop/archive/cars_train/cars_train/05607.jpg,37
13,167,465,293,101,Ferrari FF Coupe 2012,05608.jpg,C:/Users/seanf/Desktop/archive/cars_train/cars_train/05608.jpg,52
17,36,252,174,113,Ford F-150 Regular Cab 2012,05609.jpg,C:/Users/seanf/Desktop/archive/cars_train/cars_train/05609.jpg,167
46,14,492,346,93,Dodge Challenger SRT8 2011,05610.jpg,C:/Users/seanf/Desktop/archive/cars_train/cars_train/05610.jpg,117
20,98,620,386,96,Dodge Charger Sedan 2012,05611.jpg,C:/Users/seanf/Desktop/archive/cars_train/cars_train/05611.jpg,7
57,61,249,184,109,Ford Expedition EL SUV 2009,05612.jpg,C:/Users/seanf/Desktop/archive/cars_train/cars_train/05612.jpg,87
68,76,295,209,175,Rolls-Royce Phantom Drophead Coupe Convertible 2012,05613.jpg,C:/Users/seanf/Desktop/archive/cars_train/cars_train/05613.jpg,72
118,15,601,450,64,Chevrolet Express Cargo Van 2007,05614.jpg,C:/Users/seanf/Desktop/archive/cars_train/cars_train/05614.jpg,178
78,221,1131,747,140,Hyundai Azera Sedan 2012,05615.jpg,C:/Users/seanf/Desktop/archive/cars_train/cars_train/05615.jpg,98
42,50,219,159,27,BMW 1 Series Convertible 2012,05616.jpg,C:/Users/seanf/Desktop/archive/cars_train/cars_train/05616.jpg,192
25,54,286,163,110,Ford Edge SUV 2012,05617.jpg,C:/Users/seanf/Desktop/archive/cars_train/cars_train/05617.jpg,64
140,173,1358,762,161,Mercedes-Benz 300-Class Convertible 1993,05618.jpg,C:/Users/seanf/Desktop/archive/cars_train/cars_train/05618.jpg,86
8,7,275,211,116,Ford E-Series Wagon Van 2012,05619.jpg,C:/Users/seanf/Desktop/archive/cars_train/cars_train/05619.jpg,67
241,66,701,254,182,Suzuki Kizashi Sedan 2012,05620.jpg,C:/Users/seanf/Desktop/archive/cars_train/cars_train/05620.jpg,160
5,59,462,231,150,Lamborghini Reventon Coupe 2008,05621.jpg,C:/Users/seanf/Desktop/archive/cars_train/cars_train/05621.jpg,188
41,120,778,398,179,Spyker C8 Convertible 2009,05622.jpg,C:/Users/seanf/Desktop/archive/cars_train/cars_train/05622.jpg,104
146,94,259,156,175,Rolls-Royce Phantom Drophead Coupe Convertible 2012,05623.jpg,C:/Users/seanf/Desktop/archive/cars_train/cars_train/05623.jpg,72
57,101,416,383,11,Aston Martin Virage Coupe 2012,05624.jpg,C:/Users/seanf/Desktop/archive/cars_train/cars_train/05624.jpg,128
41,44,624,439,194,Volvo 240 Sedan 1993,05625.jpg,C:/Users/seanf/Desktop/archive/cars_train/cars_train/05625.jpg,23
87,248,867,586,167,Mitsubishi Lancer Sedan 2012,05626.jpg,C:/Users/seanf/Desktop/archive/cars_train/cars_train/05626.jpg,8
101,30,1192,781,147,Jeep Liberty SUV 2012,05627.jpg,C:/Users/seanf/Desktop/archive/cars_train/cars_train/05627.jpg,85
1,268,1528,829,79,Chrysler 300 SRT-8 2010,05628.jpg,C:/Users/seanf/Desktop/archive/cars_train/cars_train/05628.jpg,19
39,86,571,392,179,Spyker C8 Convertible 2009,05629.jpg,C:/Users/seanf/Desktop/archive/cars_train/cars_train/05629.jpg,104
78,37,1022,748,63,Chevrolet Sonic Sedan 2012,05630.jpg,C:/Users/seanf/Desktop/archive/cars_train/cars_train/05630.jpg,129
113,276,1150,788,170,Nissan Juke Hatchback 2012,05631.jpg,C:/Users/seanf/Desktop/archive/cars_train/cars_train/05631.jpg,22
28,63,560,321,153,Lamborghini Diablo Coupe 2001,05632.jpg,C:/Users/seanf/Desktop/archive/cars_train/cars_train/05632.jpg,143
20,125,431,264,30,BMW 3 Series Wagon 2012,05633.jpg,C:/Users/seanf/Desktop/archive/cars_train/cars_train/05633.jpg,101
9,48,252,184,27,BMW 1 Series Convertible 2012,05634.jpg,C:/Users/seanf/Desktop/archive/cars_train/cars_train/05634.jpg,192
5,119,638,396,171,Nissan 240SX Coupe 1998,05635.jpg,C:/Users/seanf/Desktop/archive/cars_train/cars_train/05635.jpg,92
24,21,297,178,138,Hyundai Sonata Sedan 2012,05636.jpg,C:/Users/seanf/Desktop/archive/cars_train/cars_train/05636.jpg,71
84,23,905,644,147,Jeep Liberty SUV 2012,05637.jpg,C:/Users/seanf/Desktop/archive/cars_train/cars_train/05637.jpg,85
81,49,263,157,104,Ferrari 458 Italia Coupe 2012,05638.jpg,C:/Users/seanf/Desktop/archive/cars_train/cars_train/05638.jpg,31
6,7,253,179,65,Chevrolet Avalanche Crew Cab 2012,05639.jpg,C:/Users/seanf/Desktop/archive/cars_train/cars_train/05639.jpg,47
19,27,461,241,39,Bentley Continental Supersports Conv. Convertible 2012,05640.jpg,C:/Users/seanf/Desktop/archive/cars_train/cars_train/05640.jpg,170
36,76,721,431,152,Lamborghini Gallardo LP 570-4 Superleggera 2012,05641.jpg,C:/Users/seanf/Desktop/archive/cars_train/cars_train/05641.jpg,176
9,30,183,126,190,Volkswagen Golf Hatchback 2012,05642.jpg,C:/Users/seanf/Desktop/archive/cars_train/cars_train/05642.jpg,51
9,33,253,174,188,Toyota Corolla Sedan 2012,05643.jpg,C:/Users/seanf/Desktop/archive/cars_train/cars_train/05643.jpg,62
23,89,619,366,23,Audi S4 Sedan 2012,05644.jpg,C:/Users/seanf/Desktop/archive/cars_train/cars_train/05644.jpg,127
22,64,2159,1050,18,Audi 100 Wagon 1994,05645.jpg,C:/Users/seanf/Desktop/archive/cars_train/cars_train/05645.jpg,66
26,30,295,147,60,Chevrolet HHR SS 2010,05646.jpg,C:/Users/seanf/Desktop/archive/cars_train/cars_train/05646.jpg,96
40,6,264,180,25,Audi TT RS Coupe 2012,05647.jpg,C:/Users/seanf/Desktop/archive/cars_train/cars_train/05647.jpg,39
5,8,241,141,40,Bentley Arnage Sedan 2009,05648.jpg,C:/Users/seanf/Desktop/archive/cars_train/cars_train/05648.jpg,95
71,92,599,389,114,Ford F-150 Regular Cab 2007,05649.jpg,C:/Users/seanf/Desktop/archive/cars_train/cars_train/05649.jpg,50
48,95,382,217,29,BMW 3 Series Sedan 2012,05650.jpg,C:/Users/seanf/Desktop/archive/cars_train/cars_train/05650.jpg,59
40,204,795,586,105,Fisker Karma Sedan 2012,05651.jpg,C:/Users/seanf/Desktop/archive/cars_train/cars_train/05651.jpg,34
60,283,926,619,157,MINI Cooper Roadster Convertible 2012,05652.jpg,C:/Users/seanf/Desktop/archive/cars_train/cars_train/05652.jpg,190
7,149,1022,738,90,Dodge Dakota Crew Cab 2010,05653.jpg,C:/Users/seanf/Desktop/archive/cars_train/cars_train/05653.jpg,48
83,359,1209,861,28,BMW 1 Series Coupe 2012,05654.jpg,C:/Users/seanf/Desktop/archive/cars_train/cars_train/05654.jpg,88
19,88,612,455,108,Ford Freestar Minivan 2007,05655.jpg,C:/Users/seanf/Desktop/archive/cars_train/cars_train/05655.jpg,108
1,45,250,145,116,Ford E-Series Wagon Van 2012,05656.jpg,C:/Users/seanf/Desktop/archive/cars_train/cars_train/05656.jpg,67
5,8,91,59,1,AM General Hummer SUV 2000,05657.jpg,C:/Users/seanf/Desktop/archive/cars_train/cars_train/05657.jpg,107
22,82,470,314,81,Chrysler PT Cruiser Convertible 2008,05658.jpg,C:/Users/seanf/Desktop/archive/cars_train/cars_train/05658.jpg,182
66,196,696,549,101,Ferrari FF Coupe 2012,05659.jpg,C:/Users/seanf/Desktop/archive/cars_train/cars_train/05659.jpg,52
69,61,451,302,56,Chevrolet Corvette ZR1 2012,05660.jpg,C:/Users/seanf/Desktop/archive/cars_train/cars_train/05660.jpg,94
53,134,635,392,154,Land Rover Range Rover SUV 2012,05661.jpg,C:/Users/seanf/Desktop/archive/cars_train/cars_train/05661.jpg,27
99,72,919,604,96,Dodge Charger Sedan 2012,05662.jpg,C:/Users/seanf/Desktop/archive/cars_train/cars_train/05662.jpg,7
65,59,770,419,116,Ford E-Series Wagon Van 2012,05663.jpg,C:/Users/seanf/Desktop/archive/cars_train/cars_train/05663.jpg,67
135,107,890,717,119,GMC Savana Van 2012,05664.jpg,C:/Users/seanf/Desktop/archive/cars_train/cars_train/05664.jpg,38
16,31,272,181,82,Daewoo Nubira Wagon 2002,05665.jpg,C:/Users/seanf/Desktop/archive/cars_train/cars_train/05665.jpg,186
43,196,578,375,185,Tesla Model S Sedan 2012,05666.jpg,C:/Users/seanf/Desktop/archive/cars_train/cars_train/05666.jpg,150
166,181,842,602,81,Chrysler PT Cruiser Convertible 2008,05667.jpg,C:/Users/seanf/Desktop/archive/cars_train/cars_train/05667.jpg,182
28,59,285,210,104,Ferrari 458 Italia Coupe 2012,05668.jpg,C:/Users/seanf/Desktop/archive/cars_train/cars_train/05668.jpg,31
22,28,599,310,105,Fisker Karma Sedan 2012,05669.jpg,C:/Users/seanf/Desktop/archive/cars_train/cars_train/05669.jpg,34
23,78,659,378,43,Bentley Continental GT Coupe 2007,05670.jpg,C:/Users/seanf/Desktop/archive/cars_train/cars_train/05670.jpg,65
229,96,417,211,6,Acura Integra Type R 2001,05671.jpg,C:/Users/seanf/Desktop/archive/cars_train/cars_train/05671.jpg,123
44,1,582,375,58,Chevrolet Traverse SUV 2012,05672.jpg,C:/Users/seanf/Desktop/archive/cars_train/cars_train/05672.jpg,9
12,110,584,369,173,Porsche Panamera Sedan 2012,05673.jpg,C:/Users/seanf/Desktop/archive/cars_train/cars_train/05673.jpg,41
16,60,295,166,22,Audi S5 Coupe 2012,05674.jpg,C:/Users/seanf/Desktop/archive/cars_train/cars_train/05674.jpg,164
4,125,420,267,151,Lamborghini Aventador Coupe 2012,05675.jpg,C:/Users/seanf/Desktop/archive/cars_train/cars_train/05675.jpg,154
99,38,510,331,141,Infiniti G Coupe IPL 2012,05676.jpg,C:/Users/seanf/Desktop/archive/cars_train/cars_train/05676.jpg,136
62,9,682,427,166,Mercedes-Benz Sprinter Van 2012,05677.jpg,C:/Users/seanf/Desktop/archive/cars_train/cars_train/05677.jpg,162
1,1,639,528,169,Nissan NV Passenger Van 2012,05678.jpg,C:/Users/seanf/Desktop/archive/cars_train/cars_train/05678.jpg,156
82,91,480,291,190,Volkswagen Golf Hatchback 2012,05679.jpg,C:/Users/seanf/Desktop/archive/cars_train/cars_train/05679.jpg,51
49,131,579,300,173,Porsche Panamera Sedan 2012,05680.jpg,C:/Users/seanf/Desktop/archive/cars_train/cars_train/05680.jpg,41
55,84,393,278,77,Chrysler Sebring Convertible 2010,05681.jpg,C:/Users/seanf/Desktop/archive/cars_train/cars_train/05681.jpg,122
39,116,572,421,87,Dodge Ram Pickup 3500 Quad Cab 2009,05682.jpg,C:/Users/seanf/Desktop/archive/cars_train/cars_train/05682.jpg,155
417,414,1012,791,45,Bugatti Veyron 16.4 Convertible 2009,05683.jpg,C:/Users/seanf/Desktop/archive/cars_train/cars_train/05683.jpg,119
36,113,535,437,87,Dodge Ram Pickup 3500 Quad Cab 2009,05684.jpg,C:/Users/seanf/Desktop/archive/cars_train/cars_train/05684.jpg,155
101,80,547,329,33,BMW X6 SUV 2012,05685.jpg,C:/Users/seanf/Desktop/archive/cars_train/cars_train/05685.jpg,187
69,136,510,347,85,Dodge Caravan Minivan 1997,05686.jpg,C:/Users/seanf/Desktop/archive/cars_train/cars_train/05686.jpg,13
26,26,476,310,154,Land Rover Range Rover SUV 2012,05687.jpg,C:/Users/seanf/Desktop/archive/cars_train/cars_train/05687.jpg,27
21,190,750,555,24,Audi S4 Sedan 2007,05688.jpg,C:/Users/seanf/Desktop/archive/cars_train/cars_train/05688.jpg,105
27,8,509,255,132,Hyundai Tucson SUV 2012,05689.jpg,C:/Users/seanf/Desktop/archive/cars_train/cars_train/05689.jpg,138
7,38,274,145,148,Jeep Grand Cherokee SUV 2012,05690.jpg,C:/Users/seanf/Desktop/archive/cars_train/cars_train/05690.jpg,43
144,294,1453,782,66,Chevrolet Cobalt SS 2010,05691.jpg,C:/Users/seanf/Desktop/archive/cars_train/cars_train/05691.jpg,29
16,101,679,540,48,Buick Rainier SUV 2007,05692.jpg,C:/Users/seanf/Desktop/archive/cars_train/cars_train/05692.jpg,121
11,34,171,91,116,Ford E-Series Wagon Van 2012,05693.jpg,C:/Users/seanf/Desktop/archive/cars_train/cars_train/05693.jpg,67
12,86,394,276,9,Aston Martin V8 Vantage Coupe 2012,05694.jpg,C:/Users/seanf/Desktop/archive/cars_train/cars_train/05694.jpg,165
37,153,478,282,40,Bentley Arnage Sedan 2009,05695.jpg,C:/Users/seanf/Desktop/archive/cars_train/cars_train/05695.jpg,95
12,9,646,387,169,Nissan NV Passenger Van 2012,05696.jpg,C:/Users/seanf/Desktop/archive/cars_train/cars_train/05696.jpg,156
44,87,597,396,117,Ford Fiesta Sedan 2012,05697.jpg,C:/Users/seanf/Desktop/archive/cars_train/cars_train/05697.jpg,168
15,12,276,215,52,Cadillac SRX SUV 2012,05698.jpg,C:/Users/seanf/Desktop/archive/cars_train/cars_train/05698.jpg,189
39,193,994,621,43,Bentley Continental GT Coupe 2007,05699.jpg,C:/Users/seanf/Desktop/archive/cars_train/cars_train/05699.jpg,65
126,72,900,606,183,Suzuki SX4 Hatchback 2012,05700.jpg,C:/Users/seanf/Desktop/archive/cars_train/cars_train/05700.jpg,118
1,46,261,156,51,Cadillac CTS-V Sedan 2012,05701.jpg,C:/Users/seanf/Desktop/archive/cars_train/cars_train/05701.jpg,74
102,187,546,353,53,Cadillac Escalade EXT Crew Cab 2007,05702.jpg,C:/Users/seanf/Desktop/archive/cars_train/cars_train/05702.jpg,45
61,118,973,731,169,Nissan NV Passenger Van 2012,05703.jpg,C:/Users/seanf/Desktop/archive/cars_train/cars_train/05703.jpg,156
50,33,229,144,122,GMC Canyon Extended Cab 2012,05704.jpg,C:/Users/seanf/Desktop/archive/cars_train/cars_train/05704.jpg,57
14,61,328,250,20,Audi S6 Sedan 2011,05705.jpg,C:/Users/seanf/Desktop/archive/cars_train/cars_train/05705.jpg,69
52,100,450,296,35,BMW M5 Sedan 2010,05706.jpg,C:/Users/seanf/Desktop/archive/cars_train/cars_train/05706.jpg,194
13,36,264,198,44,Bentley Continental Flying Spur Sedan 2007,05707.jpg,C:/Users/seanf/Desktop/archive/cars_train/cars_train/05707.jpg,46
70,46,468,291,189,Toyota 4Runner SUV 2012,05708.jpg,C:/Users/seanf/Desktop/archive/cars_train/cars_train/05708.jpg,120
126,30,507,301,99,FIAT 500 Abarth 2012,05709.jpg,C:/Users/seanf/Desktop/archive/cars_train/cars_train/05709.jpg,135
286,178,1001,554,26,BMW ActiveHybrid 5 Sedan 2012,05710.jpg,C:/Users/seanf/Desktop/archive/cars_train/cars_train/05710.jpg,140
21,28,244,162,171,Nissan 240SX Coupe 1998,05711.jpg,C:/Users/seanf/Desktop/archive/cars_train/cars_train/05711.jpg,92
123,247,549,463,129,Honda Accord Sedan 2012,05712.jpg,C:/Users/seanf/Desktop/archive/cars_train/cars_train/05712.jpg,181
28,156,620,372,18,Audi 100 Wagon 1994,05713.jpg,C:/Users/seanf/Desktop/archive/cars_train/cars_train/05713.jpg,66
68,2,741,300,122,GMC Canyon Extended Cab 2012,05714.jpg,C:/Users/seanf/Desktop/archive/cars_train/cars_train/05714.jpg,57
33,156,564,345,77,Chrysler Sebring Convertible 2010,05715.jpg,C:/Users/seanf/Desktop/archive/cars_train/cars_train/05715.jpg,122
110,64,1036,677,89,Dodge Journey SUV 2012,05716.jpg,C:/Users/seanf/Desktop/archive/cars_train/cars_train/05716.jpg,6
29,37,300,188,17,Audi 100 Sedan 1994,05717.jpg,C:/Users/seanf/Desktop/archive/cars_train/cars_train/05717.jpg,55
41,31,565,235,10,Aston Martin Virage Convertible 2012,05718.jpg,C:/Users/seanf/Desktop/archive/cars_train/cars_train/05718.jpg,133
45,54,547,299,36,BMW M6 Convertible 2010,05719.jpg,C:/Users/seanf/Desktop/archive/cars_train/cars_train/05719.jpg,20
167,154,642,522,26,BMW ActiveHybrid 5 Sedan 2012,05720.jpg,C:/Users/seanf/Desktop/archive/cars_train/cars_train/05720.jpg,140
48,48,476,319,85,Dodge Caravan Minivan 1997,05721.jpg,C:/Users/seanf/Desktop/archive/cars_train/cars_train/05721.jpg,13
218,146,1091,770,41,Bentley Mulsanne Sedan 2011,05722.jpg,C:/Users/seanf/Desktop/archive/cars_train/cars_train/05722.jpg,109
37,74,994,615,90,Dodge Dakota Crew Cab 2010,05723.jpg,C:/Users/seanf/Desktop/archive/cars_train/cars_train/05723.jpg,48
1,66,700,480,73,Chevrolet Malibu Sedan 2007,05724.jpg,C:/Users/seanf/Desktop/archive/cars_train/cars_train/05724.jpg,16
83,180,600,428,143,Isuzu Ascender SUV 2008,05725.jpg,C:/Users/seanf/Desktop/archive/cars_train/cars_train/05725.jpg,91
67,167,692,380,59,Chevrolet Camaro Convertible 2012,05726.jpg,C:/Users/seanf/Desktop/archive/cars_train/cars_train/05726.jpg,63
179,95,602,412,140,Hyundai Azera Sedan 2012,05727.jpg,C:/Users/seanf/Desktop/archive/cars_train/cars_train/05727.jpg,98
4,38,236,178,76,Chrysler Aspen SUV 2009,05728.jpg,C:/Users/seanf/Desktop/archive/cars_train/cars_train/05728.jpg,99
17,49,280,144,25,Audi TT RS Coupe 2012,05729.jpg,C:/Users/seanf/Desktop/archive/cars_train/cars_train/05729.jpg,39
11,34,256,185,54,Chevrolet Silverado 1500 Hybrid Crew Cab 2012,05730.jpg,C:/Users/seanf/Desktop/archive/cars_train/cars_train/05730.jpg,112
106,102,602,396,94,Dodge Durango SUV 2012,05731.jpg,C:/Users/seanf/Desktop/archive/cars_train/cars_train/05731.jpg,61
19,65,458,268,113,Ford F-150 Regular Cab 2012,05732.jpg,C:/Users/seanf/Desktop/archive/cars_train/cars_train/05732.jpg,167
7,22,255,175,136,Hyundai Accent Sedan 2012,05733.jpg,C:/Users/seanf/Desktop/archive/cars_train/cars_train/05733.jpg,90
23,35,178,137,171,Nissan 240SX Coupe 1998,05734.jpg,C:/Users/seanf/Desktop/archive/cars_train/cars_train/05734.jpg,92
229,124,805,411,151,Lamborghini Aventador Coupe 2012,05735.jpg,C:/Users/seanf/Desktop/archive/cars_train/cars_train/05735.jpg,154
34,17,453,359,146,Jeep Wrangler SUV 2012,05736.jpg,C:/Users/seanf/Desktop/archive/cars_train/cars_train/05736.jpg,173
20,212,621,377,46,Bugatti Veyron 16.4 Coupe 2009,05737.jpg,C:/Users/seanf/Desktop/archive/cars_train/cars_train/05737.jpg,149
53,105,596,390,53,Cadillac Escalade EXT Crew Cab 2007,05738.jpg,C:/Users/seanf/Desktop/archive/cars_train/cars_train/05738.jpg,45
40,136,842,538,64,Chevrolet Express Cargo Van 2007,05739.jpg,C:/Users/seanf/Desktop/archive/cars_train/cars_train/05739.jpg,178
81,196,850,588,55,Chevrolet Corvette Convertible 2012,05740.jpg,C:/Users/seanf/Desktop/archive/cars_train/cars_train/05740.jpg,148
271,307,1735,1108,52,Cadillac SRX SUV 2012,05741.jpg,C:/Users/seanf/Desktop/archive/cars_train/cars_train/05741.jpg,189
651,546,1400,962,178,Scion xD Hatchback 2012,05742.jpg,C:/Users/seanf/Desktop/archive/cars_train/cars_train/05742.jpg,93
41,96,509,286,62,Chevrolet Tahoe Hybrid SUV 2012,05743.jpg,C:/Users/seanf/Desktop/archive/cars_train/cars_train/05743.jpg,161
36,132,985,656,145,Jeep Patriot SUV 2012,05744.jpg,C:/Users/seanf/Desktop/archive/cars_train/cars_train/05744.jpg,68
98,88,1089,664,79,Chrysler 300 SRT-8 2010,05745.jpg,C:/Users/seanf/Desktop/archive/cars_train/cars_train/05745.jpg,19
43,285,953,625,135,Hyundai Elantra Sedan 2007,05746.jpg,C:/Users/seanf/Desktop/archive/cars_train/cars_train/05746.jpg,12
3,51,263,159,156,Lincoln Town Car Sedan 2011,05747.jpg,C:/Users/seanf/Desktop/archive/cars_train/cars_train/05747.jpg,153
26,49,477,288,3,Acura TL Sedan 2012,05748.jpg,C:/Users/seanf/Desktop/archive/cars_train/cars_train/05748.jpg,1
78,49,444,235,189,Toyota 4Runner SUV 2012,05749.jpg,C:/Users/seanf/Desktop/archive/cars_train/cars_train/05749.jpg,120
22,22,1011,744,181,Suzuki Aerio Sedan 2007,05750.jpg,C:/Users/seanf/Desktop/archive/cars_train/cars_train/05750.jpg,163
12,23,246,172,119,GMC Savana Van 2012,05751.jpg,C:/Users/seanf/Desktop/archive/cars_train/cars_train/05751.jpg,38
44,139,529,394,85,Dodge Caravan Minivan 1997,05752.jpg,C:/Users/seanf/Desktop/archive/cars_train/cars_train/05752.jpg,13
30,35,231,167,113,Ford F-150 Regular Cab 2012,05753.jpg,C:/Users/seanf/Desktop/archive/cars_train/cars_train/05753.jpg,167
4,9,96,88,1,AM General Hummer SUV 2000,05754.jpg,C:/Users/seanf/Desktop/archive/cars_train/cars_train/05754.jpg,107
71,89,688,423,140,Hyundai Azera Sedan 2012,05755.jpg,C:/Users/seanf/Desktop/archive/cars_train/cars_train/05755.jpg,98
13,114,618,426,156,Lincoln Town Car Sedan 2011,05756.jpg,C:/Users/seanf/Desktop/archive/cars_train/cars_train/05756.jpg,153
14,56,442,292,124,HUMMER H3T Crew Cab 2010,05757.jpg,C:/Users/seanf/Desktop/archive/cars_train/cars_train/05757.jpg,49
61,26,578,480,50,Buick Enclave SUV 2012,05758.jpg,C:/Users/seanf/Desktop/archive/cars_train/cars_train/05758.jpg,113
132,85,1127,624,63,Chevrolet Sonic Sedan 2012,05759.jpg,C:/Users/seanf/Desktop/archive/cars_train/cars_train/05759.jpg,129
158,411,1127,760,45,Bugatti Veyron 16.4 Convertible 2009,05760.jpg,C:/Users/seanf/Desktop/archive/cars_train/cars_train/05760.jpg,119
15,129,440,355,173,Porsche Panamera Sedan 2012,05761.jpg,C:/Users/seanf/Desktop/archive/cars_train/cars_train/05761.jpg,41
13,116,621,476,81,Chrysler PT Cruiser Convertible 2008,05762.jpg,C:/Users/seanf/Desktop/archive/cars_train/cars_train/05762.jpg,182
230,468,1122,784,41,Bentley Mulsanne Sedan 2011,05763.jpg,C:/Users/seanf/Desktop/archive/cars_train/cars_train/05763.jpg,109
62,83,326,320,78,Chrysler Town and Country Minivan 2012,05764.jpg,C:/Users/seanf/Desktop/archive/cars_train/cars_train/05764.jpg,195
56,133,538,322,97,Dodge Charger SRT-8 2009,05765.jpg,C:/Users/seanf/Desktop/archive/cars_train/cars_train/05765.jpg,33
56,31,587,452,190,Volkswagen Golf Hatchback 2012,05766.jpg,C:/Users/seanf/Desktop/archive/cars_train/cars_train/05766.jpg,51
11,144,625,407,77,Chrysler Sebring Convertible 2010,05767.jpg,C:/Users/seanf/Desktop/archive/cars_train/cars_train/05767.jpg,122
19,46,237,149,97,Dodge Charger SRT-8 2009,05768.jpg,C:/Users/seanf/Desktop/archive/cars_train/cars_train/05768.jpg,33
128,100,414,274,42,Bentley Continental GT Coupe 2012,05769.jpg,C:/Users/seanf/Desktop/archive/cars_train/cars_train/05769.jpg,42
113,56,634,488,178,Scion xD Hatchback 2012,05770.jpg,C:/Users/seanf/Desktop/archive/cars_train/cars_train/05770.jpg,93
1,1,500,375,118,GMC Terrain SUV 2012,05771.jpg,C:/Users/seanf/Desktop/archive/cars_train/cars_train/05771.jpg,179
89,358,738,766,37,BMW X3 SUV 2012,05772.jpg,C:/Users/seanf/Desktop/archive/cars_train/cars_train/05772.jpg,75
32,48,629,363,130,Hyundai Veloster Hatchback 2012,05773.jpg,C:/Users/seanf/Desktop/archive/cars_train/cars_train/05773.jpg,152
201,100,674,471,176,Rolls-Royce Ghost Sedan 2012,05774.jpg,C:/Users/seanf/Desktop/archive/cars_train/cars_train/05774.jpg,106
44,94,377,247,123,Geo Metro Convertible 1993,05775.jpg,C:/Users/seanf/Desktop/archive/cars_train/cars_train/05775.jpg,5
11,87,944,736,145,Jeep Patriot SUV 2012,05776.jpg,C:/Users/seanf/Desktop/archive/cars_train/cars_train/05776.jpg,68
21,28,245,174,188,Toyota Corolla Sedan 2012,05777.jpg,C:/Users/seanf/Desktop/archive/cars_train/cars_train/05777.jpg,62
15,18,365,226,159,Mazda Tribute SUV 2011,05778.jpg,C:/Users/seanf/Desktop/archive/cars_train/cars_train/05778.jpg,183
17,74,579,435,44,Bentley Continental Flying Spur Sedan 2007,05779.jpg,C:/Users/seanf/Desktop/archive/cars_train/cars_train/05779.jpg,46
81,183,1799,1227,149,Jeep Compass SUV 2012,05780.jpg,C:/Users/seanf/Desktop/archive/cars_train/cars_train/05780.jpg,102
1,42,298,194,73,Chevrolet Malibu Sedan 2007,05781.jpg,C:/Users/seanf/Desktop/archive/cars_train/cars_train/05781.jpg,16
31,51,568,357,100,FIAT 500 Convertible 2012,05782.jpg,C:/Users/seanf/Desktop/archive/cars_train/cars_train/05782.jpg,151
52,76,603,420,110,Ford Edge SUV 2012,05783.jpg,C:/Users/seanf/Desktop/archive/cars_train/cars_train/05783.jpg,64
133,97,630,377,89,Dodge Journey SUV 2012,05784.jpg,C:/Users/seanf/Desktop/archive/cars_train/cars_train/05784.jpg,6
80,187,903,679,169,Nissan NV Passenger Van 2012,05785.jpg,C:/Users/seanf/Desktop/archive/cars_train/cars_train/05785.jpg,156
89,161,529,336,60,Chevrolet HHR SS 2010,05786.jpg,C:/Users/seanf/Desktop/archive/cars_train/cars_train/05786.jpg,96
8,9,209,93,18,Audi 100 Wagon 1994,05787.jpg,C:/Users/seanf/Desktop/archive/cars_train/cars_train/05787.jpg,66
66,111,754,459,72,Chevrolet Monte Carlo Coupe 2007,05788.jpg,C:/Users/seanf/Desktop/archive/cars_train/cars_train/05788.jpg,130
169,77,576,369,175,Rolls-Royce Phantom Drophead Coupe Convertible 2012,05789.jpg,C:/Users/seanf/Desktop/archive/cars_train/cars_train/05789.jpg,72
38,55,621,411,159,Mazda Tribute SUV 2011,05790.jpg,C:/Users/seanf/Desktop/archive/cars_train/cars_train/05790.jpg,183
70,262,815,740,89,Dodge Journey SUV 2012,05791.jpg,C:/Users/seanf/Desktop/archive/cars_train/cars_train/05791.jpg,6
36,52,461,292,93,Dodge Challenger SRT8 2011,05792.jpg,C:/Users/seanf/Desktop/archive/cars_train/cars_train/05792.jpg,117
26,49,283,179,156,Lincoln Town Car Sedan 2011,05793.jpg,C:/Users/seanf/Desktop/archive/cars_train/cars_train/05793.jpg,153
95,94,308,207,28,BMW 1 Series Coupe 2012,05794.jpg,C:/Users/seanf/Desktop/archive/cars_train/cars_train/05794.jpg,88
18,24,466,230,185,Tesla Model S Sedan 2012,05795.jpg,C:/Users/seanf/Desktop/archive/cars_train/cars_train/05795.jpg,150
49,4,825,313,155,Land Rover LR2 SUV 2012,05796.jpg,C:/Users/seanf/Desktop/archive/cars_train/cars_train/05796.jpg,97
165,153,836,463,160,McLaren MP4-12C Coupe 2012,05797.jpg,C:/Users/seanf/Desktop/archive/cars_train/cars_train/05797.jpg,116
45,120,953,642,139,Hyundai Elantra Touring Hatchback 2012,05798.jpg,C:/Users/seanf/Desktop/archive/cars_train/cars_train/05798.jpg,28
25,87,617,393,94,Dodge Durango SUV 2012,05799.jpg,C:/Users/seanf/Desktop/archive/cars_train/cars_train/05799.jpg,61
97,99,665,426,45,Bugatti Veyron 16.4 Convertible 2009,05800.jpg,C:/Users/seanf/Desktop/archive/cars_train/cars_train/05800.jpg,119
66,146,571,453,118,GMC Terrain SUV 2012,05801.jpg,C:/Users/seanf/Desktop/archive/cars_train/cars_train/05801.jpg,179
8,35,255,159,16,Audi V8 Sedan 1994,05802.jpg,C:/Users/seanf/Desktop/archive/cars_train/cars_train/05802.jpg,124
11,17,198,116,41,Bentley Mulsanne Sedan 2011,05803.jpg,C:/Users/seanf/Desktop/archive/cars_train/cars_train/05803.jpg,109
4,15,94,63,1,AM General Hummer SUV 2000,05804.jpg,C:/Users/seanf/Desktop/archive/cars_train/cars_train/05804.jpg,107
24,55,285,188,102,Ferrari California Convertible 2012,05805.jpg,C:/Users/seanf/Desktop/archive/cars_train/cars_train/05805.jpg,141
130,41,476,385,119,GMC Savana Van 2012,05806.jpg,C:/Users/seanf/Desktop/archive/cars_train/cars_train/05806.jpg,38
63,163,558,367,161,Mercedes-Benz 300-Class Convertible 1993,05807.jpg,C:/Users/seanf/Desktop/archive/cars_train/cars_train/05807.jpg,86
62,105,980,656,74,Chevrolet Silverado 1500 Extended Cab 2012,05808.jpg,C:/Users/seanf/Desktop/archive/cars_train/cars_train/05808.jpg,78
61,7,424,339,65,Chevrolet Avalanche Crew Cab 2012,05809.jpg,C:/Users/seanf/Desktop/archive/cars_train/cars_train/05809.jpg,47
15,36,615,385,70,Chevrolet Silverado 1500 Classic Extended Cab 2007,05810.jpg,C:/Users/seanf/Desktop/archive/cars_train/cars_train/05810.jpg,171
34,86,368,196,59,Chevrolet Camaro Convertible 2012,05811.jpg,C:/Users/seanf/Desktop/archive/cars_train/cars_train/05811.jpg,63
133,1,871,648,133,Hyundai Veracruz SUV 2012,05812.jpg,C:/Users/seanf/Desktop/archive/cars_train/cars_train/05812.jpg,30
127,117,497,335,91,Dodge Dakota Club Cab 2007,05813.jpg,C:/Users/seanf/Desktop/archive/cars_train/cars_train/05813.jpg,2
86,46,544,405,49,Buick Verano Sedan 2012,05814.jpg,C:/Users/seanf/Desktop/archive/cars_train/cars_train/05814.jpg,10
78,91,524,318,96,Dodge Charger Sedan 2012,05815.jpg,C:/Users/seanf/Desktop/archive/cars_train/cars_train/05815.jpg,7
30,162,561,350,45,Bugatti Veyron 16.4 Convertible 2009,05816.jpg,C:/Users/seanf/Desktop/archive/cars_train/cars_train/05816.jpg,119
68,79,399,358,169,Nissan NV Passenger Van 2012,05817.jpg,C:/Users/seanf/Desktop/archive/cars_train/cars_train/05817.jpg,156
37,44,598,392,65,Chevrolet Avalanche Crew Cab 2012,05818.jpg,C:/Users/seanf/Desktop/archive/cars_train/cars_train/05818.jpg,47
110,172,819,536,134,Hyundai Sonata Hybrid Sedan 2012,05819.jpg,C:/Users/seanf/Desktop/archive/cars_train/cars_train/05819.jpg,3
91,93,449,300,51,Cadillac CTS-V Sedan 2012,05820.jpg,C:/Users/seanf/Desktop/archive/cars_train/cars_train/05820.jpg,74
18,36,263,146,8,Aston Martin V8 Vantage Convertible 2012,05821.jpg,C:/Users/seanf/Desktop/archive/cars_train/cars_train/05821.jpg,54
48,129,577,385,92,Dodge Magnum Wagon 2008,05822.jpg,C:/Users/seanf/Desktop/archive/cars_train/cars_train/05822.jpg,180
13,16,491,267,159,Mazda Tribute SUV 2011,05823.jpg,C:/Users/seanf/Desktop/archive/cars_train/cars_train/05823.jpg,183
17,30,516,256,23,Audi S4 Sedan 2012,05824.jpg,C:/Users/seanf/Desktop/archive/cars_train/cars_train/05824.jpg,127
15,33,685,468,89,Dodge Journey SUV 2012,05825.jpg,C:/Users/seanf/Desktop/archive/cars_train/cars_train/05825.jpg,6
23,86,469,286,91,Dodge Dakota Club Cab 2007,05826.jpg,C:/Users/seanf/Desktop/archive/cars_train/cars_train/05826.jpg,2
182,153,593,357,140,Hyundai Azera Sedan 2012,05827.jpg,C:/Users/seanf/Desktop/archive/cars_train/cars_train/05827.jpg,98
10,48,253,176,129,Honda Accord Sedan 2012,05828.jpg,C:/Users/seanf/Desktop/archive/cars_train/cars_train/05828.jpg,181
21,38,625,368,142,Infiniti QX56 SUV 2011,05829.jpg,C:/Users/seanf/Desktop/archive/cars_train/cars_train/05829.jpg,35
27,349,760,564,36,BMW M6 Convertible 2010,05830.jpg,C:/Users/seanf/Desktop/archive/cars_train/cars_train/05830.jpg,20
36,216,778,580,87,Dodge Ram Pickup 3500 Quad Cab 2009,05831.jpg,C:/Users/seanf/Desktop/archive/cars_train/cars_train/05831.jpg,155
54,307,2237,1527,68,Chevrolet TrailBlazer SS 2009,05832.jpg,C:/Users/seanf/Desktop/archive/cars_train/cars_train/05832.jpg,114
25,189,617,386,61,Chevrolet Impala Sedan 2007,05833.jpg,C:/Users/seanf/Desktop/archive/cars_train/cars_train/05833.jpg,77
104,68,710,499,35,BMW M5 Sedan 2010,05834.jpg,C:/Users/seanf/Desktop/archive/cars_train/cars_train/05834.jpg,194
25,172,677,457,53,Cadillac Escalade EXT Crew Cab 2007,05835.jpg,C:/Users/seanf/Desktop/archive/cars_train/cars_train/05835.jpg,45
283,189,607,436,167,Mitsubishi Lancer Sedan 2012,05836.jpg,C:/Users/seanf/Desktop/archive/cars_train/cars_train/05836.jpg,8
131,60,447,233,59,Chevrolet Camaro Convertible 2012,05837.jpg,C:/Users/seanf/Desktop/archive/cars_train/cars_train/05837.jpg,63
42,123,583,343,187,Toyota Camry Sedan 2012,05838.jpg,C:/Users/seanf/Desktop/archive/cars_train/cars_train/05838.jpg,53
77,184,452,399,26,BMW ActiveHybrid 5 Sedan 2012,05839.jpg,C:/Users/seanf/Desktop/archive/cars_train/cars_train/05839.jpg,140
58,148,666,450,50,Buick Enclave SUV 2012,05840.jpg,C:/Users/seanf/Desktop/archive/cars_train/cars_train/05840.jpg,113
61,49,837,351,195,Volvo XC90 SUV 2007,05841.jpg,C:/Users/seanf/Desktop/archive/cars_train/cars_train/05841.jpg,131
52,124,460,261,74,Chevrolet Silverado 1500 Extended Cab 2012,05842.jpg,C:/Users/seanf/Desktop/archive/cars_train/cars_train/05842.jpg,78
7,101,584,397,124,HUMMER H3T Crew Cab 2010,05843.jpg,C:/Users/seanf/Desktop/archive/cars_train/cars_train/05843.jpg,49
13,158,985,673,63,Chevrolet Sonic Sedan 2012,05844.jpg,C:/Users/seanf/Desktop/archive/cars_train/cars_train/05844.jpg,129
224,241,478,422,166,Mercedes-Benz Sprinter Van 2012,05845.jpg,C:/Users/seanf/Desktop/archive/cars_train/cars_train/05845.jpg,162
328,242,847,397,112,Ford GT Coupe 2006,05846.jpg,C:/Users/seanf/Desktop/archive/cars_train/cars_train/05846.jpg,73
18,122,955,648,94,Dodge Durango SUV 2012,05847.jpg,C:/Users/seanf/Desktop/archive/cars_train/cars_train/05847.jpg,61
26,42,234,158,190,Volkswagen Golf Hatchback 2012,05848.jpg,C:/Users/seanf/Desktop/archive/cars_train/cars_train/05848.jpg,51
208,323,1279,887,170,Nissan Juke Hatchback 2012,05849.jpg,C:/Users/seanf/Desktop/archive/cars_train/cars_train/05849.jpg,22
14,11,576,480,147,Jeep Liberty SUV 2012,05850.jpg,C:/Users/seanf/Desktop/archive/cars_train/cars_train/05850.jpg,85
10,4,395,258,95,Dodge Durango SUV 2007,05851.jpg,C:/Users/seanf/Desktop/archive/cars_train/cars_train/05851.jpg,193
31,105,250,205,38,BMW Z4 Convertible 2012,05852.jpg,C:/Users/seanf/Desktop/archive/cars_train/cars_train/05852.jpg,32
3,82,260,176,129,Honda Accord Sedan 2012,05853.jpg,C:/Users/seanf/Desktop/archive/cars_train/cars_train/05853.jpg,181
349,423,848,694,183,Suzuki SX4 Hatchback 2012,05854.jpg,C:/Users/seanf/Desktop/archive/cars_train/cars_train/05854.jpg,118
183,136,814,484,176,Rolls-Royce Ghost Sedan 2012,05855.jpg,C:/Users/seanf/Desktop/archive/cars_train/cars_train/05855.jpg,106
15,46,600,462,182,Suzuki Kizashi Sedan 2012,05856.jpg,C:/Users/seanf/Desktop/archive/cars_train/cars_train/05856.jpg,160
32,39,232,143,14,Audi TTS Coupe 2012,05857.jpg,C:/Users/seanf/Desktop/archive/cars_train/cars_train/05857.jpg,0
22,80,364,268,130,Hyundai Veloster Hatchback 2012,05858.jpg,C:/Users/seanf/Desktop/archive/cars_train/cars_train/05858.jpg,152
58,21,601,455,110,Ford Edge SUV 2012,05859.jpg,C:/Users/seanf/Desktop/archive/cars_train/cars_train/05859.jpg,64
17,54,378,276,76,Chrysler Aspen SUV 2009,05860.jpg,C:/Users/seanf/Desktop/archive/cars_train/cars_train/05860.jpg,99
252,169,1049,729,38,BMW Z4 Convertible 2012,05861.jpg,C:/Users/seanf/Desktop/archive/cars_train/cars_train/05861.jpg,32
12,33,385,297,116,Ford E-Series Wagon Van 2012,05862.jpg,C:/Users/seanf/Desktop/archive/cars_train/cars_train/05862.jpg,67
74,64,558,330,126,Honda Odyssey Minivan 2012,05863.jpg,C:/Users/seanf/Desktop/archive/cars_train/cars_train/05863.jpg,60
39,63,579,407,126,Honda Odyssey Minivan 2012,05864.jpg,C:/Users/seanf/Desktop/archive/cars_train/cars_train/05864.jpg,60
24,15,229,146,40,Bentley Arnage Sedan 2009,05865.jpg,C:/Users/seanf/Desktop/archive/cars_train/cars_train/05865.jpg,95
12,62,614,447,80,Chrysler Crossfire Convertible 2008,05866.jpg,C:/Users/seanf/Desktop/archive/cars_train/cars_train/05866.jpg,175
206,48,1385,888,34,BMW M3 Coupe 2012,05867.jpg,C:/Users/seanf/Desktop/archive/cars_train/cars_train/05867.jpg,184
46,76,252,168,38,BMW Z4 Convertible 2012,05868.jpg,C:/Users/seanf/Desktop/archive/cars_train/cars_train/05868.jpg,32
1,13,222,170,18,Audi 100 Wagon 1994,05869.jpg,C:/Users/seanf/Desktop/archive/cars_train/cars_train/05869.jpg,66
72,121,963,646,43,Bentley Continental GT Coupe 2007,05870.jpg,C:/Users/seanf/Desktop/archive/cars_train/cars_train/05870.jpg,65
24,110,597,356,85,Dodge Caravan Minivan 1997,05871.jpg,C:/Users/seanf/Desktop/archive/cars_train/cars_train/05871.jpg,13
39,35,591,413,184,Suzuki SX4 Sedan 2012,05872.jpg,C:/Users/seanf/Desktop/archive/cars_train/cars_train/05872.jpg,24
54,75,359,239,39,Bentley Continental Supersports Conv. Convertible 2012,05873.jpg,C:/Users/seanf/Desktop/archive/cars_train/cars_train/05873.jpg,170
101,275,383,383,104,Ferrari 458 Italia Coupe 2012,05874.jpg,C:/Users/seanf/Desktop/archive/cars_train/cars_train/05874.jpg,31
61,240,1154,703,40,Bentley Arnage Sedan 2009,05875.jpg,C:/Users/seanf/Desktop/archive/cars_train/cars_train/05875.jpg,95
32,61,565,390,153,Lamborghini Diablo Coupe 2001,05876.jpg,C:/Users/seanf/Desktop/archive/cars_train/cars_train/05876.jpg,143
22,34,455,304,33,BMW X6 SUV 2012,05877.jpg,C:/Users/seanf/Desktop/archive/cars_train/cars_train/05877.jpg,187
47,166,655,364,27,BMW 1 Series Convertible 2012,05878.jpg,C:/Users/seanf/Desktop/archive/cars_train/cars_train/05878.jpg,192
33,48,204,150,97,Dodge Charger SRT-8 2009,05879.jpg,C:/Users/seanf/Desktop/archive/cars_train/cars_train/05879.jpg,33
119,90,269,185,155,Land Rover LR2 SUV 2012,05880.jpg,C:/Users/seanf/Desktop/archive/cars_train/cars_train/05880.jpg,97
2,7,273,133,52,Cadillac SRX SUV 2012,05881.jpg,C:/Users/seanf/Desktop/archive/cars_train/cars_train/05881.jpg,189
37,72,385,259,72,Chevrolet Monte Carlo Coupe 2007,05882.jpg,C:/Users/seanf/Desktop/archive/cars_train/cars_train/05882.jpg,130
39,135,290,233,118,GMC Terrain SUV 2012,05883.jpg,C:/Users/seanf/Desktop/archive/cars_train/cars_train/05883.jpg,179
50,56,226,129,104,Ferrari 458 Italia Coupe 2012,05884.jpg,C:/Users/seanf/Desktop/archive/cars_train/cars_train/05884.jpg,31
1,343,1007,757,80,Chrysler Crossfire Convertible 2008,05885.jpg,C:/Users/seanf/Desktop/archive/cars_train/cars_train/05885.jpg,175
178,249,984,620,25,Audi TT RS Coupe 2012,05886.jpg,C:/Users/seanf/Desktop/archive/cars_train/cars_train/05886.jpg,39
53,215,723,517,24,Audi S4 Sedan 2007,05887.jpg,C:/Users/seanf/Desktop/archive/cars_train/cars_train/05887.jpg,105
206,210,867,590,85,Dodge Caravan Minivan 1997,05888.jpg,C:/Users/seanf/Desktop/archive/cars_train/cars_train/05888.jpg,13
1,44,146,135,29,BMW 3 Series Sedan 2012,05889.jpg,C:/Users/seanf/Desktop/archive/cars_train/cars_train/05889.jpg,59
140,55,572,300,193,Volvo C30 Hatchback 2012,05890.jpg,C:/Users/seanf/Desktop/archive/cars_train/cars_train/05890.jpg,14
179,308,2329,1830,125,HUMMER H2 SUT Crew Cab 2009,05891.jpg,C:/Users/seanf/Desktop/archive/cars_train/cars_train/05891.jpg,115
155,142,1113,687,31,BMW 6 Series Convertible 2007,05892.jpg,C:/Users/seanf/Desktop/archive/cars_train/cars_train/05892.jpg,145
42,98,469,301,43,Bentley Continental GT Coupe 2007,05893.jpg,C:/Users/seanf/Desktop/archive/cars_train/cars_train/05893.jpg,65
19,34,258,171,189,Toyota 4Runner SUV 2012,05894.jpg,C:/Users/seanf/Desktop/archive/cars_train/cars_train/05894.jpg,120
20,121,656,370,126,Honda Odyssey Minivan 2012,05895.jpg,C:/Users/seanf/Desktop/archive/cars_train/cars_train/05895.jpg,60
28,61,462,366,98,Eagle Talon Hatchback 1998,05896.jpg,C:/Users/seanf/Desktop/archive/cars_train/cars_train/05896.jpg,185
33,105,410,284,37,BMW X3 SUV 2012,05897.jpg,C:/Users/seanf/Desktop/archive/cars_train/cars_train/05897.jpg,75
60,81,629,376,140,Hyundai Azera Sedan 2012,05898.jpg,C:/Users/seanf/Desktop/archive/cars_train/cars_train/05898.jpg,98
69,84,519,375,124,HUMMER H3T Crew Cab 2010,05899.jpg,C:/Users/seanf/Desktop/archive/cars_train/cars_train/05899.jpg,49
20,20,1003,746,147,Jeep Liberty SUV 2012,05900.jpg,C:/Users/seanf/Desktop/archive/cars_train/cars_train/05900.jpg,85
23,32,231,174,121,GMC Acadia SUV 2012,05901.jpg,C:/Users/seanf/Desktop/archive/cars_train/cars_train/05901.jpg,82
60,82,338,221,25,Audi TT RS Coupe 2012,05902.jpg,C:/Users/seanf/Desktop/archive/cars_train/cars_train/05902.jpg,39
26,90,612,425,190,Volkswagen Golf Hatchback 2012,05903.jpg,C:/Users/seanf/Desktop/archive/cars_train/cars_train/05903.jpg,51
9,99,296,191,175,Rolls-Royce Phantom Drophead Coupe Convertible 2012,05904.jpg,C:/Users/seanf/Desktop/archive/cars_train/cars_train/05904.jpg,72
11,14,249,182,119,GMC Savana Van 2012,05905.jpg,C:/Users/seanf/Desktop/archive/cars_train/cars_train/05905.jpg,38
53,125,428,318,117,Ford Fiesta Sedan 2012,05906.jpg,C:/Users/seanf/Desktop/archive/cars_train/cars_train/05906.jpg,168
145,332,1537,867,173,Porsche Panamera Sedan 2012,05907.jpg,C:/Users/seanf/Desktop/archive/cars_train/cars_train/05907.jpg,41
61,72,302,249,24,Audi S4 Sedan 2007,05908.jpg,C:/Users/seanf/Desktop/archive/cars_train/cars_train/05908.jpg,105
57,155,525,364,9,Aston Martin V8 Vantage Coupe 2012,05909.jpg,C:/Users/seanf/Desktop/archive/cars_train/cars_train/05909.jpg,165
3,100,698,478,106,Ford F-450 Super Duty Crew Cab 2012,05910.jpg,C:/Users/seanf/Desktop/archive/cars_train/cars_train/05910.jpg,4
40,37,590,377,78,Chrysler Town and Country Minivan 2012,05911.jpg,C:/Users/seanf/Desktop/archive/cars_train/cars_train/05911.jpg,195
47,46,524,306,49,Buick Verano Sedan 2012,05912.jpg,C:/Users/seanf/Desktop/archive/cars_train/cars_train/05912.jpg,10
226,135,812,483,120,GMC Yukon Hybrid SUV 2012,05913.jpg,C:/Users/seanf/Desktop/archive/cars_train/cars_train/05913.jpg,21
60,185,587,438,177,Rolls-Royce Phantom Sedan 2012,05914.jpg,C:/Users/seanf/Desktop/archive/cars_train/cars_train/05914.jpg,40
20,89,607,404,137,Hyundai Genesis Sedan 2012,05915.jpg,C:/Users/seanf/Desktop/archive/cars_train/cars_train/05915.jpg,83
146,92,689,356,6,Acura Integra Type R 2001,05916.jpg,C:/Users/seanf/Desktop/archive/cars_train/cars_train/05916.jpg,123
30,117,615,365,155,Land Rover LR2 SUV 2012,05917.jpg,C:/Users/seanf/Desktop/archive/cars_train/cars_train/05917.jpg,97
25,55,277,150,3,Acura TL Sedan 2012,05918.jpg,C:/Users/seanf/Desktop/archive/cars_train/cars_train/05918.jpg,1
36,59,982,658,106,Ford F-450 Super Duty Crew Cab 2012,05919.jpg,C:/Users/seanf/Desktop/archive/cars_train/cars_train/05919.jpg,4
32,159,600,377,138,Hyundai Sonata Sedan 2012,05920.jpg,C:/Users/seanf/Desktop/archive/cars_train/cars_train/05920.jpg,71
111,213,907,683,1,AM General Hummer SUV 2000,05921.jpg,C:/Users/seanf/Desktop/archive/cars_train/cars_train/05921.jpg,107
112,51,559,376,105,Fisker Karma Sedan 2012,05922.jpg,C:/Users/seanf/Desktop/archive/cars_train/cars_train/05922.jpg,34
116,119,378,256,44,Bentley Continental Flying Spur Sedan 2007,05923.jpg,C:/Users/seanf/Desktop/archive/cars_train/cars_train/05923.jpg,46
64,153,614,528,16,Audi V8 Sedan 1994,05924.jpg,C:/Users/seanf/Desktop/archive/cars_train/cars_train/05924.jpg,124
77,28,407,315,122,GMC Canyon Extended Cab 2012,05925.jpg,C:/Users/seanf/Desktop/archive/cars_train/cars_train/05925.jpg,57
102,72,528,377,156,Lincoln Town Car Sedan 2011,05926.jpg,C:/Users/seanf/Desktop/archive/cars_train/cars_train/05926.jpg,153
68,329,1561,1025,89,Dodge Journey SUV 2012,05927.jpg,C:/Users/seanf/Desktop/archive/cars_train/cars_train/05927.jpg,6
74,62,490,370,41,Bentley Mulsanne Sedan 2011,05928.jpg,C:/Users/seanf/Desktop/archive/cars_train/cars_train/05928.jpg,109
20,18,467,305,126,Honda Odyssey Minivan 2012,05929.jpg,C:/Users/seanf/Desktop/archive/cars_train/cars_train/05929.jpg,60
38,92,420,241,2,Acura RL Sedan 2012,05930.jpg,C:/Users/seanf/Desktop/archive/cars_train/cars_train/05930.jpg,191
23,51,218,172,190,Volkswagen Golf Hatchback 2012,05931.jpg,C:/Users/seanf/Desktop/archive/cars_train/cars_train/05931.jpg,51
128,132,505,331,55,Chevrolet Corvette Convertible 2012,05932.jpg,C:/Users/seanf/Desktop/archive/cars_train/cars_train/05932.jpg,148
10,25,249,171,116,Ford E-Series Wagon Van 2012,05933.jpg,C:/Users/seanf/Desktop/archive/cars_train/cars_train/05933.jpg,67
33,66,266,147,105,Fisker Karma Sedan 2012,05934.jpg,C:/Users/seanf/Desktop/archive/cars_train/cars_train/05934.jpg,34
84,88,438,292,126,Honda Odyssey Minivan 2012,05935.jpg,C:/Users/seanf/Desktop/archive/cars_train/cars_train/05935.jpg,60
13,1,965,679,58,Chevrolet Traverse SUV 2012,05936.jpg,C:/Users/seanf/Desktop/archive/cars_train/cars_train/05936.jpg,9
31,27,209,167,88,Dodge Sprinter Cargo Van 2009,05937.jpg,C:/Users/seanf/Desktop/archive/cars_train/cars_train/05937.jpg,81
23,142,487,308,103,Ferrari 458 Italia Convertible 2012,05938.jpg,C:/Users/seanf/Desktop/archive/cars_train/cars_train/05938.jpg,146
505,524,1451,958,170,Nissan Juke Hatchback 2012,05939.jpg,C:/Users/seanf/Desktop/archive/cars_train/cars_train/05939.jpg,22
84,57,595,402,137,Hyundai Genesis Sedan 2012,05940.jpg,C:/Users/seanf/Desktop/archive/cars_train/cars_train/05940.jpg,83
27,104,588,446,190,Volkswagen Golf Hatchback 2012,05941.jpg,C:/Users/seanf/Desktop/archive/cars_train/cars_train/05941.jpg,51
19,70,729,452,68,Chevrolet TrailBlazer SS 2009,05942.jpg,C:/Users/seanf/Desktop/archive/cars_train/cars_train/05942.jpg,114
46,36,226,168,121,GMC Acadia SUV 2012,05943.jpg,C:/Users/seanf/Desktop/archive/cars_train/cars_train/05943.jpg,82
93,79,497,361,51,Cadillac CTS-V Sedan 2012,05944.jpg,C:/Users/seanf/Desktop/archive/cars_train/cars_train/05944.jpg,74
1648,1508,5205,3389,63,Chevrolet Sonic Sedan 2012,05945.jpg,C:/Users/seanf/Desktop/archive/cars_train/cars_train/05945.jpg,129
9,58,220,165,44,Bentley Continental Flying Spur Sedan 2007,05946.jpg,C:/Users/seanf/Desktop/archive/cars_train/cars_train/05946.jpg,46
12,31,638,456,28,BMW 1 Series Coupe 2012,05947.jpg,C:/Users/seanf/Desktop/archive/cars_train/cars_train/05947.jpg,88
24,26,240,176,48,Buick Rainier SUV 2007,05948.jpg,C:/Users/seanf/Desktop/archive/cars_train/cars_train/05948.jpg,121
18,12,287,186,72,Chevrolet Monte Carlo Coupe 2007,05949.jpg,C:/Users/seanf/Desktop/archive/cars_train/cars_train/05949.jpg,130
105,127,481,322,144,Jaguar XK XKR 2012,05950.jpg,C:/Users/seanf/Desktop/archive/cars_train/cars_train/05950.jpg,89
102,26,654,435,183,Suzuki SX4 Hatchback 2012,05951.jpg,C:/Users/seanf/Desktop/archive/cars_train/cars_train/05951.jpg,118
153,390,1560,970,118,GMC Terrain SUV 2012,05952.jpg,C:/Users/seanf/Desktop/archive/cars_train/cars_train/05952.jpg,179
14,64,611,415,96,Dodge Charger Sedan 2012,05953.jpg,C:/Users/seanf/Desktop/archive/cars_train/cars_train/05953.jpg,7
61,62,403,293,180,Spyker C8 Coupe 2009,05954.jpg,C:/Users/seanf/Desktop/archive/cars_train/cars_train/05954.jpg,26
47,113,841,506,136,Hyundai Accent Sedan 2012,05955.jpg,C:/Users/seanf/Desktop/archive/cars_train/cars_train/05955.jpg,90
8,66,249,164,188,Toyota Corolla Sedan 2012,05956.jpg,C:/Users/seanf/Desktop/archive/cars_train/cars_train/05956.jpg,62
68,94,251,163,104,Ferrari 458 Italia Coupe 2012,05957.jpg,C:/Users/seanf/Desktop/archive/cars_train/cars_train/05957.jpg,31
62,65,609,409,129,Honda Accord Sedan 2012,05958.jpg,C:/Users/seanf/Desktop/archive/cars_train/cars_train/05958.jpg,181
37,55,475,297,126,Honda Odyssey Minivan 2012,05959.jpg,C:/Users/seanf/Desktop/archive/cars_train/cars_train/05959.jpg,60
18,47,594,295,90,Dodge Dakota Crew Cab 2010,05960.jpg,C:/Users/seanf/Desktop/archive/cars_train/cars_train/05960.jpg,48
15,7,231,142,83,Dodge Caliber Wagon 2012,05961.jpg,C:/Users/seanf/Desktop/archive/cars_train/cars_train/05961.jpg,84
165,101,627,447,162,Mercedes-Benz C-Class Sedan 2012,05962.jpg,C:/Users/seanf/Desktop/archive/cars_train/cars_train/05962.jpg,79
283,553,1591,1105,170,Nissan Juke Hatchback 2012,05963.jpg,C:/Users/seanf/Desktop/archive/cars_train/cars_train/05963.jpg,22
12,58,260,178,21,Audi S5 Convertible 2012,05964.jpg,C:/Users/seanf/Desktop/archive/cars_train/cars_train/05964.jpg,144
63,70,382,299,20,Audi S6 Sedan 2011,05965.jpg,C:/Users/seanf/Desktop/archive/cars_train/cars_train/05965.jpg,69
9,62,461,271,142,Infiniti QX56 SUV 2011,05966.jpg,C:/Users/seanf/Desktop/archive/cars_train/cars_train/05966.jpg,35
14,67,482,302,3,Acura TL Sedan 2012,05967.jpg,C:/Users/seanf/Desktop/archive/cars_train/cars_train/05967.jpg,1
6,76,400,264,17,Audi 100 Sedan 1994,05968.jpg,C:/Users/seanf/Desktop/archive/cars_train/cars_train/05968.jpg,55
69,202,753,435,57,Chevrolet Corvette Ron Fellows Edition Z06 2007,05969.jpg,C:/Users/seanf/Desktop/archive/cars_train/cars_train/05969.jpg,18
51,164,602,359,115,Ford Focus Sedan 2007,05970.jpg,C:/Users/seanf/Desktop/archive/cars_train/cars_train/05970.jpg,169
79,130,565,361,41,Bentley Mulsanne Sedan 2011,05971.jpg,C:/Users/seanf/Desktop/archive/cars_train/cars_train/05971.jpg,109
48,10,592,426,23,Audi S4 Sedan 2012,05972.jpg,C:/Users/seanf/Desktop/archive/cars_train/cars_train/05972.jpg,127
40,73,452,302,151,Lamborghini Aventador Coupe 2012,05973.jpg,C:/Users/seanf/Desktop/archive/cars_train/cars_train/05973.jpg,154
73,62,608,453,186,Toyota Sequoia SUV 2012,05974.jpg,C:/Users/seanf/Desktop/archive/cars_train/cars_train/05974.jpg,11
128,152,433,322,155,Land Rover LR2 SUV 2012,05975.jpg,C:/Users/seanf/Desktop/archive/cars_train/cars_train/05975.jpg,97
18,114,704,498,123,Geo Metro Convertible 1993,05976.jpg,C:/Users/seanf/Desktop/archive/cars_train/cars_train/05976.jpg,5
135,95,1142,789,192,Volkswagen Beetle Hatchback 2012,05977.jpg,C:/Users/seanf/Desktop/archive/cars_train/cars_train/05977.jpg,17
44,58,221,149,92,Dodge Magnum Wagon 2008,05978.jpg,C:/Users/seanf/Desktop/archive/cars_train/cars_train/05978.jpg,180
73,86,441,306,4,Acura TL Type-S 2008,05979.jpg,C:/Users/seanf/Desktop/archive/cars_train/cars_train/05979.jpg,174
1,1,365,264,117,Ford Fiesta Sedan 2012,05980.jpg,C:/Users/seanf/Desktop/archive/cars_train/cars_train/05980.jpg,168
9,12,626,450,44,Bentley Continental Flying Spur Sedan 2007,05981.jpg,C:/Users/seanf/Desktop/archive/cars_train/cars_train/05981.jpg,46
22,55,540,258,185,Tesla Model S Sedan 2012,05982.jpg,C:/Users/seanf/Desktop/archive/cars_train/cars_train/05982.jpg,150
27,52,477,285,59,Chevrolet Camaro Convertible 2012,05983.jpg,C:/Users/seanf/Desktop/archive/cars_train/cars_train/05983.jpg,63
33,36,593,428,75,Chevrolet Silverado 1500 Regular Cab 2012,05984.jpg,C:/Users/seanf/Desktop/archive/cars_train/cars_train/05984.jpg,159
61,110,972,606,28,BMW 1 Series Coupe 2012,05985.jpg,C:/Users/seanf/Desktop/archive/cars_train/cars_train/05985.jpg,88
16,28,418,239,20,Audi S6 Sedan 2011,05986.jpg,C:/Users/seanf/Desktop/archive/cars_train/cars_train/05986.jpg,69
151,171,648,408,116,Ford E-Series Wagon Van 2012,05987.jpg,C:/Users/seanf/Desktop/archive/cars_train/cars_train/05987.jpg,67
81,73,559,407,132,Hyundai Tucson SUV 2012,05988.jpg,C:/Users/seanf/Desktop/archive/cars_train/cars_train/05988.jpg,138
49,172,982,681,90,Dodge Dakota Crew Cab 2010,05989.jpg,C:/Users/seanf/Desktop/archive/cars_train/cars_train/05989.jpg,48
162,143,478,307,151,Lamborghini Aventador Coupe 2012,05990.jpg,C:/Users/seanf/Desktop/archive/cars_train/cars_train/05990.jpg,154
91,164,534,396,68,Chevrolet TrailBlazer SS 2009,05991.jpg,C:/Users/seanf/Desktop/archive/cars_train/cars_train/05991.jpg,114
14,11,639,412,48,Buick Rainier SUV 2007,05992.jpg,C:/Users/seanf/Desktop/archive/cars_train/cars_train/05992.jpg,121
105,3,869,700,63,Chevrolet Sonic Sedan 2012,05993.jpg,C:/Users/seanf/Desktop/archive/cars_train/cars_train/05993.jpg,129
275,80,657,351,145,Jeep Patriot SUV 2012,05994.jpg,C:/Users/seanf/Desktop/archive/cars_train/cars_train/05994.jpg,68
19,82,618,393,161,Mercedes-Benz 300-Class Convertible 1993,05995.jpg,C:/Users/seanf/Desktop/archive/cars_train/cars_train/05995.jpg,86
12,102,390,280,77,Chrysler Sebring Convertible 2010,05996.jpg,C:/Users/seanf/Desktop/archive/cars_train/cars_train/05996.jpg,122
18,120,638,413,50,Buick Enclave SUV 2012,05997.jpg,C:/Users/seanf/Desktop/archive/cars_train/cars_train/05997.jpg,113
313,250,1291,967,170,Nissan Juke Hatchback 2012,05998.jpg,C:/Users/seanf/Desktop/archive/cars_train/cars_train/05998.jpg,22
32,103,440,325,159,Mazda Tribute SUV 2011,05999.jpg,C:/Users/seanf/Desktop/archive/cars_train/cars_train/05999.jpg,183
54,58,596,435,87,Dodge Ram Pickup 3500 Quad Cab 2009,06000.jpg,C:/Users/seanf/Desktop/archive/cars_train/cars_train/06000.jpg,155
10,47,612,375,176,Rolls-Royce Ghost Sedan 2012,06001.jpg,C:/Users/seanf/Desktop/archive/cars_train/cars_train/06001.jpg,106
77,114,960,646,8,Aston Martin V8 Vantage Convertible 2012,06002.jpg,C:/Users/seanf/Desktop/archive/cars_train/cars_train/06002.jpg,54
358,366,1300,860,103,Ferrari 458 Italia Convertible 2012,06003.jpg,C:/Users/seanf/Desktop/archive/cars_train/cars_train/06003.jpg,146
8,7,256,190,196,smart fortwo Convertible 2012,06004.jpg,C:/Users/seanf/Desktop/archive/cars_train/cars_train/06004.jpg,134
18,13,207,108,42,Bentley Continental GT Coupe 2012,06005.jpg,C:/Users/seanf/Desktop/archive/cars_train/cars_train/06005.jpg,42
33,55,186,121,39,Bentley Continental Supersports Conv. Convertible 2012,06006.jpg,C:/Users/seanf/Desktop/archive/cars_train/cars_train/06006.jpg,170
54,176,493,388,160,McLaren MP4-12C Coupe 2012,06007.jpg,C:/Users/seanf/Desktop/archive/cars_train/cars_train/06007.jpg,116
130,346,1489,1090,12,Audi RS 4 Convertible 2008,06008.jpg,C:/Users/seanf/Desktop/archive/cars_train/cars_train/06008.jpg,125
27,17,367,271,160,McLaren MP4-12C Coupe 2012,06009.jpg,C:/Users/seanf/Desktop/archive/cars_train/cars_train/06009.jpg,116
55,149,552,342,77,Chrysler Sebring Convertible 2010,06010.jpg,C:/Users/seanf/Desktop/archive/cars_train/cars_train/06010.jpg,122
39,64,215,143,19,Audi TT Hatchback 2011,06011.jpg,C:/Users/seanf/Desktop/archive/cars_train/cars_train/06011.jpg,110
45,156,608,434,120,GMC Yukon Hybrid SUV 2012,06012.jpg,C:/Users/seanf/Desktop/archive/cars_train/cars_train/06012.jpg,21
101,59,602,389,195,Volvo XC90 SUV 2007,06013.jpg,C:/Users/seanf/Desktop/archive/cars_train/cars_train/06013.jpg,131
274,376,1120,826,100,FIAT 500 Convertible 2012,06014.jpg,C:/Users/seanf/Desktop/archive/cars_train/cars_train/06014.jpg,151
22,114,450,295,156,Lincoln Town Car Sedan 2011,06015.jpg,C:/Users/seanf/Desktop/archive/cars_train/cars_train/06015.jpg,153
25,103,599,389,187,Toyota Camry Sedan 2012,06016.jpg,C:/Users/seanf/Desktop/archive/cars_train/cars_train/06016.jpg,53
1,34,290,260,105,Fisker Karma Sedan 2012,06017.jpg,C:/Users/seanf/Desktop/archive/cars_train/cars_train/06017.jpg,34
13,74,287,158,92,Dodge Magnum Wagon 2008,06018.jpg,C:/Users/seanf/Desktop/archive/cars_train/cars_train/06018.jpg,180
28,35,230,166,90,Dodge Dakota Crew Cab 2010,06019.jpg,C:/Users/seanf/Desktop/archive/cars_train/cars_train/06019.jpg,48
19,63,457,306,12,Audi RS 4 Convertible 2008,06020.jpg,C:/Users/seanf/Desktop/archive/cars_train/cars_train/06020.jpg,125
30,56,681,293,144,Jaguar XK XKR 2012,06021.jpg,C:/Users/seanf/Desktop/archive/cars_train/cars_train/06021.jpg,89
30,37,544,335,93,Dodge Challenger SRT8 2011,06022.jpg,C:/Users/seanf/Desktop/archive/cars_train/cars_train/06022.jpg,117
77,124,528,297,186,Toyota Sequoia SUV 2012,06023.jpg,C:/Users/seanf/Desktop/archive/cars_train/cars_train/06023.jpg,11
5,5,498,211,8,Aston Martin V8 Vantage Convertible 2012,06024.jpg,C:/Users/seanf/Desktop/archive/cars_train/cars_train/06024.jpg,54
41,128,588,398,78,Chrysler Town and Country Minivan 2012,06025.jpg,C:/Users/seanf/Desktop/archive/cars_train/cars_train/06025.jpg,195
31,41,272,189,59,Chevrolet Camaro Convertible 2012,06026.jpg,C:/Users/seanf/Desktop/archive/cars_train/cars_train/06026.jpg,63
38,66,379,289,32,BMW X5 SUV 2007,06027.jpg,C:/Users/seanf/Desktop/archive/cars_train/cars_train/06027.jpg,172
39,77,1790,919,44,Bentley Continental Flying Spur Sedan 2007,06028.jpg,C:/Users/seanf/Desktop/archive/cars_train/cars_train/06028.jpg,46
11,20,637,445,70,Chevrolet Silverado 1500 Classic Extended Cab 2007,06029.jpg,C:/Users/seanf/Desktop/archive/cars_train/cars_train/06029.jpg,171
1,89,403,370,30,BMW 3 Series Wagon 2012,06030.jpg,C:/Users/seanf/Desktop/archive/cars_train/cars_train/06030.jpg,101
150,239,780,479,101,Ferrari FF Coupe 2012,06031.jpg,C:/Users/seanf/Desktop/archive/cars_train/cars_train/06031.jpg,52
12,48,636,422,67,Chevrolet Malibu Hybrid Sedan 2010,06032.jpg,C:/Users/seanf/Desktop/archive/cars_train/cars_train/06032.jpg,166
94,269,516,428,73,Chevrolet Malibu Sedan 2007,06033.jpg,C:/Users/seanf/Desktop/archive/cars_train/cars_train/06033.jpg,16
139,244,1534,1081,112,Ford GT Coupe 2006,06034.jpg,C:/Users/seanf/Desktop/archive/cars_train/cars_train/06034.jpg,73
94,382,1531,1036,39,Bentley Continental Supersports Conv. Convertible 2012,06035.jpg,C:/Users/seanf/Desktop/archive/cars_train/cars_train/06035.jpg,170
30,102,680,334,114,Ford F-150 Regular Cab 2007,06036.jpg,C:/Users/seanf/Desktop/archive/cars_train/cars_train/06036.jpg,50
106,72,711,480,16,Audi V8 Sedan 1994,06037.jpg,C:/Users/seanf/Desktop/archive/cars_train/cars_train/06037.jpg,124
59,65,772,456,160,McLaren MP4-12C Coupe 2012,06038.jpg,C:/Users/seanf/Desktop/archive/cars_train/cars_train/06038.jpg,116
43,142,1984,1054,120,GMC Yukon Hybrid SUV 2012,06039.jpg,C:/Users/seanf/Desktop/archive/cars_train/cars_train/06039.jpg,21
168,88,583,252,35,BMW M5 Sedan 2010,06040.jpg,C:/Users/seanf/Desktop/archive/cars_train/cars_train/06040.jpg,194
20,116,588,338,127,Honda Odyssey Minivan 2007,06041.jpg,C:/Users/seanf/Desktop/archive/cars_train/cars_train/06041.jpg,157
80,35,450,360,154,Land Rover Range Rover SUV 2012,06042.jpg,C:/Users/seanf/Desktop/archive/cars_train/cars_train/06042.jpg,27
4,28,415,340,130,Hyundai Veloster Hatchback 2012,06043.jpg,C:/Users/seanf/Desktop/archive/cars_train/cars_train/06043.jpg,152
13,104,356,243,74,Chevrolet Silverado 1500 Extended Cab 2012,06044.jpg,C:/Users/seanf/Desktop/archive/cars_train/cars_train/06044.jpg,78
132,48,533,395,172,Plymouth Neon Coupe 1999,06045.jpg,C:/Users/seanf/Desktop/archive/cars_train/cars_train/06045.jpg,15
15,13,464,360,157,MINI Cooper Roadster Convertible 2012,06046.jpg,C:/Users/seanf/Desktop/archive/cars_train/cars_train/06046.jpg,190
24,20,283,163,165,Mercedes-Benz S-Class Sedan 2012,06047.jpg,C:/Users/seanf/Desktop/archive/cars_train/cars_train/06047.jpg,70
30,88,509,307,57,Chevrolet Corvette Ron Fellows Edition Z06 2007,06048.jpg,C:/Users/seanf/Desktop/archive/cars_train/cars_train/06048.jpg,18
411,311,1627,1095,50,Buick Enclave SUV 2012,06049.jpg,C:/Users/seanf/Desktop/archive/cars_train/cars_train/06049.jpg,113
38,45,388,278,68,Chevrolet TrailBlazer SS 2009,06050.jpg,C:/Users/seanf/Desktop/archive/cars_train/cars_train/06050.jpg,114
13,51,588,338,38,BMW Z4 Convertible 2012,06051.jpg,C:/Users/seanf/Desktop/archive/cars_train/cars_train/06051.jpg,32
9,14,490,368,1,AM General Hummer SUV 2000,06052.jpg,C:/Users/seanf/Desktop/archive/cars_train/cars_train/06052.jpg,107
12,57,558,476,119,GMC Savana Van 2012,06053.jpg,C:/Users/seanf/Desktop/archive/cars_train/cars_train/06053.jpg,38
8,12,294,160,108,Ford Freestar Minivan 2007,06054.jpg,C:/Users/seanf/Desktop/archive/cars_train/cars_train/06054.jpg,108
6,63,638,429,75,Chevrolet Silverado 1500 Regular Cab 2012,06055.jpg,C:/Users/seanf/Desktop/archive/cars_train/cars_train/06055.jpg,159
58,73,365,246,139,Hyundai Elantra Touring Hatchback 2012,06056.jpg,C:/Users/seanf/Desktop/archive/cars_train/cars_train/06056.jpg,28
6,41,462,319,114,Ford F-150 Regular Cab 2007,06057.jpg,C:/Users/seanf/Desktop/archive/cars_train/cars_train/06057.jpg,50
59,97,431,275,185,Tesla Model S Sedan 2012,06058.jpg,C:/Users/seanf/Desktop/archive/cars_train/cars_train/06058.jpg,150
107,193,552,348,130,Hyundai Veloster Hatchback 2012,06059.jpg,C:/Users/seanf/Desktop/archive/cars_train/cars_train/06059.jpg,152
42,63,588,367,54,Chevrolet Silverado 1500 Hybrid Crew Cab 2012,06060.jpg,C:/Users/seanf/Desktop/archive/cars_train/cars_train/06060.jpg,112
434,441,1805,1126,2,Acura RL Sedan 2012,06061.jpg,C:/Users/seanf/Desktop/archive/cars_train/cars_train/06061.jpg,191
116,114,914,584,89,Dodge Journey SUV 2012,06062.jpg,C:/Users/seanf/Desktop/archive/cars_train/cars_train/06062.jpg,6
5,9,498,312,130,Hyundai Veloster Hatchback 2012,06063.jpg,C:/Users/seanf/Desktop/archive/cars_train/cars_train/06063.jpg,152
35,58,242,148,69,Chevrolet Silverado 2500HD Regular Cab 2012,06064.jpg,C:/Users/seanf/Desktop/archive/cars_train/cars_train/06064.jpg,147
8,100,430,257,138,Hyundai Sonata Sedan 2012,06065.jpg,C:/Users/seanf/Desktop/archive/cars_train/cars_train/06065.jpg,71
29,20,509,224,68,Chevrolet TrailBlazer SS 2009,06066.jpg,C:/Users/seanf/Desktop/archive/cars_train/cars_train/06066.jpg,114
76,220,829,555,15,Audi R8 Coupe 2012,06067.jpg,C:/Users/seanf/Desktop/archive/cars_train/cars_train/06067.jpg,44
40,109,615,414,195,Volvo XC90 SUV 2007,06068.jpg,C:/Users/seanf/Desktop/archive/cars_train/cars_train/06068.jpg,131
162,101,641,435,154,Land Rover Range Rover SUV 2012,06069.jpg,C:/Users/seanf/Desktop/archive/cars_train/cars_train/06069.jpg,27
128,61,529,420,139,Hyundai Elantra Touring Hatchback 2012,06070.jpg,C:/Users/seanf/Desktop/archive/cars_train/cars_train/06070.jpg,28
37,34,347,207,19,Audi TT Hatchback 2011,06071.jpg,C:/Users/seanf/Desktop/archive/cars_train/cars_train/06071.jpg,110
12,44,179,132,42,Bentley Continental GT Coupe 2012,06072.jpg,C:/Users/seanf/Desktop/archive/cars_train/cars_train/06072.jpg,42
131,82,540,406,89,Dodge Journey SUV 2012,06073.jpg,C:/Users/seanf/Desktop/archive/cars_train/cars_train/06073.jpg,6
41,313,1061,1333,112,Ford GT Coupe 2006,06074.jpg,C:/Users/seanf/Desktop/archive/cars_train/cars_train/06074.jpg,73
13,62,288,175,37,BMW X3 SUV 2012,06075.jpg,C:/Users/seanf/Desktop/archive/cars_train/cars_train/06075.jpg,75
37,22,472,337,44,Bentley Continental Flying Spur Sedan 2007,06076.jpg,C:/Users/seanf/Desktop/archive/cars_train/cars_train/06076.jpg,46
15,4,234,172,148,Jeep Grand Cherokee SUV 2012,06077.jpg,C:/Users/seanf/Desktop/archive/cars_train/cars_train/06077.jpg,43
34,39,343,246,27,BMW 1 Series Convertible 2012,06078.jpg,C:/Users/seanf/Desktop/archive/cars_train/cars_train/06078.jpg,192
26,58,496,362,181,Suzuki Aerio Sedan 2007,06079.jpg,C:/Users/seanf/Desktop/archive/cars_train/cars_train/06079.jpg,163
13,11,288,163,34,BMW M3 Coupe 2012,06080.jpg,C:/Users/seanf/Desktop/archive/cars_train/cars_train/06080.jpg,184
39,43,148,125,161,Mercedes-Benz 300-Class Convertible 1993,06081.jpg,C:/Users/seanf/Desktop/archive/cars_train/cars_train/06081.jpg,86
22,70,398,243,165,Mercedes-Benz S-Class Sedan 2012,06082.jpg,C:/Users/seanf/Desktop/archive/cars_train/cars_train/06082.jpg,70
134,471,1514,1071,98,Eagle Talon Hatchback 1998,06083.jpg,C:/Users/seanf/Desktop/archive/cars_train/cars_train/06083.jpg,185
23,124,553,413,81,Chrysler PT Cruiser Convertible 2008,06084.jpg,C:/Users/seanf/Desktop/archive/cars_train/cars_train/06084.jpg,182
138,87,542,359,157,MINI Cooper Roadster Convertible 2012,06085.jpg,C:/Users/seanf/Desktop/archive/cars_train/cars_train/06085.jpg,190
31,112,477,271,93,Dodge Challenger SRT8 2011,06086.jpg,C:/Users/seanf/Desktop/archive/cars_train/cars_train/06086.jpg,117
58,92,569,407,64,Chevrolet Express Cargo Van 2007,06087.jpg,C:/Users/seanf/Desktop/archive/cars_train/cars_train/06087.jpg,178
22,39,221,160,12,Audi RS 4 Convertible 2008,06088.jpg,C:/Users/seanf/Desktop/archive/cars_train/cars_train/06088.jpg,125
48,151,540,355,27,BMW 1 Series Convertible 2012,06089.jpg,C:/Users/seanf/Desktop/archive/cars_train/cars_train/06089.jpg,192
26,53,236,146,129,Honda Accord Sedan 2012,06090.jpg,C:/Users/seanf/Desktop/archive/cars_train/cars_train/06090.jpg,181
1,108,479,471,75,Chevrolet Silverado 1500 Regular Cab 2012,06091.jpg,C:/Users/seanf/Desktop/archive/cars_train/cars_train/06091.jpg,159
300,172,721,457,168,Nissan Leaf Hatchback 2012,06092.jpg,C:/Users/seanf/Desktop/archive/cars_train/cars_train/06092.jpg,142
6,37,258,113,171,Nissan 240SX Coupe 1998,06093.jpg,C:/Users/seanf/Desktop/archive/cars_train/cars_train/06093.jpg,92
36,54,193,131,19,Audi TT Hatchback 2011,06094.jpg,C:/Users/seanf/Desktop/archive/cars_train/cars_train/06094.jpg,110
13,27,243,153,134,Hyundai Sonata Hybrid Sedan 2012,06095.jpg,C:/Users/seanf/Desktop/archive/cars_train/cars_train/06095.jpg,3
323,493,1280,863,164,Mercedes-Benz E-Class Sedan 2012,06096.jpg,C:/Users/seanf/Desktop/archive/cars_train/cars_train/06096.jpg,177
87,77,545,362,84,Dodge Caliber Wagon 2007,06097.jpg,C:/Users/seanf/Desktop/archive/cars_train/cars_train/06097.jpg,137
20,61,588,376,104,Ferrari 458 Italia Coupe 2012,06098.jpg,C:/Users/seanf/Desktop/archive/cars_train/cars_train/06098.jpg,31
69,83,544,372,4,Acura TL Type-S 2008,06099.jpg,C:/Users/seanf/Desktop/archive/cars_train/cars_train/06099.jpg,174
47,107,973,711,148,Jeep Grand Cherokee SUV 2012,06100.jpg,C:/Users/seanf/Desktop/archive/cars_train/cars_train/06100.jpg,43
33,285,1561,993,145,Jeep Patriot SUV 2012,06101.jpg,C:/Users/seanf/Desktop/archive/cars_train/cars_train/06101.jpg,68
54,218,566,438,137,Hyundai Genesis Sedan 2012,06102.jpg,C:/Users/seanf/Desktop/archive/cars_train/cars_train/06102.jpg,83
9,19,542,386,81,Chrysler PT Cruiser Convertible 2008,06103.jpg,C:/Users/seanf/Desktop/archive/cars_train/cars_train/06103.jpg,182
28,63,684,334,190,Volkswagen Golf Hatchback 2012,06104.jpg,C:/Users/seanf/Desktop/archive/cars_train/cars_train/06104.jpg,51
19,31,566,395,22,Audi S5 Coupe 2012,06105.jpg,C:/Users/seanf/Desktop/archive/cars_train/cars_train/06105.jpg,164
16,37,248,170,108,Ford Freestar Minivan 2007,06106.jpg,C:/Users/seanf/Desktop/archive/cars_train/cars_train/06106.jpg,108
27,112,576,294,26,BMW ActiveHybrid 5 Sedan 2012,06107.jpg,C:/Users/seanf/Desktop/archive/cars_train/cars_train/06107.jpg,140
8,36,469,328,71,Chevrolet Express Van 2007,06108.jpg,C:/Users/seanf/Desktop/archive/cars_train/cars_train/06108.jpg,76
39,183,1007,686,128,Honda Accord Coupe 2012,06109.jpg,C:/Users/seanf/Desktop/archive/cars_train/cars_train/06109.jpg,126
8,76,254,196,41,Bentley Mulsanne Sedan 2011,06110.jpg,C:/Users/seanf/Desktop/archive/cars_train/cars_train/06110.jpg,109
65,114,407,327,193,Volvo C30 Hatchback 2012,06111.jpg,C:/Users/seanf/Desktop/archive/cars_train/cars_train/06111.jpg,14
43,74,547,370,126,Honda Odyssey Minivan 2012,06112.jpg,C:/Users/seanf/Desktop/archive/cars_train/cars_train/06112.jpg,60
74,20,564,435,181,Suzuki Aerio Sedan 2007,06113.jpg,C:/Users/seanf/Desktop/archive/cars_train/cars_train/06113.jpg,163
81,100,637,512,184,Suzuki SX4 Sedan 2012,06114.jpg,C:/Users/seanf/Desktop/archive/cars_train/cars_train/06114.jpg,24
75,3,532,350,135,Hyundai Elantra Sedan 2007,06115.jpg,C:/Users/seanf/Desktop/archive/cars_train/cars_train/06115.jpg,12
13,20,163,104,70,Chevrolet Silverado 1500 Classic Extended Cab 2007,06116.jpg,C:/Users/seanf/Desktop/archive/cars_train/cars_train/06116.jpg,171
17,116,303,309,139,Hyundai Elantra Touring Hatchback 2012,06117.jpg,C:/Users/seanf/Desktop/archive/cars_train/cars_train/06117.jpg,28
61,92,778,522,124,HUMMER H3T Crew Cab 2010,06118.jpg,C:/Users/seanf/Desktop/archive/cars_train/cars_train/06118.jpg,49
2,51,624,409,85,Dodge Caravan Minivan 1997,06119.jpg,C:/Users/seanf/Desktop/archive/cars_train/cars_train/06119.jpg,13
21,51,639,445,58,Chevrolet Traverse SUV 2012,06120.jpg,C:/Users/seanf/Desktop/archive/cars_train/cars_train/06120.jpg,9
5,37,176,106,92,Dodge Magnum Wagon 2008,06121.jpg,C:/Users/seanf/Desktop/archive/cars_train/cars_train/06121.jpg,180
7,174,967,689,35,BMW M5 Sedan 2010,06122.jpg,C:/Users/seanf/Desktop/archive/cars_train/cars_train/06122.jpg,194
25,143,723,456,183,Suzuki SX4 Hatchback 2012,06123.jpg,C:/Users/seanf/Desktop/archive/cars_train/cars_train/06123.jpg,118
48,99,584,440,50,Buick Enclave SUV 2012,06124.jpg,C:/Users/seanf/Desktop/archive/cars_train/cars_train/06124.jpg,113
51,39,558,377,64,Chevrolet Express Cargo Van 2007,06125.jpg,C:/Users/seanf/Desktop/archive/cars_train/cars_train/06125.jpg,178
70,1,570,414,99,FIAT 500 Abarth 2012,06126.jpg,C:/Users/seanf/Desktop/archive/cars_train/cars_train/06126.jpg,135
74,96,572,394,194,Volvo 240 Sedan 1993,06127.jpg,C:/Users/seanf/Desktop/archive/cars_train/cars_train/06127.jpg,23
16,67,421,249,40,Bentley Arnage Sedan 2009,06128.jpg,C:/Users/seanf/Desktop/archive/cars_train/cars_train/06128.jpg,95
185,226,1765,1223,66,Chevrolet Cobalt SS 2010,06129.jpg,C:/Users/seanf/Desktop/archive/cars_train/cars_train/06129.jpg,29
12,18,235,163,162,Mercedes-Benz C-Class Sedan 2012,06130.jpg,C:/Users/seanf/Desktop/archive/cars_train/cars_train/06130.jpg,79
271,440,3392,1955,110,Ford Edge SUV 2012,06131.jpg,C:/Users/seanf/Desktop/archive/cars_train/cars_train/06131.jpg,64
10,52,251,132,80,Chrysler Crossfire Convertible 2008,06132.jpg,C:/Users/seanf/Desktop/archive/cars_train/cars_train/06132.jpg,175
19,30,393,276,113,Ford F-150 Regular Cab 2012,06133.jpg,C:/Users/seanf/Desktop/archive/cars_train/cars_train/06133.jpg,167
151,44,485,422,88,Dodge Sprinter Cargo Van 2009,06134.jpg,C:/Users/seanf/Desktop/archive/cars_train/cars_train/06134.jpg,81
12,58,591,302,171,Nissan 240SX Coupe 1998,06135.jpg,C:/Users/seanf/Desktop/archive/cars_train/cars_train/06135.jpg,92
66,138,611,427,51,Cadillac CTS-V Sedan 2012,06136.jpg,C:/Users/seanf/Desktop/archive/cars_train/cars_train/06136.jpg,74
195,268,1230,962,81,Chrysler PT Cruiser Convertible 2008,06137.jpg,C:/Users/seanf/Desktop/archive/cars_train/cars_train/06137.jpg,182
11,39,258,162,134,Hyundai Sonata Hybrid Sedan 2012,06138.jpg,C:/Users/seanf/Desktop/archive/cars_train/cars_train/06138.jpg,3
148,247,1261,1051,72,Chevrolet Monte Carlo Coupe 2007,06139.jpg,C:/Users/seanf/Desktop/archive/cars_train/cars_train/06139.jpg,130
28,376,1564,985,79,Chrysler 300 SRT-8 2010,06140.jpg,C:/Users/seanf/Desktop/archive/cars_train/cars_train/06140.jpg,19
32,74,917,763,147,Jeep Liberty SUV 2012,06141.jpg,C:/Users/seanf/Desktop/archive/cars_train/cars_train/06141.jpg,85
7,50,311,236,48,Buick Rainier SUV 2007,06142.jpg,C:/Users/seanf/Desktop/archive/cars_train/cars_train/06142.jpg,121
85,119,644,374,134,Hyundai Sonata Hybrid Sedan 2012,06143.jpg,C:/Users/seanf/Desktop/archive/cars_train/cars_train/06143.jpg,3
19,74,1013,659,172,Plymouth Neon Coupe 1999,06144.jpg,C:/Users/seanf/Desktop/archive/cars_train/cars_train/06144.jpg,15
48,59,612,432,4,Acura TL Type-S 2008,06145.jpg,C:/Users/seanf/Desktop/archive/cars_train/cars_train/06145.jpg,174
1,25,275,160,76,Chrysler Aspen SUV 2009,06146.jpg,C:/Users/seanf/Desktop/archive/cars_train/cars_train/06146.jpg,99
31,103,617,317,77,Chrysler Sebring Convertible 2010,06147.jpg,C:/Users/seanf/Desktop/archive/cars_train/cars_train/06147.jpg,122
30,38,234,153,107,Ford Mustang Convertible 2007,06148.jpg,C:/Users/seanf/Desktop/archive/cars_train/cars_train/06148.jpg,132
28,70,576,367,185,Tesla Model S Sedan 2012,06149.jpg,C:/Users/seanf/Desktop/archive/cars_train/cars_train/06149.jpg,150
22,58,623,413,169,Nissan NV Passenger Van 2012,06150.jpg,C:/Users/seanf/Desktop/archive/cars_train/cars_train/06150.jpg,156
62,105,976,631,20,Audi S6 Sedan 2011,06151.jpg,C:/Users/seanf/Desktop/archive/cars_train/cars_train/06151.jpg,69
174,79,639,408,109,Ford Expedition EL SUV 2009,06152.jpg,C:/Users/seanf/Desktop/archive/cars_train/cars_train/06152.jpg,87
18,33,437,287,125,HUMMER H2 SUT Crew Cab 2009,06153.jpg,C:/Users/seanf/Desktop/archive/cars_train/cars_train/06153.jpg,115
7,27,246,161,119,GMC Savana Van 2012,06154.jpg,C:/Users/seanf/Desktop/archive/cars_train/cars_train/06154.jpg,38
4,19,200,120,46,Bugatti Veyron 16.4 Coupe 2009,06155.jpg,C:/Users/seanf/Desktop/archive/cars_train/cars_train/06155.jpg,149
11,31,275,171,86,Dodge Ram Pickup 3500 Crew Cab 2010,06156.jpg,C:/Users/seanf/Desktop/archive/cars_train/cars_train/06156.jpg,25
12,37,246,167,76,Chrysler Aspen SUV 2009,06157.jpg,C:/Users/seanf/Desktop/archive/cars_train/cars_train/06157.jpg,99
87,235,740,517,7,Acura ZDX Hatchback 2012,06158.jpg,C:/Users/seanf/Desktop/archive/cars_train/cars_train/06158.jpg,139
86,81,371,252,1,AM General Hummer SUV 2000,06159.jpg,C:/Users/seanf/Desktop/archive/cars_train/cars_train/06159.jpg,107
59,130,974,675,122,GMC Canyon Extended Cab 2012,06160.jpg,C:/Users/seanf/Desktop/archive/cars_train/cars_train/06160.jpg,57
112,265,1507,1099,149,Jeep Compass SUV 2012,06161.jpg,C:/Users/seanf/Desktop/archive/cars_train/cars_train/06161.jpg,102
46,75,425,255,103,Ferrari 458 Italia Convertible 2012,06162.jpg,C:/Users/seanf/Desktop/archive/cars_train/cars_train/06162.jpg,146
19,93,382,267,12,Audi RS 4 Convertible 2008,06163.jpg,C:/Users/seanf/Desktop/archive/cars_train/cars_train/06163.jpg,125
29,102,436,251,115,Ford Focus Sedan 2007,06164.jpg,C:/Users/seanf/Desktop/archive/cars_train/cars_train/06164.jpg,169
19,96,615,416,67,Chevrolet Malibu Hybrid Sedan 2010,06165.jpg,C:/Users/seanf/Desktop/archive/cars_train/cars_train/06165.jpg,166
3,81,500,279,55,Chevrolet Corvette Convertible 2012,06166.jpg,C:/Users/seanf/Desktop/archive/cars_train/cars_train/06166.jpg,148
19,94,461,294,60,Chevrolet HHR SS 2010,06167.jpg,C:/Users/seanf/Desktop/archive/cars_train/cars_train/06167.jpg,96
42,92,588,288,185,Tesla Model S Sedan 2012,06168.jpg,C:/Users/seanf/Desktop/archive/cars_train/cars_train/06168.jpg,150
48,121,387,278,25,Audi TT RS Coupe 2012,06169.jpg,C:/Users/seanf/Desktop/archive/cars_train/cars_train/06169.jpg,39
377,430,1308,943,183,Suzuki SX4 Hatchback 2012,06170.jpg,C:/Users/seanf/Desktop/archive/cars_train/cars_train/06170.jpg,118
27,84,492,375,154,Land Rover Range Rover SUV 2012,06171.jpg,C:/Users/seanf/Desktop/archive/cars_train/cars_train/06171.jpg,27
43,46,691,364,83,Dodge Caliber Wagon 2012,06172.jpg,C:/Users/seanf/Desktop/archive/cars_train/cars_train/06172.jpg,84
11,30,293,208,65,Chevrolet Avalanche Crew Cab 2012,06173.jpg,C:/Users/seanf/Desktop/archive/cars_train/cars_train/06173.jpg,47
1,1,300,179,1,AM General Hummer SUV 2000,06174.jpg,C:/Users/seanf/Desktop/archive/cars_train/cars_train/06174.jpg,107
14,224,1011,612,181,Suzuki Aerio Sedan 2007,06175.jpg,C:/Users/seanf/Desktop/archive/cars_train/cars_train/06175.jpg,163
27,98,624,390,75,Chevrolet Silverado 1500 Regular Cab 2012,06176.jpg,C:/Users/seanf/Desktop/archive/cars_train/cars_train/06176.jpg,159
121,78,730,449,145,Jeep Patriot SUV 2012,06177.jpg,C:/Users/seanf/Desktop/archive/cars_train/cars_train/06177.jpg,68
73,9,573,427,73,Chevrolet Malibu Sedan 2007,06178.jpg,C:/Users/seanf/Desktop/archive/cars_train/cars_train/06178.jpg,16
131,42,500,349,6,Acura Integra Type R 2001,06179.jpg,C:/Users/seanf/Desktop/archive/cars_train/cars_train/06179.jpg,123
11,27,259,153,74,Chevrolet Silverado 1500 Extended Cab 2012,06180.jpg,C:/Users/seanf/Desktop/archive/cars_train/cars_train/06180.jpg,78
30,25,229,165,41,Bentley Mulsanne Sedan 2011,06181.jpg,C:/Users/seanf/Desktop/archive/cars_train/cars_train/06181.jpg,109
34,22,594,330,105,Fisker Karma Sedan 2012,06182.jpg,C:/Users/seanf/Desktop/archive/cars_train/cars_train/06182.jpg,34
105,91,528,338,5,Acura TSX Sedan 2012,06183.jpg,C:/Users/seanf/Desktop/archive/cars_train/cars_train/06183.jpg,58
47,211,623,426,115,Ford Focus Sedan 2007,06184.jpg,C:/Users/seanf/Desktop/archive/cars_train/cars_train/06184.jpg,169
163,189,1180,723,145,Jeep Patriot SUV 2012,06185.jpg,C:/Users/seanf/Desktop/archive/cars_train/cars_train/06185.jpg,68
18,21,237,213,150,Lamborghini Reventon Coupe 2008,06186.jpg,C:/Users/seanf/Desktop/archive/cars_train/cars_train/06186.jpg,188
57,107,752,476,89,Dodge Journey SUV 2012,06187.jpg,C:/Users/seanf/Desktop/archive/cars_train/cars_train/06187.jpg,6
97,137,965,652,192,Volkswagen Beetle Hatchback 2012,06188.jpg,C:/Users/seanf/Desktop/archive/cars_train/cars_train/06188.jpg,17
55,86,414,301,109,Ford Expedition EL SUV 2009,06189.jpg,C:/Users/seanf/Desktop/archive/cars_train/cars_train/06189.jpg,87
99,135,931,613,96,Dodge Charger Sedan 2012,06190.jpg,C:/Users/seanf/Desktop/archive/cars_train/cars_train/06190.jpg,7
2,30,455,337,48,Buick Rainier SUV 2007,06191.jpg,C:/Users/seanf/Desktop/archive/cars_train/cars_train/06191.jpg,121
75,245,1207,695,133,Hyundai Veracruz SUV 2012,06192.jpg,C:/Users/seanf/Desktop/archive/cars_train/cars_train/06192.jpg,30
34,123,267,209,22,Audi S5 Coupe 2012,06193.jpg,C:/Users/seanf/Desktop/archive/cars_train/cars_train/06193.jpg,164
37,3,639,415,133,Hyundai Veracruz SUV 2012,06194.jpg,C:/Users/seanf/Desktop/archive/cars_train/cars_train/06194.jpg,30
245,97,567,315,146,Jeep Wrangler SUV 2012,06195.jpg,C:/Users/seanf/Desktop/archive/cars_train/cars_train/06195.jpg,173
6,63,571,303,6,Acura Integra Type R 2001,06196.jpg,C:/Users/seanf/Desktop/archive/cars_train/cars_train/06196.jpg,123
75,68,583,356,50,Buick Enclave SUV 2012,06197.jpg,C:/Users/seanf/Desktop/archive/cars_train/cars_train/06197.jpg,113
9,8,223,108,157,MINI Cooper Roadster Convertible 2012,06198.jpg,C:/Users/seanf/Desktop/archive/cars_train/cars_train/06198.jpg,190
7,32,294,213,53,Cadillac Escalade EXT Crew Cab 2007,06199.jpg,C:/Users/seanf/Desktop/archive/cars_train/cars_train/06199.jpg,45
117,90,538,365,89,Dodge Journey SUV 2012,06200.jpg,C:/Users/seanf/Desktop/archive/cars_train/cars_train/06200.jpg,6
32,55,607,403,118,GMC Terrain SUV 2012,06201.jpg,C:/Users/seanf/Desktop/archive/cars_train/cars_train/06201.jpg,179
36,40,372,290,28,BMW 1 Series Coupe 2012,06202.jpg,C:/Users/seanf/Desktop/archive/cars_train/cars_train/06202.jpg,88
5,42,636,473,36,BMW M6 Convertible 2010,06203.jpg,C:/Users/seanf/Desktop/archive/cars_train/cars_train/06203.jpg,20
3,31,273,176,32,BMW X5 SUV 2007,06204.jpg,C:/Users/seanf/Desktop/archive/cars_train/cars_train/06204.jpg,172
72,109,1003,686,53,Cadillac Escalade EXT Crew Cab 2007,06205.jpg,C:/Users/seanf/Desktop/archive/cars_train/cars_train/06205.jpg,45
3,60,404,215,8,Aston Martin V8 Vantage Convertible 2012,06206.jpg,C:/Users/seanf/Desktop/archive/cars_train/cars_train/06206.jpg,54
61,6,299,164,175,Rolls-Royce Phantom Drophead Coupe Convertible 2012,06207.jpg,C:/Users/seanf/Desktop/archive/cars_train/cars_train/06207.jpg,72
16,6,203,151,15,Audi R8 Coupe 2012,06208.jpg,C:/Users/seanf/Desktop/archive/cars_train/cars_train/06208.jpg,44
19,206,632,467,87,Dodge Ram Pickup 3500 Quad Cab 2009,06209.jpg,C:/Users/seanf/Desktop/archive/cars_train/cars_train/06209.jpg,155
15,17,343,199,130,Hyundai Veloster Hatchback 2012,06210.jpg,C:/Users/seanf/Desktop/archive/cars_train/cars_train/06210.jpg,152
117,53,513,439,182,Suzuki Kizashi Sedan 2012,06211.jpg,C:/Users/seanf/Desktop/archive/cars_train/cars_train/06211.jpg,160
19,33,243,148,48,Buick Rainier SUV 2007,06212.jpg,C:/Users/seanf/Desktop/archive/cars_train/cars_train/06212.jpg,121
40,19,599,402,178,Scion xD Hatchback 2012,06213.jpg,C:/Users/seanf/Desktop/archive/cars_train/cars_train/06213.jpg,93
27,5,239,182,37,BMW X3 SUV 2012,06214.jpg,C:/Users/seanf/Desktop/archive/cars_train/cars_train/06214.jpg,75
131,532,2152,1327,50,Buick Enclave SUV 2012,06215.jpg,C:/Users/seanf/Desktop/archive/cars_train/cars_train/06215.jpg,113
16,74,283,189,98,Eagle Talon Hatchback 1998,06216.jpg,C:/Users/seanf/Desktop/archive/cars_train/cars_train/06216.jpg,185
202,71,1086,705,41,Bentley Mulsanne Sedan 2011,06217.jpg,C:/Users/seanf/Desktop/archive/cars_train/cars_train/06217.jpg,109
35,42,194,105,80,Chrysler Crossfire Convertible 2008,06218.jpg,C:/Users/seanf/Desktop/archive/cars_train/cars_train/06218.jpg,175
19,68,603,439,128,Honda Accord Coupe 2012,06219.jpg,C:/Users/seanf/Desktop/archive/cars_train/cars_train/06219.jpg,126
3,43,259,178,82,Daewoo Nubira Wagon 2002,06220.jpg,C:/Users/seanf/Desktop/archive/cars_train/cars_train/06220.jpg,186
60,102,759,418,104,Ferrari 458 Italia Coupe 2012,06221.jpg,C:/Users/seanf/Desktop/archive/cars_train/cars_train/06221.jpg,31
2,112,552,372,43,Bentley Continental GT Coupe 2007,06222.jpg,C:/Users/seanf/Desktop/archive/cars_train/cars_train/06222.jpg,65
12,32,466,225,117,Ford Fiesta Sedan 2012,06223.jpg,C:/Users/seanf/Desktop/archive/cars_train/cars_train/06223.jpg,168
313,367,1333,901,17,Audi 100 Sedan 1994,06224.jpg,C:/Users/seanf/Desktop/archive/cars_train/cars_train/06224.jpg,55
47,68,1179,513,47,Buick Regal GS 2012,06225.jpg,C:/Users/seanf/Desktop/archive/cars_train/cars_train/06225.jpg,100
155,651,1970,1328,36,BMW M6 Convertible 2010,06226.jpg,C:/Users/seanf/Desktop/archive/cars_train/cars_train/06226.jpg,20
32,111,630,431,14,Audi TTS Coupe 2012,06227.jpg,C:/Users/seanf/Desktop/archive/cars_train/cars_train/06227.jpg,0
48,58,605,373,106,Ford F-450 Super Duty Crew Cab 2012,06228.jpg,C:/Users/seanf/Desktop/archive/cars_train/cars_train/06228.jpg,4
51,134,594,416,23,Audi S4 Sedan 2012,06229.jpg,C:/Users/seanf/Desktop/archive/cars_train/cars_train/06229.jpg,127
40,244,1144,637,21,Audi S5 Convertible 2012,06230.jpg,C:/Users/seanf/Desktop/archive/cars_train/cars_train/06230.jpg,144
20,82,399,294,78,Chrysler Town and Country Minivan 2012,06231.jpg,C:/Users/seanf/Desktop/archive/cars_train/cars_train/06231.jpg,195
18,332,1105,810,163,Mercedes-Benz SL-Class Coupe 2009,06232.jpg,C:/Users/seanf/Desktop/archive/cars_train/cars_train/06232.jpg,111
6,31,256,128,41,Bentley Mulsanne Sedan 2011,06233.jpg,C:/Users/seanf/Desktop/archive/cars_train/cars_train/06233.jpg,109
37,43,217,178,34,BMW M3 Coupe 2012,06234.jpg,C:/Users/seanf/Desktop/archive/cars_train/cars_train/06234.jpg,184
66,70,872,501,182,Suzuki Kizashi Sedan 2012,06235.jpg,C:/Users/seanf/Desktop/archive/cars_train/cars_train/06235.jpg,160
27,119,625,462,23,Audi S4 Sedan 2012,06236.jpg,C:/Users/seanf/Desktop/archive/cars_train/cars_train/06236.jpg,127
169,165,707,501,105,Fisker Karma Sedan 2012,06237.jpg,C:/Users/seanf/Desktop/archive/cars_train/cars_train/06237.jpg,34
29,86,603,388,144,Jaguar XK XKR 2012,06238.jpg,C:/Users/seanf/Desktop/archive/cars_train/cars_train/06238.jpg,89
15,65,441,258,10,Aston Martin Virage Convertible 2012,06239.jpg,C:/Users/seanf/Desktop/archive/cars_train/cars_train/06239.jpg,133
1,5,639,480,179,Spyker C8 Convertible 2009,06240.jpg,C:/Users/seanf/Desktop/archive/cars_train/cars_train/06240.jpg,104
14,42,613,384,135,Hyundai Elantra Sedan 2007,06241.jpg,C:/Users/seanf/Desktop/archive/cars_train/cars_train/06241.jpg,12
45,56,580,347,123,Geo Metro Convertible 1993,06242.jpg,C:/Users/seanf/Desktop/archive/cars_train/cars_train/06242.jpg,5
18,25,230,178,65,Chevrolet Avalanche Crew Cab 2012,06243.jpg,C:/Users/seanf/Desktop/archive/cars_train/cars_train/06243.jpg,47
118,402,1011,733,6,Acura Integra Type R 2001,06244.jpg,C:/Users/seanf/Desktop/archive/cars_train/cars_train/06244.jpg,123
58,87,561,400,82,Daewoo Nubira Wagon 2002,06245.jpg,C:/Users/seanf/Desktop/archive/cars_train/cars_train/06245.jpg,186
33,120,514,471,125,HUMMER H2 SUT Crew Cab 2009,06246.jpg,C:/Users/seanf/Desktop/archive/cars_train/cars_train/06246.jpg,115
115,112,1471,1087,183,Suzuki SX4 Hatchback 2012,06247.jpg,C:/Users/seanf/Desktop/archive/cars_train/cars_train/06247.jpg,118
68,56,352,213,90,Dodge Dakota Crew Cab 2010,06248.jpg,C:/Users/seanf/Desktop/archive/cars_train/cars_train/06248.jpg,48
31,98,371,245,25,Audi TT RS Coupe 2012,06249.jpg,C:/Users/seanf/Desktop/archive/cars_train/cars_train/06249.jpg,39
36,21,639,480,166,Mercedes-Benz Sprinter Van 2012,06250.jpg,C:/Users/seanf/Desktop/archive/cars_train/cars_train/06250.jpg,162
21,20,281,167,152,Lamborghini Gallardo LP 570-4 Superleggera 2012,06251.jpg,C:/Users/seanf/Desktop/archive/cars_train/cars_train/06251.jpg,176
10,14,394,252,32,BMW X5 SUV 2007,06252.jpg,C:/Users/seanf/Desktop/archive/cars_train/cars_train/06252.jpg,172
139,371,1954,1241,62,Chevrolet Tahoe Hybrid SUV 2012,06253.jpg,C:/Users/seanf/Desktop/archive/cars_train/cars_train/06253.jpg,161
134,269,664,546,47,Buick Regal GS 2012,06254.jpg,C:/Users/seanf/Desktop/archive/cars_train/cars_train/06254.jpg,100
26,41,521,287,116,Ford E-Series Wagon Van 2012,06255.jpg,C:/Users/seanf/Desktop/archive/cars_train/cars_train/06255.jpg,67
3,18,295,159,122,GMC Canyon Extended Cab 2012,06256.jpg,C:/Users/seanf/Desktop/archive/cars_train/cars_train/06256.jpg,57
42,111,521,409,163,Mercedes-Benz SL-Class Coupe 2009,06257.jpg,C:/Users/seanf/Desktop/archive/cars_train/cars_train/06257.jpg,111
31,17,621,445,149,Jeep Compass SUV 2012,06258.jpg,C:/Users/seanf/Desktop/archive/cars_train/cars_train/06258.jpg,102
60,183,502,532,168,Nissan Leaf Hatchback 2012,06259.jpg,C:/Users/seanf/Desktop/archive/cars_train/cars_train/06259.jpg,142
12,12,787,498,194,Volvo 240 Sedan 1993,06260.jpg,C:/Users/seanf/Desktop/archive/cars_train/cars_train/06260.jpg,23
3,181,601,413,87,Dodge Ram Pickup 3500 Quad Cab 2009,06261.jpg,C:/Users/seanf/Desktop/archive/cars_train/cars_train/06261.jpg,155
6,20,123,88,1,AM General Hummer SUV 2000,06262.jpg,C:/Users/seanf/Desktop/archive/cars_train/cars_train/06262.jpg,107
12,23,245,183,125,HUMMER H2 SUT Crew Cab 2009,06263.jpg,C:/Users/seanf/Desktop/archive/cars_train/cars_train/06263.jpg,115
109,118,550,304,105,Fisker Karma Sedan 2012,06264.jpg,C:/Users/seanf/Desktop/archive/cars_train/cars_train/06264.jpg,34
78,123,435,283,26,BMW ActiveHybrid 5 Sedan 2012,06265.jpg,C:/Users/seanf/Desktop/archive/cars_train/cars_train/06265.jpg,140
43,93,612,401,127,Honda Odyssey Minivan 2007,06266.jpg,C:/Users/seanf/Desktop/archive/cars_train/cars_train/06266.jpg,157
14,60,308,134,103,Ferrari 458 Italia Convertible 2012,06267.jpg,C:/Users/seanf/Desktop/archive/cars_train/cars_train/06267.jpg,146
1,99,591,400,74,Chevrolet Silverado 1500 Extended Cab 2012,06268.jpg,C:/Users/seanf/Desktop/archive/cars_train/cars_train/06268.jpg,78
337,375,1116,745,7,Acura ZDX Hatchback 2012,06269.jpg,C:/Users/seanf/Desktop/archive/cars_train/cars_train/06269.jpg,139
7,53,386,250,56,Chevrolet Corvette ZR1 2012,06270.jpg,C:/Users/seanf/Desktop/archive/cars_train/cars_train/06270.jpg,94
15,35,261,147,88,Dodge Sprinter Cargo Van 2009,06271.jpg,C:/Users/seanf/Desktop/archive/cars_train/cars_train/06271.jpg,81
20,53,992,667,183,Suzuki SX4 Hatchback 2012,06272.jpg,C:/Users/seanf/Desktop/archive/cars_train/cars_train/06272.jpg,118
16,29,480,283,73,Chevrolet Malibu Sedan 2007,06273.jpg,C:/Users/seanf/Desktop/archive/cars_train/cars_train/06273.jpg,16
27,45,284,155,128,Honda Accord Coupe 2012,06274.jpg,C:/Users/seanf/Desktop/archive/cars_train/cars_train/06274.jpg,126
86,63,509,317,144,Jaguar XK XKR 2012,06275.jpg,C:/Users/seanf/Desktop/archive/cars_train/cars_train/06275.jpg,89
49,82,965,706,159,Mazda Tribute SUV 2011,06276.jpg,C:/Users/seanf/Desktop/archive/cars_train/cars_train/06276.jpg,183
26,21,253,156,19,Audi TT Hatchback 2011,06277.jpg,C:/Users/seanf/Desktop/archive/cars_train/cars_train/06277.jpg,110
20,43,461,329,37,BMW X3 SUV 2012,06278.jpg,C:/Users/seanf/Desktop/archive/cars_train/cars_train/06278.jpg,75
39,123,615,353,126,Honda Odyssey Minivan 2012,06279.jpg,C:/Users/seanf/Desktop/archive/cars_train/cars_train/06279.jpg,60
26,17,396,257,92,Dodge Magnum Wagon 2008,06280.jpg,C:/Users/seanf/Desktop/archive/cars_train/cars_train/06280.jpg,180
66,33,960,613,173,Porsche Panamera Sedan 2012,06281.jpg,C:/Users/seanf/Desktop/archive/cars_train/cars_train/06281.jpg,41
64,207,907,483,152,Lamborghini Gallardo LP 570-4 Superleggera 2012,06282.jpg,C:/Users/seanf/Desktop/archive/cars_train/cars_train/06282.jpg,176
33,51,609,397,113,Ford F-150 Regular Cab 2012,06283.jpg,C:/Users/seanf/Desktop/archive/cars_train/cars_train/06283.jpg,167
7,41,83,64,57,Chevrolet Corvette Ron Fellows Edition Z06 2007,06284.jpg,C:/Users/seanf/Desktop/archive/cars_train/cars_train/06284.jpg,18
30,68,366,215,190,Volkswagen Golf Hatchback 2012,06285.jpg,C:/Users/seanf/Desktop/archive/cars_train/cars_train/06285.jpg,51
73,301,642,538,193,Volvo C30 Hatchback 2012,06286.jpg,C:/Users/seanf/Desktop/archive/cars_train/cars_train/06286.jpg,14
54,53,572,356,176,Rolls-Royce Ghost Sedan 2012,06287.jpg,C:/Users/seanf/Desktop/archive/cars_train/cars_train/06287.jpg,106
76,97,971,685,135,Hyundai Elantra Sedan 2007,06288.jpg,C:/Users/seanf/Desktop/archive/cars_train/cars_train/06288.jpg,12
37,7,351,250,100,FIAT 500 Convertible 2012,06289.jpg,C:/Users/seanf/Desktop/archive/cars_train/cars_train/06289.jpg,151
8,53,247,137,107,Ford Mustang Convertible 2007,06290.jpg,C:/Users/seanf/Desktop/archive/cars_train/cars_train/06290.jpg,132
12,50,196,130,18,Audi 100 Wagon 1994,06291.jpg,C:/Users/seanf/Desktop/archive/cars_train/cars_train/06291.jpg,66
36,185,990,629,5,Acura TSX Sedan 2012,06292.jpg,C:/Users/seanf/Desktop/archive/cars_train/cars_train/06292.jpg,58
49,37,613,428,113,Ford F-150 Regular Cab 2012,06293.jpg,C:/Users/seanf/Desktop/archive/cars_train/cars_train/06293.jpg,167
105,412,1163,816,163,Mercedes-Benz SL-Class Coupe 2009,06294.jpg,C:/Users/seanf/Desktop/archive/cars_train/cars_train/06294.jpg,111
68,72,424,230,53,Cadillac Escalade EXT Crew Cab 2007,06295.jpg,C:/Users/seanf/Desktop/archive/cars_train/cars_train/06295.jpg,45
24,38,246,172,5,Acura TSX Sedan 2012,06296.jpg,C:/Users/seanf/Desktop/archive/cars_train/cars_train/06296.jpg,58
4,21,204,121,88,Dodge Sprinter Cargo Van 2009,06297.jpg,C:/Users/seanf/Desktop/archive/cars_train/cars_train/06297.jpg,81
76,379,1392,843,30,BMW 3 Series Wagon 2012,06298.jpg,C:/Users/seanf/Desktop/archive/cars_train/cars_train/06298.jpg,101
8,40,247,156,31,BMW 6 Series Convertible 2007,06299.jpg,C:/Users/seanf/Desktop/archive/cars_train/cars_train/06299.jpg,145
135,159,459,327,173,Porsche Panamera Sedan 2012,06300.jpg,C:/Users/seanf/Desktop/archive/cars_train/cars_train/06300.jpg,41
180,284,866,572,156,Lincoln Town Car Sedan 2011,06301.jpg,C:/Users/seanf/Desktop/archive/cars_train/cars_train/06301.jpg,153
24,341,1001,696,4,Acura TL Type-S 2008,06302.jpg,C:/Users/seanf/Desktop/archive/cars_train/cars_train/06302.jpg,174
339,447,1213,699,105,Fisker Karma Sedan 2012,06303.jpg,C:/Users/seanf/Desktop/archive/cars_train/cars_train/06303.jpg,34
4,19,470,222,150,Lamborghini Reventon Coupe 2008,06304.jpg,C:/Users/seanf/Desktop/archive/cars_train/cars_train/06304.jpg,188
41,60,410,295,54,Chevrolet Silverado 1500 Hybrid Crew Cab 2012,06305.jpg,C:/Users/seanf/Desktop/archive/cars_train/cars_train/06305.jpg,112
6,127,483,298,98,Eagle Talon Hatchback 1998,06306.jpg,C:/Users/seanf/Desktop/archive/cars_train/cars_train/06306.jpg,185
72,98,565,404,58,Chevrolet Traverse SUV 2012,06307.jpg,C:/Users/seanf/Desktop/archive/cars_train/cars_train/06307.jpg,9
39,188,332,342,37,BMW X3 SUV 2012,06308.jpg,C:/Users/seanf/Desktop/archive/cars_train/cars_train/06308.jpg,75
25,55,456,279,7,Acura ZDX Hatchback 2012,06309.jpg,C:/Users/seanf/Desktop/archive/cars_train/cars_train/06309.jpg,139
26,295,1003,727,107,Ford Mustang Convertible 2007,06310.jpg,C:/Users/seanf/Desktop/archive/cars_train/cars_train/06310.jpg,132
52,238,1710,1188,145,Jeep Patriot SUV 2012,06311.jpg,C:/Users/seanf/Desktop/archive/cars_train/cars_train/06311.jpg,68
39,59,416,322,95,Dodge Durango SUV 2007,06312.jpg,C:/Users/seanf/Desktop/archive/cars_train/cars_train/06312.jpg,193
7,74,292,200,5,Acura TSX Sedan 2012,06313.jpg,C:/Users/seanf/Desktop/archive/cars_train/cars_train/06313.jpg,58
11,75,490,326,56,Chevrolet Corvette ZR1 2012,06314.jpg,C:/Users/seanf/Desktop/archive/cars_train/cars_train/06314.jpg,94
27,113,614,369,149,Jeep Compass SUV 2012,06315.jpg,C:/Users/seanf/Desktop/archive/cars_train/cars_train/06315.jpg,102
31,52,291,192,83,Dodge Caliber Wagon 2012,06316.jpg,C:/Users/seanf/Desktop/archive/cars_train/cars_train/06316.jpg,84
22,45,279,169,31,BMW 6 Series Convertible 2007,06317.jpg,C:/Users/seanf/Desktop/archive/cars_train/cars_train/06317.jpg,145
36,125,576,479,153,Lamborghini Diablo Coupe 2001,06318.jpg,C:/Users/seanf/Desktop/archive/cars_train/cars_train/06318.jpg,143
9,23,293,166,95,Dodge Durango SUV 2007,06319.jpg,C:/Users/seanf/Desktop/archive/cars_train/cars_train/06319.jpg,193
45,23,306,245,88,Dodge Sprinter Cargo Van 2009,06320.jpg,C:/Users/seanf/Desktop/archive/cars_train/cars_train/06320.jpg,81
45,217,741,499,68,Chevrolet TrailBlazer SS 2009,06321.jpg,C:/Users/seanf/Desktop/archive/cars_train/cars_train/06321.jpg,114
28,55,270,170,138,Hyundai Sonata Sedan 2012,06322.jpg,C:/Users/seanf/Desktop/archive/cars_train/cars_train/06322.jpg,71
24,102,529,354,97,Dodge Charger SRT-8 2009,06323.jpg,C:/Users/seanf/Desktop/archive/cars_train/cars_train/06323.jpg,33
20,64,614,396,108,Ford Freestar Minivan 2007,06324.jpg,C:/Users/seanf/Desktop/archive/cars_train/cars_train/06324.jpg,108
17,17,279,195,131,Hyundai Santa Fe SUV 2012,06325.jpg,C:/Users/seanf/Desktop/archive/cars_train/cars_train/06325.jpg,80
55,88,540,325,41,Bentley Mulsanne Sedan 2011,06326.jpg,C:/Users/seanf/Desktop/archive/cars_train/cars_train/06326.jpg,109
127,123,503,299,98,Eagle Talon Hatchback 1998,06327.jpg,C:/Users/seanf/Desktop/archive/cars_train/cars_train/06327.jpg,185
15,14,278,171,3,Acura TL Sedan 2012,06328.jpg,C:/Users/seanf/Desktop/archive/cars_train/cars_train/06328.jpg,1
183,191,364,317,163,Mercedes-Benz SL-Class Coupe 2009,06329.jpg,C:/Users/seanf/Desktop/archive/cars_train/cars_train/06329.jpg,111
31,73,792,429,123,Geo Metro Convertible 1993,06330.jpg,C:/Users/seanf/Desktop/archive/cars_train/cars_train/06330.jpg,5
252,19,494,298,147,Jeep Liberty SUV 2012,06331.jpg,C:/Users/seanf/Desktop/archive/cars_train/cars_train/06331.jpg,85
43,512,1994,1399,76,Chrysler Aspen SUV 2009,06332.jpg,C:/Users/seanf/Desktop/archive/cars_train/cars_train/06332.jpg,99
80,81,575,393,85,Dodge Caravan Minivan 1997,06333.jpg,C:/Users/seanf/Desktop/archive/cars_train/cars_train/06333.jpg,13
192,63,618,415,92,Dodge Magnum Wagon 2008,06334.jpg,C:/Users/seanf/Desktop/archive/cars_train/cars_train/06334.jpg,180
27,38,262,152,19,Audi TT Hatchback 2011,06335.jpg,C:/Users/seanf/Desktop/archive/cars_train/cars_train/06335.jpg,110
14,33,288,144,121,GMC Acadia SUV 2012,06336.jpg,C:/Users/seanf/Desktop/archive/cars_train/cars_train/06336.jpg,82
36,23,554,323,122,GMC Canyon Extended Cab 2012,06337.jpg,C:/Users/seanf/Desktop/archive/cars_train/cars_train/06337.jpg,57
6,48,249,168,174,Ram C/V Cargo Van Minivan 2012,06338.jpg,C:/Users/seanf/Desktop/archive/cars_train/cars_train/06338.jpg,103
2,103,633,444,87,Dodge Ram Pickup 3500 Quad Cab 2009,06339.jpg,C:/Users/seanf/Desktop/archive/cars_train/cars_train/06339.jpg,155
136,124,1084,707,193,Volvo C30 Hatchback 2012,06340.jpg,C:/Users/seanf/Desktop/archive/cars_train/cars_train/06340.jpg,14
57,173,527,379,153,Lamborghini Diablo Coupe 2001,06341.jpg,C:/Users/seanf/Desktop/archive/cars_train/cars_train/06341.jpg,143
112,129,887,478,177,Rolls-Royce Phantom Sedan 2012,06342.jpg,C:/Users/seanf/Desktop/archive/cars_train/cars_train/06342.jpg,40
75,174,487,504,191,Volkswagen Golf Hatchback 1991,06343.jpg,C:/Users/seanf/Desktop/archive/cars_train/cars_train/06343.jpg,37
45,35,639,403,23,Audi S4 Sedan 2012,06344.jpg,C:/Users/seanf/Desktop/archive/cars_train/cars_train/06344.jpg,127
10,67,528,352,52,Cadillac SRX SUV 2012,06345.jpg,C:/Users/seanf/Desktop/archive/cars_train/cars_train/06345.jpg,189
46,51,457,261,78,Chrysler Town and Country Minivan 2012,06346.jpg,C:/Users/seanf/Desktop/archive/cars_train/cars_train/06346.jpg,195
37,235,921,640,134,Hyundai Sonata Hybrid Sedan 2012,06347.jpg,C:/Users/seanf/Desktop/archive/cars_train/cars_train/06347.jpg,3
1,26,570,336,168,Nissan Leaf Hatchback 2012,06348.jpg,C:/Users/seanf/Desktop/archive/cars_train/cars_train/06348.jpg,142
30,17,620,425,149,Jeep Compass SUV 2012,06349.jpg,C:/Users/seanf/Desktop/archive/cars_train/cars_train/06349.jpg,102
9,102,573,397,98,Eagle Talon Hatchback 1998,06350.jpg,C:/Users/seanf/Desktop/archive/cars_train/cars_train/06350.jpg,185
3,10,1182,881,132,Hyundai Tucson SUV 2012,06351.jpg,C:/Users/seanf/Desktop/archive/cars_train/cars_train/06351.jpg,138
74,180,543,433,161,Mercedes-Benz 300-Class Convertible 1993,06352.jpg,C:/Users/seanf/Desktop/archive/cars_train/cars_train/06352.jpg,86
6,59,447,310,83,Dodge Caliber Wagon 2012,06353.jpg,C:/Users/seanf/Desktop/archive/cars_train/cars_train/06353.jpg,84
97,32,984,585,58,Chevrolet Traverse SUV 2012,06354.jpg,C:/Users/seanf/Desktop/archive/cars_train/cars_train/06354.jpg,9
30,114,867,413,56,Chevrolet Corvette ZR1 2012,06355.jpg,C:/Users/seanf/Desktop/archive/cars_train/cars_train/06355.jpg,94
23,64,274,195,74,Chevrolet Silverado 1500 Extended Cab 2012,06356.jpg,C:/Users/seanf/Desktop/archive/cars_train/cars_train/06356.jpg,78
1,37,300,237,71,Chevrolet Express Van 2007,06357.jpg,C:/Users/seanf/Desktop/archive/cars_train/cars_train/06357.jpg,76
26,23,379,269,46,Bugatti Veyron 16.4 Coupe 2009,06358.jpg,C:/Users/seanf/Desktop/archive/cars_train/cars_train/06358.jpg,149
1,43,1278,806,91,Dodge Dakota Club Cab 2007,06359.jpg,C:/Users/seanf/Desktop/archive/cars_train/cars_train/06359.jpg,2
4,2,106,82,88,Dodge Sprinter Cargo Van 2009,06360.jpg,C:/Users/seanf/Desktop/archive/cars_train/cars_train/06360.jpg,81
16,46,622,282,66,Chevrolet Cobalt SS 2010,06361.jpg,C:/Users/seanf/Desktop/archive/cars_train/cars_train/06361.jpg,29
2,19,104,60,18,Audi 100 Wagon 1994,06362.jpg,C:/Users/seanf/Desktop/archive/cars_train/cars_train/06362.jpg,66
51,61,534,355,125,HUMMER H2 SUT Crew Cab 2009,06363.jpg,C:/Users/seanf/Desktop/archive/cars_train/cars_train/06363.jpg,115
31,63,192,136,161,Mercedes-Benz 300-Class Convertible 1993,06364.jpg,C:/Users/seanf/Desktop/archive/cars_train/cars_train/06364.jpg,86
13,32,785,464,172,Plymouth Neon Coupe 1999,06365.jpg,C:/Users/seanf/Desktop/archive/cars_train/cars_train/06365.jpg,15
29,211,619,410,57,Chevrolet Corvette Ron Fellows Edition Z06 2007,06366.jpg,C:/Users/seanf/Desktop/archive/cars_train/cars_train/06366.jpg,18
10,80,576,317,185,Tesla Model S Sedan 2012,06367.jpg,C:/Users/seanf/Desktop/archive/cars_train/cars_train/06367.jpg,150
53,30,538,265,134,Hyundai Sonata Hybrid Sedan 2012,06368.jpg,C:/Users/seanf/Desktop/archive/cars_train/cars_train/06368.jpg,3
1,47,279,149,44,Bentley Continental Flying Spur Sedan 2007,06369.jpg,C:/Users/seanf/Desktop/archive/cars_train/cars_train/06369.jpg,46
12,39,790,488,154,Land Rover Range Rover SUV 2012,06370.jpg,C:/Users/seanf/Desktop/archive/cars_train/cars_train/06370.jpg,27
242,544,1315,1006,179,Spyker C8 Convertible 2009,06371.jpg,C:/Users/seanf/Desktop/archive/cars_train/cars_train/06371.jpg,104
76,59,218,157,56,Chevrolet Corvette ZR1 2012,06372.jpg,C:/Users/seanf/Desktop/archive/cars_train/cars_train/06372.jpg,94
73,38,512,374,196,smart fortwo Convertible 2012,06373.jpg,C:/Users/seanf/Desktop/archive/cars_train/cars_train/06373.jpg,134
44,21,420,210,181,Suzuki Aerio Sedan 2007,06374.jpg,C:/Users/seanf/Desktop/archive/cars_train/cars_train/06374.jpg,163
3,21,558,378,9,Aston Martin V8 Vantage Coupe 2012,06375.jpg,C:/Users/seanf/Desktop/archive/cars_train/cars_train/06375.jpg,165
8,91,600,408,126,Honda Odyssey Minivan 2012,06376.jpg,C:/Users/seanf/Desktop/archive/cars_train/cars_train/06376.jpg,60
6,49,709,475,49,Buick Verano Sedan 2012,06377.jpg,C:/Users/seanf/Desktop/archive/cars_train/cars_train/06377.jpg,10
9,70,471,346,53,Cadillac Escalade EXT Crew Cab 2007,06378.jpg,C:/Users/seanf/Desktop/archive/cars_train/cars_train/06378.jpg,45
209,407,1863,1277,144,Jaguar XK XKR 2012,06379.jpg,C:/Users/seanf/Desktop/archive/cars_train/cars_train/06379.jpg,89
27,22,581,325,160,McLaren MP4-12C Coupe 2012,06380.jpg,C:/Users/seanf/Desktop/archive/cars_train/cars_train/06380.jpg,116
24,122,631,411,9,Aston Martin V8 Vantage Coupe 2012,06381.jpg,C:/Users/seanf/Desktop/archive/cars_train/cars_train/06381.jpg,165
21,45,557,273,117,Ford Fiesta Sedan 2012,06382.jpg,C:/Users/seanf/Desktop/archive/cars_train/cars_train/06382.jpg,168
35,111,932,599,97,Dodge Charger SRT-8 2009,06383.jpg,C:/Users/seanf/Desktop/archive/cars_train/cars_train/06383.jpg,33
27,131,560,350,101,Ferrari FF Coupe 2012,06384.jpg,C:/Users/seanf/Desktop/archive/cars_train/cars_train/06384.jpg,52
65,71,590,441,109,Ford Expedition EL SUV 2009,06385.jpg,C:/Users/seanf/Desktop/archive/cars_train/cars_train/06385.jpg,87
4,106,494,274,55,Chevrolet Corvette Convertible 2012,06386.jpg,C:/Users/seanf/Desktop/archive/cars_train/cars_train/06386.jpg,148
53,161,470,322,28,BMW 1 Series Coupe 2012,06387.jpg,C:/Users/seanf/Desktop/archive/cars_train/cars_train/06387.jpg,88
52,35,246,174,5,Acura TSX Sedan 2012,06388.jpg,C:/Users/seanf/Desktop/archive/cars_train/cars_train/06388.jpg,58
2,50,531,241,141,Infiniti G Coupe IPL 2012,06389.jpg,C:/Users/seanf/Desktop/archive/cars_train/cars_train/06389.jpg,136
81,107,660,431,189,Toyota 4Runner SUV 2012,06390.jpg,C:/Users/seanf/Desktop/archive/cars_train/cars_train/06390.jpg,120
57,354,967,635,112,Ford GT Coupe 2006,06391.jpg,C:/Users/seanf/Desktop/archive/cars_train/cars_train/06391.jpg,73
28,83,557,317,45,Bugatti Veyron 16.4 Convertible 2009,06392.jpg,C:/Users/seanf/Desktop/archive/cars_train/cars_train/06392.jpg,119
169,255,2492,1244,170,Nissan Juke Hatchback 2012,06393.jpg,C:/Users/seanf/Desktop/archive/cars_train/cars_train/06393.jpg,22
46,59,438,325,141,Infiniti G Coupe IPL 2012,06394.jpg,C:/Users/seanf/Desktop/archive/cars_train/cars_train/06394.jpg,136
54,97,448,278,39,Bentley Continental Supersports Conv. Convertible 2012,06395.jpg,C:/Users/seanf/Desktop/archive/cars_train/cars_train/06395.jpg,170
23,81,606,423,54,Chevrolet Silverado 1500 Hybrid Crew Cab 2012,06396.jpg,C:/Users/seanf/Desktop/archive/cars_train/cars_train/06396.jpg,112
72,13,1021,610,179,Spyker C8 Convertible 2009,06397.jpg,C:/Users/seanf/Desktop/archive/cars_train/cars_train/06397.jpg,104
80,172,951,627,126,Honda Odyssey Minivan 2012,06398.jpg,C:/Users/seanf/Desktop/archive/cars_train/cars_train/06398.jpg,60
10,117,456,330,161,Mercedes-Benz 300-Class Convertible 1993,06399.jpg,C:/Users/seanf/Desktop/archive/cars_train/cars_train/06399.jpg,86
18,57,247,144,143,Isuzu Ascender SUV 2008,06400.jpg,C:/Users/seanf/Desktop/archive/cars_train/cars_train/06400.jpg,91
16,433,1585,1072,102,Ferrari California Convertible 2012,06401.jpg,C:/Users/seanf/Desktop/archive/cars_train/cars_train/06401.jpg,141
42,105,581,433,113,Ford F-150 Regular Cab 2012,06402.jpg,C:/Users/seanf/Desktop/archive/cars_train/cars_train/06402.jpg,167
38,72,627,423,133,Hyundai Veracruz SUV 2012,06403.jpg,C:/Users/seanf/Desktop/archive/cars_train/cars_train/06403.jpg,30
12,86,478,305,124,HUMMER H3T Crew Cab 2010,06404.jpg,C:/Users/seanf/Desktop/archive/cars_train/cars_train/06404.jpg,49
36,91,601,383,39,Bentley Continental Supersports Conv. Convertible 2012,06405.jpg,C:/Users/seanf/Desktop/archive/cars_train/cars_train/06405.jpg,170
1,1,1484,900,3,Acura TL Sedan 2012,06406.jpg,C:/Users/seanf/Desktop/archive/cars_train/cars_train/06406.jpg,1
34,41,624,411,125,HUMMER H2 SUT Crew Cab 2009,06407.jpg,C:/Users/seanf/Desktop/archive/cars_train/cars_train/06407.jpg,115
42,95,370,229,139,Hyundai Elantra Touring Hatchback 2012,06408.jpg,C:/Users/seanf/Desktop/archive/cars_train/cars_train/06408.jpg,28
14,54,453,197,185,Tesla Model S Sedan 2012,06409.jpg,C:/Users/seanf/Desktop/archive/cars_train/cars_train/06409.jpg,150
50,80,223,167,80,Chrysler Crossfire Convertible 2008,06410.jpg,C:/Users/seanf/Desktop/archive/cars_train/cars_train/06410.jpg,175
2,30,257,168,38,BMW Z4 Convertible 2012,06411.jpg,C:/Users/seanf/Desktop/archive/cars_train/cars_train/06411.jpg,32
8,20,191,99,143,Isuzu Ascender SUV 2008,06412.jpg,C:/Users/seanf/Desktop/archive/cars_train/cars_train/06412.jpg,91
61,93,755,290,152,Lamborghini Gallardo LP 570-4 Superleggera 2012,06413.jpg,C:/Users/seanf/Desktop/archive/cars_train/cars_train/06413.jpg,176
34,45,562,345,120,GMC Yukon Hybrid SUV 2012,06414.jpg,C:/Users/seanf/Desktop/archive/cars_train/cars_train/06414.jpg,21
44,318,976,640,171,Nissan 240SX Coupe 1998,06415.jpg,C:/Users/seanf/Desktop/archive/cars_train/cars_train/06415.jpg,92
65,15,468,264,188,Toyota Corolla Sedan 2012,06416.jpg,C:/Users/seanf/Desktop/archive/cars_train/cars_train/06416.jpg,62
105,156,946,536,144,Jaguar XK XKR 2012,06417.jpg,C:/Users/seanf/Desktop/archive/cars_train/cars_train/06417.jpg,89
8,175,793,547,162,Mercedes-Benz C-Class Sedan 2012,06418.jpg,C:/Users/seanf/Desktop/archive/cars_train/cars_train/06418.jpg,79
26,16,244,164,109,Ford Expedition EL SUV 2009,06419.jpg,C:/Users/seanf/Desktop/archive/cars_train/cars_train/06419.jpg,87
38,97,460,316,110,Ford Edge SUV 2012,06420.jpg,C:/Users/seanf/Desktop/archive/cars_train/cars_train/06420.jpg,64
85,141,588,348,161,Mercedes-Benz 300-Class Convertible 1993,06421.jpg,C:/Users/seanf/Desktop/archive/cars_train/cars_train/06421.jpg,86
37,93,608,404,4,Acura TL Type-S 2008,06422.jpg,C:/Users/seanf/Desktop/archive/cars_train/cars_train/06422.jpg,174
31,46,427,255,177,Rolls-Royce Phantom Sedan 2012,06423.jpg,C:/Users/seanf/Desktop/archive/cars_train/cars_train/06423.jpg,40
61,58,420,290,93,Dodge Challenger SRT8 2011,06424.jpg,C:/Users/seanf/Desktop/archive/cars_train/cars_train/06424.jpg,117
13,99,631,425,138,Hyundai Sonata Sedan 2012,06425.jpg,C:/Users/seanf/Desktop/archive/cars_train/cars_train/06425.jpg,71
68,167,437,325,34,BMW M3 Coupe 2012,06426.jpg,C:/Users/seanf/Desktop/archive/cars_train/cars_train/06426.jpg,184
148,47,547,340,182,Suzuki Kizashi Sedan 2012,06427.jpg,C:/Users/seanf/Desktop/archive/cars_train/cars_train/06427.jpg,160
79,132,548,378,108,Ford Freestar Minivan 2007,06428.jpg,C:/Users/seanf/Desktop/archive/cars_train/cars_train/06428.jpg,108
20,132,513,365,146,Jeep Wrangler SUV 2012,06429.jpg,C:/Users/seanf/Desktop/archive/cars_train/cars_train/06429.jpg,173
32,18,232,173,181,Suzuki Aerio Sedan 2007,06430.jpg,C:/Users/seanf/Desktop/archive/cars_train/cars_train/06430.jpg,163
8,195,626,435,48,Buick Rainier SUV 2007,06431.jpg,C:/Users/seanf/Desktop/archive/cars_train/cars_train/06431.jpg,121
41,114,975,670,19,Audi TT Hatchback 2011,06432.jpg,C:/Users/seanf/Desktop/archive/cars_train/cars_train/06432.jpg,110
257,352,1332,840,11,Aston Martin Virage Coupe 2012,06433.jpg,C:/Users/seanf/Desktop/archive/cars_train/cars_train/06433.jpg,128
121,90,838,513,187,Toyota Camry Sedan 2012,06434.jpg,C:/Users/seanf/Desktop/archive/cars_train/cars_train/06434.jpg,53
126,80,588,326,148,Jeep Grand Cherokee SUV 2012,06435.jpg,C:/Users/seanf/Desktop/archive/cars_train/cars_train/06435.jpg,43
9,111,388,258,139,Hyundai Elantra Touring Hatchback 2012,06436.jpg,C:/Users/seanf/Desktop/archive/cars_train/cars_train/06436.jpg,28
47,23,585,480,119,GMC Savana Van 2012,06437.jpg,C:/Users/seanf/Desktop/archive/cars_train/cars_train/06437.jpg,38
52,105,612,327,72,Chevrolet Monte Carlo Coupe 2007,06438.jpg,C:/Users/seanf/Desktop/archive/cars_train/cars_train/06438.jpg,130
309,199,1152,522,144,Jaguar XK XKR 2012,06439.jpg,C:/Users/seanf/Desktop/archive/cars_train/cars_train/06439.jpg,89
18,135,468,314,181,Suzuki Aerio Sedan 2007,06440.jpg,C:/Users/seanf/Desktop/archive/cars_train/cars_train/06440.jpg,163
8,15,253,165,76,Chrysler Aspen SUV 2009,06441.jpg,C:/Users/seanf/Desktop/archive/cars_train/cars_train/06441.jpg,99
42,69,477,289,193,Volvo C30 Hatchback 2012,06442.jpg,C:/Users/seanf/Desktop/archive/cars_train/cars_train/06442.jpg,14
34,90,452,352,31,BMW 6 Series Convertible 2007,06443.jpg,C:/Users/seanf/Desktop/archive/cars_train/cars_train/06443.jpg,145
61,118,581,347,67,Chevrolet Malibu Hybrid Sedan 2010,06444.jpg,C:/Users/seanf/Desktop/archive/cars_train/cars_train/06444.jpg,166
36,122,615,348,114,Ford F-150 Regular Cab 2007,06445.jpg,C:/Users/seanf/Desktop/archive/cars_train/cars_train/06445.jpg,50
13,22,886,556,122,GMC Canyon Extended Cab 2012,06446.jpg,C:/Users/seanf/Desktop/archive/cars_train/cars_train/06446.jpg,57
11,174,967,575,76,Chrysler Aspen SUV 2009,06447.jpg,C:/Users/seanf/Desktop/archive/cars_train/cars_train/06447.jpg,99
33,19,347,199,88,Dodge Sprinter Cargo Van 2009,06448.jpg,C:/Users/seanf/Desktop/archive/cars_train/cars_train/06448.jpg,81
29,27,210,112,151,Lamborghini Aventador Coupe 2012,06449.jpg,C:/Users/seanf/Desktop/archive/cars_train/cars_train/06449.jpg,154
7,49,255,173,13,Audi A5 Coupe 2012,06450.jpg,C:/Users/seanf/Desktop/archive/cars_train/cars_train/06450.jpg,36
17,72,602,386,165,Mercedes-Benz S-Class Sedan 2012,06451.jpg,C:/Users/seanf/Desktop/archive/cars_train/cars_train/06451.jpg,70
645,281,3464,2572,145,Jeep Patriot SUV 2012,06452.jpg,C:/Users/seanf/Desktop/archive/cars_train/cars_train/06452.jpg,68
28,175,898,551,10,Aston Martin Virage Convertible 2012,06453.jpg,C:/Users/seanf/Desktop/archive/cars_train/cars_train/06453.jpg,133
95,86,900,599,138,Hyundai Sonata Sedan 2012,06454.jpg,C:/Users/seanf/Desktop/archive/cars_train/cars_train/06454.jpg,71
197,97,575,346,132,Hyundai Tucson SUV 2012,06455.jpg,C:/Users/seanf/Desktop/archive/cars_train/cars_train/06455.jpg,138
3,53,419,259,69,Chevrolet Silverado 2500HD Regular Cab 2012,06456.jpg,C:/Users/seanf/Desktop/archive/cars_train/cars_train/06456.jpg,147
120,134,1060,660,45,Bugatti Veyron 16.4 Convertible 2009,06457.jpg,C:/Users/seanf/Desktop/archive/cars_train/cars_train/06457.jpg,119
65,156,827,447,29,BMW 3 Series Sedan 2012,06458.jpg,C:/Users/seanf/Desktop/archive/cars_train/cars_train/06458.jpg,59
19,68,606,384,68,Chevrolet TrailBlazer SS 2009,06459.jpg,C:/Users/seanf/Desktop/archive/cars_train/cars_train/06459.jpg,114
95,35,553,390,89,Dodge Journey SUV 2012,06460.jpg,C:/Users/seanf/Desktop/archive/cars_train/cars_train/06460.jpg,6
69,59,582,434,94,Dodge Durango SUV 2012,06461.jpg,C:/Users/seanf/Desktop/archive/cars_train/cars_train/06461.jpg,61
74,61,584,420,192,Volkswagen Beetle Hatchback 2012,06462.jpg,C:/Users/seanf/Desktop/archive/cars_train/cars_train/06462.jpg,17
27,32,252,168,113,Ford F-150 Regular Cab 2012,06463.jpg,C:/Users/seanf/Desktop/archive/cars_train/cars_train/06463.jpg,167
5,103,1019,690,113,Ford F-150 Regular Cab 2012,06464.jpg,C:/Users/seanf/Desktop/archive/cars_train/cars_train/06464.jpg,167
43,43,221,169,196,smart fortwo Convertible 2012,06465.jpg,C:/Users/seanf/Desktop/archive/cars_train/cars_train/06465.jpg,134
16,181,992,531,75,Chevrolet Silverado 1500 Regular Cab 2012,06466.jpg,C:/Users/seanf/Desktop/archive/cars_train/cars_train/06466.jpg,159
112,149,921,610,46,Bugatti Veyron 16.4 Coupe 2009,06467.jpg,C:/Users/seanf/Desktop/archive/cars_train/cars_train/06467.jpg,149
21,77,262,167,84,Dodge Caliber Wagon 2007,06468.jpg,C:/Users/seanf/Desktop/archive/cars_train/cars_train/06468.jpg,137
6,24,254,155,67,Chevrolet Malibu Hybrid Sedan 2010,06469.jpg,C:/Users/seanf/Desktop/archive/cars_train/cars_train/06469.jpg,166
27,79,629,375,119,GMC Savana Van 2012,06470.jpg,C:/Users/seanf/Desktop/archive/cars_train/cars_train/06470.jpg,38
35,75,216,179,195,Volvo XC90 SUV 2007,06471.jpg,C:/Users/seanf/Desktop/archive/cars_train/cars_train/06471.jpg,131
72,14,463,316,166,Mercedes-Benz Sprinter Van 2012,06472.jpg,C:/Users/seanf/Desktop/archive/cars_train/cars_train/06472.jpg,162
72,69,730,437,158,Maybach Landaulet Convertible 2012,06473.jpg,C:/Users/seanf/Desktop/archive/cars_train/cars_train/06473.jpg,158
96,81,572,400,140,Hyundai Azera Sedan 2012,06474.jpg,C:/Users/seanf/Desktop/archive/cars_train/cars_train/06474.jpg,98
56,157,590,422,23,Audi S4 Sedan 2012,06475.jpg,C:/Users/seanf/Desktop/archive/cars_train/cars_train/06475.jpg,127
6,32,250,191,131,Hyundai Santa Fe SUV 2012,06476.jpg,C:/Users/seanf/Desktop/archive/cars_train/cars_train/06476.jpg,80
44,40,262,184,83,Dodge Caliber Wagon 2012,06477.jpg,C:/Users/seanf/Desktop/archive/cars_train/cars_train/06477.jpg,84
84,120,560,367,99,FIAT 500 Abarth 2012,06478.jpg,C:/Users/seanf/Desktop/archive/cars_train/cars_train/06478.jpg,135
109,118,1456,1150,178,Scion xD Hatchback 2012,06479.jpg,C:/Users/seanf/Desktop/archive/cars_train/cars_train/06479.jpg,93
92,45,534,267,7,Acura ZDX Hatchback 2012,06480.jpg,C:/Users/seanf/Desktop/archive/cars_train/cars_train/06480.jpg,139
84,76,602,414,119,GMC Savana Van 2012,06481.jpg,C:/Users/seanf/Desktop/archive/cars_train/cars_train/06481.jpg,38
193,197,1023,751,167,Mitsubishi Lancer Sedan 2012,06482.jpg,C:/Users/seanf/Desktop/archive/cars_train/cars_train/06482.jpg,8
20,24,636,295,139,Hyundai Elantra Touring Hatchback 2012,06483.jpg,C:/Users/seanf/Desktop/archive/cars_train/cars_train/06483.jpg,28
1,11,92,47,123,Geo Metro Convertible 1993,06484.jpg,C:/Users/seanf/Desktop/archive/cars_train/cars_train/06484.jpg,5
74,106,483,319,10,Aston Martin Virage Convertible 2012,06485.jpg,C:/Users/seanf/Desktop/archive/cars_train/cars_train/06485.jpg,133
2,38,323,293,29,BMW 3 Series Sedan 2012,06486.jpg,C:/Users/seanf/Desktop/archive/cars_train/cars_train/06486.jpg,59
24,32,609,397,133,Hyundai Veracruz SUV 2012,06487.jpg,C:/Users/seanf/Desktop/archive/cars_train/cars_train/06487.jpg,30
27,172,536,335,97,Dodge Charger SRT-8 2009,06488.jpg,C:/Users/seanf/Desktop/archive/cars_train/cars_train/06488.jpg,33
190,221,638,419,182,Suzuki Kizashi Sedan 2012,06489.jpg,C:/Users/seanf/Desktop/archive/cars_train/cars_train/06489.jpg,160
55,93,608,447,77,Chrysler Sebring Convertible 2010,06490.jpg,C:/Users/seanf/Desktop/archive/cars_train/cars_train/06490.jpg,122
6,66,409,278,119,GMC Savana Van 2012,06491.jpg,C:/Users/seanf/Desktop/archive/cars_train/cars_train/06491.jpg,38
35,85,996,626,176,Rolls-Royce Ghost Sedan 2012,06492.jpg,C:/Users/seanf/Desktop/archive/cars_train/cars_train/06492.jpg,106
17,95,398,301,128,Honda Accord Coupe 2012,06493.jpg,C:/Users/seanf/Desktop/archive/cars_train/cars_train/06493.jpg,126
349,402,1122,817,101,Ferrari FF Coupe 2012,06494.jpg,C:/Users/seanf/Desktop/archive/cars_train/cars_train/06494.jpg,52
9,15,246,186,109,Ford Expedition EL SUV 2009,06495.jpg,C:/Users/seanf/Desktop/archive/cars_train/cars_train/06495.jpg,87
43,95,585,422,187,Toyota Camry Sedan 2012,06496.jpg,C:/Users/seanf/Desktop/archive/cars_train/cars_train/06496.jpg,53
8,95,618,388,126,Honda Odyssey Minivan 2012,06497.jpg,C:/Users/seanf/Desktop/archive/cars_train/cars_train/06497.jpg,60
39,91,380,234,36,BMW M6 Convertible 2010,06498.jpg,C:/Users/seanf/Desktop/archive/cars_train/cars_train/06498.jpg,20
96,187,566,357,114,Ford F-150 Regular Cab 2007,06499.jpg,C:/Users/seanf/Desktop/archive/cars_train/cars_train/06499.jpg,50
45,168,535,358,135,Hyundai Elantra Sedan 2007,06500.jpg,C:/Users/seanf/Desktop/archive/cars_train/cars_train/06500.jpg,12
109,89,467,280,104,Ferrari 458 Italia Coupe 2012,06501.jpg,C:/Users/seanf/Desktop/archive/cars_train/cars_train/06501.jpg,31
9,24,134,102,70,Chevrolet Silverado 1500 Classic Extended Cab 2007,06502.jpg,C:/Users/seanf/Desktop/archive/cars_train/cars_train/06502.jpg,171
64,109,395,274,80,Chrysler Crossfire Convertible 2008,06503.jpg,C:/Users/seanf/Desktop/archive/cars_train/cars_train/06503.jpg,175
230,218,864,498,161,Mercedes-Benz 300-Class Convertible 1993,06504.jpg,C:/Users/seanf/Desktop/archive/cars_train/cars_train/06504.jpg,86
2,64,264,198,44,Bentley Continental Flying Spur Sedan 2007,06505.jpg,C:/Users/seanf/Desktop/archive/cars_train/cars_train/06505.jpg,46
71,70,418,311,84,Dodge Caliber Wagon 2007,06506.jpg,C:/Users/seanf/Desktop/archive/cars_train/cars_train/06506.jpg,137
42,66,461,272,139,Hyundai Elantra Touring Hatchback 2012,06507.jpg,C:/Users/seanf/Desktop/archive/cars_train/cars_train/06507.jpg,28
157,1187,1491,2055,58,Chevrolet Traverse SUV 2012,06508.jpg,C:/Users/seanf/Desktop/archive/cars_train/cars_train/06508.jpg,9
1,14,275,171,22,Audi S5 Coupe 2012,06509.jpg,C:/Users/seanf/Desktop/archive/cars_train/cars_train/06509.jpg,164
89,1,342,261,150,Lamborghini Reventon Coupe 2008,06510.jpg,C:/Users/seanf/Desktop/archive/cars_train/cars_train/06510.jpg,188
8,26,269,116,82,Daewoo Nubira Wagon 2002,06511.jpg,C:/Users/seanf/Desktop/archive/cars_train/cars_train/06511.jpg,186
22,79,407,243,67,Chevrolet Malibu Hybrid Sedan 2010,06512.jpg,C:/Users/seanf/Desktop/archive/cars_train/cars_train/06512.jpg,166
24,76,399,288,65,Chevrolet Avalanche Crew Cab 2012,06513.jpg,C:/Users/seanf/Desktop/archive/cars_train/cars_train/06513.jpg,47
13,103,499,281,54,Chevrolet Silverado 1500 Hybrid Crew Cab 2012,06514.jpg,C:/Users/seanf/Desktop/archive/cars_train/cars_train/06514.jpg,112
1,1,639,480,12,Audi RS 4 Convertible 2008,06515.jpg,C:/Users/seanf/Desktop/archive/cars_train/cars_train/06515.jpg,125
18,84,478,307,3,Acura TL Sedan 2012,06516.jpg,C:/Users/seanf/Desktop/archive/cars_train/cars_train/06516.jpg,1
115,54,666,425,169,Nissan NV Passenger Van 2012,06517.jpg,C:/Users/seanf/Desktop/archive/cars_train/cars_train/06517.jpg,156
133,431,1962,1072,7,Acura ZDX Hatchback 2012,06518.jpg,C:/Users/seanf/Desktop/archive/cars_train/cars_train/06518.jpg,139
165,151,1480,1292,170,Nissan Juke Hatchback 2012,06519.jpg,C:/Users/seanf/Desktop/archive/cars_train/cars_train/06519.jpg,22
6,53,448,263,44,Bentley Continental Flying Spur Sedan 2007,06520.jpg,C:/Users/seanf/Desktop/archive/cars_train/cars_train/06520.jpg,46
39,93,540,229,103,Ferrari 458 Italia Convertible 2012,06521.jpg,C:/Users/seanf/Desktop/archive/cars_train/cars_train/06521.jpg,146
29,72,982,674,132,Hyundai Tucson SUV 2012,06522.jpg,C:/Users/seanf/Desktop/archive/cars_train/cars_train/06522.jpg,138
86,77,423,257,175,Rolls-Royce Phantom Drophead Coupe Convertible 2012,06523.jpg,C:/Users/seanf/Desktop/archive/cars_train/cars_train/06523.jpg,72
11,158,1012,663,171,Nissan 240SX Coupe 1998,06524.jpg,C:/Users/seanf/Desktop/archive/cars_train/cars_train/06524.jpg,92
135,73,609,365,73,Chevrolet Malibu Sedan 2007,06525.jpg,C:/Users/seanf/Desktop/archive/cars_train/cars_train/06525.jpg,16
62,81,467,318,150,Lamborghini Reventon Coupe 2008,06526.jpg,C:/Users/seanf/Desktop/archive/cars_train/cars_train/06526.jpg,188
45,71,465,335,138,Hyundai Sonata Sedan 2012,06527.jpg,C:/Users/seanf/Desktop/archive/cars_train/cars_train/06527.jpg,71
51,95,625,472,54,Chevrolet Silverado 1500 Hybrid Crew Cab 2012,06528.jpg,C:/Users/seanf/Desktop/archive/cars_train/cars_train/06528.jpg,112
91,74,509,240,11,Aston Martin Virage Coupe 2012,06529.jpg,C:/Users/seanf/Desktop/archive/cars_train/cars_train/06529.jpg,128
72,73,316,217,8,Aston Martin V8 Vantage Convertible 2012,06530.jpg,C:/Users/seanf/Desktop/archive/cars_train/cars_train/06530.jpg,54
12,7,252,182,39,Bentley Continental Supersports Conv. Convertible 2012,06531.jpg,C:/Users/seanf/Desktop/archive/cars_train/cars_train/06531.jpg,170
255,528,1451,1084,170,Nissan Juke Hatchback 2012,06532.jpg,C:/Users/seanf/Desktop/archive/cars_train/cars_train/06532.jpg,22
12,83,627,465,127,Honda Odyssey Minivan 2007,06533.jpg,C:/Users/seanf/Desktop/archive/cars_train/cars_train/06533.jpg,157
21,30,463,244,78,Chrysler Town and Country Minivan 2012,06534.jpg,C:/Users/seanf/Desktop/archive/cars_train/cars_train/06534.jpg,195
59,94,477,332,73,Chevrolet Malibu Sedan 2007,06535.jpg,C:/Users/seanf/Desktop/archive/cars_train/cars_train/06535.jpg,16
22,30,383,181,21,Audi S5 Convertible 2012,06536.jpg,C:/Users/seanf/Desktop/archive/cars_train/cars_train/06536.jpg,144
11,7,265,176,69,Chevrolet Silverado 2500HD Regular Cab 2012,06537.jpg,C:/Users/seanf/Desktop/archive/cars_train/cars_train/06537.jpg,147
19,126,598,421,6,Acura Integra Type R 2001,06538.jpg,C:/Users/seanf/Desktop/archive/cars_train/cars_train/06538.jpg,123
28,41,265,198,9,Aston Martin V8 Vantage Coupe 2012,06539.jpg,C:/Users/seanf/Desktop/archive/cars_train/cars_train/06539.jpg,165
42,120,591,438,119,GMC Savana Van 2012,06540.jpg,C:/Users/seanf/Desktop/archive/cars_train/cars_train/06540.jpg,38
32,61,628,398,69,Chevrolet Silverado 2500HD Regular Cab 2012,06541.jpg,C:/Users/seanf/Desktop/archive/cars_train/cars_train/06541.jpg,147
33,195,990,590,164,Mercedes-Benz E-Class Sedan 2012,06542.jpg,C:/Users/seanf/Desktop/archive/cars_train/cars_train/06542.jpg,177
16,39,228,163,162,Mercedes-Benz C-Class Sedan 2012,06543.jpg,C:/Users/seanf/Desktop/archive/cars_train/cars_train/06543.jpg,79
18,154,756,426,112,Ford GT Coupe 2006,06544.jpg,C:/Users/seanf/Desktop/archive/cars_train/cars_train/06544.jpg,73
38,89,379,281,21,Audi S5 Convertible 2012,06545.jpg,C:/Users/seanf/Desktop/archive/cars_train/cars_train/06545.jpg,144
69,166,760,391,22,Audi S5 Coupe 2012,06546.jpg,C:/Users/seanf/Desktop/archive/cars_train/cars_train/06546.jpg,164
27,153,620,471,70,Chevrolet Silverado 1500 Classic Extended Cab 2007,06547.jpg,C:/Users/seanf/Desktop/archive/cars_train/cars_train/06547.jpg,171
63,87,575,440,89,Dodge Journey SUV 2012,06548.jpg,C:/Users/seanf/Desktop/archive/cars_train/cars_train/06548.jpg,6
10,137,579,411,43,Bentley Continental GT Coupe 2007,06549.jpg,C:/Users/seanf/Desktop/archive/cars_train/cars_train/06549.jpg,65
68,122,498,335,52,Cadillac SRX SUV 2012,06550.jpg,C:/Users/seanf/Desktop/archive/cars_train/cars_train/06550.jpg,189
15,18,788,417,83,Dodge Caliber Wagon 2012,06551.jpg,C:/Users/seanf/Desktop/archive/cars_train/cars_train/06551.jpg,84
49,110,579,377,127,Honda Odyssey Minivan 2007,06552.jpg,C:/Users/seanf/Desktop/archive/cars_train/cars_train/06552.jpg,157
25,106,608,414,19,Audi TT Hatchback 2011,06553.jpg,C:/Users/seanf/Desktop/archive/cars_train/cars_train/06553.jpg,110
25,43,237,164,88,Dodge Sprinter Cargo Van 2009,06554.jpg,C:/Users/seanf/Desktop/archive/cars_train/cars_train/06554.jpg,81
124,177,567,429,149,Jeep Compass SUV 2012,06555.jpg,C:/Users/seanf/Desktop/archive/cars_train/cars_train/06555.jpg,102
11,28,256,196,53,Cadillac Escalade EXT Crew Cab 2007,06556.jpg,C:/Users/seanf/Desktop/archive/cars_train/cars_train/06556.jpg,45
18,26,260,138,27,BMW 1 Series Convertible 2012,06557.jpg,C:/Users/seanf/Desktop/archive/cars_train/cars_train/06557.jpg,192
179,549,1004,879,102,Ferrari California Convertible 2012,06558.jpg,C:/Users/seanf/Desktop/archive/cars_train/cars_train/06558.jpg,141
21,42,453,329,32,BMW X5 SUV 2007,06559.jpg,C:/Users/seanf/Desktop/archive/cars_train/cars_train/06559.jpg,172
41,59,785,431,194,Volvo 240 Sedan 1993,06560.jpg,C:/Users/seanf/Desktop/archive/cars_train/cars_train/06560.jpg,23
83,119,510,392,190,Volkswagen Golf Hatchback 2012,06561.jpg,C:/Users/seanf/Desktop/archive/cars_train/cars_train/06561.jpg,51
23,118,608,349,138,Hyundai Sonata Sedan 2012,06562.jpg,C:/Users/seanf/Desktop/archive/cars_train/cars_train/06562.jpg,71
4,51,422,314,71,Chevrolet Express Van 2007,06563.jpg,C:/Users/seanf/Desktop/archive/cars_train/cars_train/06563.jpg,76
22,32,297,188,90,Dodge Dakota Crew Cab 2010,06564.jpg,C:/Users/seanf/Desktop/archive/cars_train/cars_train/06564.jpg,48
8,95,430,364,24,Audi S4 Sedan 2007,06565.jpg,C:/Users/seanf/Desktop/archive/cars_train/cars_train/06565.jpg,105
53,121,551,423,53,Cadillac Escalade EXT Crew Cab 2007,06566.jpg,C:/Users/seanf/Desktop/archive/cars_train/cars_train/06566.jpg,45
26,58,587,397,59,Chevrolet Camaro Convertible 2012,06567.jpg,C:/Users/seanf/Desktop/archive/cars_train/cars_train/06567.jpg,63
1,43,128,91,17,Audi 100 Sedan 1994,06568.jpg,C:/Users/seanf/Desktop/archive/cars_train/cars_train/06568.jpg,55
1,87,398,257,142,Infiniti QX56 SUV 2011,06569.jpg,C:/Users/seanf/Desktop/archive/cars_train/cars_train/06569.jpg,35
99,346,1421,951,13,Audi A5 Coupe 2012,06570.jpg,C:/Users/seanf/Desktop/archive/cars_train/cars_train/06570.jpg,36
20,16,449,300,2,Acura RL Sedan 2012,06571.jpg,C:/Users/seanf/Desktop/archive/cars_train/cars_train/06571.jpg,191
18,86,631,401,177,Rolls-Royce Phantom Sedan 2012,06572.jpg,C:/Users/seanf/Desktop/archive/cars_train/cars_train/06572.jpg,40
153,412,1806,1080,189,Toyota 4Runner SUV 2012,06573.jpg,C:/Users/seanf/Desktop/archive/cars_train/cars_train/06573.jpg,120
84,46,512,365,28,BMW 1 Series Coupe 2012,06574.jpg,C:/Users/seanf/Desktop/archive/cars_train/cars_train/06574.jpg,88
64,70,452,366,47,Buick Regal GS 2012,06575.jpg,C:/Users/seanf/Desktop/archive/cars_train/cars_train/06575.jpg,100
64,347,629,577,184,Suzuki SX4 Sedan 2012,06576.jpg,C:/Users/seanf/Desktop/archive/cars_train/cars_train/06576.jpg,24
33,86,614,396,65,Chevrolet Avalanche Crew Cab 2012,06577.jpg,C:/Users/seanf/Desktop/archive/cars_train/cars_train/06577.jpg,47
31,15,378,185,125,HUMMER H2 SUT Crew Cab 2009,06578.jpg,C:/Users/seanf/Desktop/archive/cars_train/cars_train/06578.jpg,115
15,20,630,477,64,Chevrolet Express Cargo Van 2007,06579.jpg,C:/Users/seanf/Desktop/archive/cars_train/cars_train/06579.jpg,178
21,131,628,305,175,Rolls-Royce Phantom Drophead Coupe Convertible 2012,06580.jpg,C:/Users/seanf/Desktop/archive/cars_train/cars_train/06580.jpg,72
51,147,588,422,22,Audi S5 Coupe 2012,06581.jpg,C:/Users/seanf/Desktop/archive/cars_train/cars_train/06581.jpg,164
74,55,671,388,129,Honda Accord Sedan 2012,06582.jpg,C:/Users/seanf/Desktop/archive/cars_train/cars_train/06582.jpg,181
77,128,1211,711,40,Bentley Arnage Sedan 2009,06583.jpg,C:/Users/seanf/Desktop/archive/cars_train/cars_train/06583.jpg,95
20,37,480,316,122,GMC Canyon Extended Cab 2012,06584.jpg,C:/Users/seanf/Desktop/archive/cars_train/cars_train/06584.jpg,57
2,9,231,163,190,Volkswagen Golf Hatchback 2012,06585.jpg,C:/Users/seanf/Desktop/archive/cars_train/cars_train/06585.jpg,51
44,62,555,294,14,Audi TTS Coupe 2012,06586.jpg,C:/Users/seanf/Desktop/archive/cars_train/cars_train/06586.jpg,0
25,53,238,167,53,Cadillac Escalade EXT Crew Cab 2007,06587.jpg,C:/Users/seanf/Desktop/archive/cars_train/cars_train/06587.jpg,45
60,129,604,377,51,Cadillac CTS-V Sedan 2012,06588.jpg,C:/Users/seanf/Desktop/archive/cars_train/cars_train/06588.jpg,74
121,409,1146,779,55,Chevrolet Corvette Convertible 2012,06589.jpg,C:/Users/seanf/Desktop/archive/cars_train/cars_train/06589.jpg,148
137,38,574,371,76,Chrysler Aspen SUV 2009,06590.jpg,C:/Users/seanf/Desktop/archive/cars_train/cars_train/06590.jpg,99
38,43,225,156,106,Ford F-450 Super Duty Crew Cab 2012,06591.jpg,C:/Users/seanf/Desktop/archive/cars_train/cars_train/06591.jpg,4
3,30,295,192,70,Chevrolet Silverado 1500 Classic Extended Cab 2007,06592.jpg,C:/Users/seanf/Desktop/archive/cars_train/cars_train/06592.jpg,171
112,190,697,483,25,Audi TT RS Coupe 2012,06593.jpg,C:/Users/seanf/Desktop/archive/cars_train/cars_train/06593.jpg,39
22,46,643,311,105,Fisker Karma Sedan 2012,06594.jpg,C:/Users/seanf/Desktop/archive/cars_train/cars_train/06594.jpg,34
27,34,250,160,83,Dodge Caliber Wagon 2012,06595.jpg,C:/Users/seanf/Desktop/archive/cars_train/cars_train/06595.jpg,84
5,22,257,159,83,Dodge Caliber Wagon 2012,06596.jpg,C:/Users/seanf/Desktop/archive/cars_train/cars_train/06596.jpg,84
9,34,240,150,108,Ford Freestar Minivan 2007,06597.jpg,C:/Users/seanf/Desktop/archive/cars_train/cars_train/06597.jpg,108
15,43,346,236,33,BMW X6 SUV 2012,06598.jpg,C:/Users/seanf/Desktop/archive/cars_train/cars_train/06598.jpg,187
81,83,1524,851,92,Dodge Magnum Wagon 2008,06599.jpg,C:/Users/seanf/Desktop/archive/cars_train/cars_train/06599.jpg,180
29,6,271,168,14,Audi TTS Coupe 2012,06600.jpg,C:/Users/seanf/Desktop/archive/cars_train/cars_train/06600.jpg,0
8,11,194,122,125,HUMMER H2 SUT Crew Cab 2009,06601.jpg,C:/Users/seanf/Desktop/archive/cars_train/cars_train/06601.jpg,115
7,1,1597,1207,183,Suzuki SX4 Hatchback 2012,06602.jpg,C:/Users/seanf/Desktop/archive/cars_train/cars_train/06602.jpg,118
39,127,595,360,7,Acura ZDX Hatchback 2012,06603.jpg,C:/Users/seanf/Desktop/archive/cars_train/cars_train/06603.jpg,139
151,442,1950,1100,169,Nissan NV Passenger Van 2012,06604.jpg,C:/Users/seanf/Desktop/archive/cars_train/cars_train/06604.jpg,156
10,8,747,582,32,BMW X5 SUV 2007,06605.jpg,C:/Users/seanf/Desktop/archive/cars_train/cars_train/06605.jpg,172
57,147,563,413,152,Lamborghini Gallardo LP 570-4 Superleggera 2012,06606.jpg,C:/Users/seanf/Desktop/archive/cars_train/cars_train/06606.jpg,176
124,130,372,269,127,Honda Odyssey Minivan 2007,06607.jpg,C:/Users/seanf/Desktop/archive/cars_train/cars_train/06607.jpg,157
58,82,1231,789,196,smart fortwo Convertible 2012,06608.jpg,C:/Users/seanf/Desktop/archive/cars_train/cars_train/06608.jpg,134
15,24,234,167,111,Ford Ranger SuperCab 2011,06609.jpg,C:/Users/seanf/Desktop/archive/cars_train/cars_train/06609.jpg,56
3,3,200,114,18,Audi 100 Wagon 1994,06610.jpg,C:/Users/seanf/Desktop/archive/cars_train/cars_train/06610.jpg,66
8,19,266,179,54,Chevrolet Silverado 1500 Hybrid Crew Cab 2012,06611.jpg,C:/Users/seanf/Desktop/archive/cars_train/cars_train/06611.jpg,112
17,17,249,140,72,Chevrolet Monte Carlo Coupe 2007,06612.jpg,C:/Users/seanf/Desktop/archive/cars_train/cars_train/06612.jpg,130
1,199,1492,885,112,Ford GT Coupe 2006,06613.jpg,C:/Users/seanf/Desktop/archive/cars_train/cars_train/06613.jpg,73
39,29,470,286,4,Acura TL Type-S 2008,06614.jpg,C:/Users/seanf/Desktop/archive/cars_train/cars_train/06614.jpg,174
11,210,1011,600,112,Ford GT Coupe 2006,06615.jpg,C:/Users/seanf/Desktop/archive/cars_train/cars_train/06615.jpg,73
32,36,437,272,23,Audi S4 Sedan 2012,06616.jpg,C:/Users/seanf/Desktop/archive/cars_train/cars_train/06616.jpg,127
195,147,838,583,144,Jaguar XK XKR 2012,06617.jpg,C:/Users/seanf/Desktop/archive/cars_train/cars_train/06617.jpg,89
21,164,607,359,61,Chevrolet Impala Sedan 2007,06618.jpg,C:/Users/seanf/Desktop/archive/cars_train/cars_train/06618.jpg,77
26,80,630,458,115,Ford Focus Sedan 2007,06619.jpg,C:/Users/seanf/Desktop/archive/cars_train/cars_train/06619.jpg,169
73,1,412,210,32,BMW X5 SUV 2007,06620.jpg,C:/Users/seanf/Desktop/archive/cars_train/cars_train/06620.jpg,172
54,92,471,334,145,Jeep Patriot SUV 2012,06621.jpg,C:/Users/seanf/Desktop/archive/cars_train/cars_train/06621.jpg,68
36,37,231,198,175,Rolls-Royce Phantom Drophead Coupe Convertible 2012,06622.jpg,C:/Users/seanf/Desktop/archive/cars_train/cars_train/06622.jpg,72
143,181,984,663,124,HUMMER H3T Crew Cab 2010,06623.jpg,C:/Users/seanf/Desktop/archive/cars_train/cars_train/06623.jpg,49
23,134,619,349,2,Acura RL Sedan 2012,06624.jpg,C:/Users/seanf/Desktop/archive/cars_train/cars_train/06624.jpg,191
52,171,970,563,105,Fisker Karma Sedan 2012,06625.jpg,C:/Users/seanf/Desktop/archive/cars_train/cars_train/06625.jpg,34
8,8,234,143,119,GMC Savana Van 2012,06626.jpg,C:/Users/seanf/Desktop/archive/cars_train/cars_train/06626.jpg,38
78,143,596,423,115,Ford Focus Sedan 2007,06627.jpg,C:/Users/seanf/Desktop/archive/cars_train/cars_train/06627.jpg,169
94,281,2952,1412,59,Chevrolet Camaro Convertible 2012,06628.jpg,C:/Users/seanf/Desktop/archive/cars_train/cars_train/06628.jpg,63
59,42,231,173,109,Ford Expedition EL SUV 2009,06629.jpg,C:/Users/seanf/Desktop/archive/cars_train/cars_train/06629.jpg,87
19,30,246,154,51,Cadillac CTS-V Sedan 2012,06630.jpg,C:/Users/seanf/Desktop/archive/cars_train/cars_train/06630.jpg,74
57,297,757,639,170,Nissan Juke Hatchback 2012,06631.jpg,C:/Users/seanf/Desktop/archive/cars_train/cars_train/06631.jpg,22
7,7,342,219,195,Volvo XC90 SUV 2007,06632.jpg,C:/Users/seanf/Desktop/archive/cars_train/cars_train/06632.jpg,131
24,60,382,292,35,BMW M5 Sedan 2010,06633.jpg,C:/Users/seanf/Desktop/archive/cars_train/cars_train/06633.jpg,194
26,39,252,155,174,Ram C/V Cargo Van Minivan 2012,06634.jpg,C:/Users/seanf/Desktop/archive/cars_train/cars_train/06634.jpg,103
44,96,621,360,44,Bentley Continental Flying Spur Sedan 2007,06635.jpg,C:/Users/seanf/Desktop/archive/cars_train/cars_train/06635.jpg,46
49,22,548,358,41,Bentley Mulsanne Sedan 2011,06636.jpg,C:/Users/seanf/Desktop/archive/cars_train/cars_train/06636.jpg,109
1,133,400,285,151,Lamborghini Aventador Coupe 2012,06637.jpg,C:/Users/seanf/Desktop/archive/cars_train/cars_train/06637.jpg,154
31,5,1247,799,183,Suzuki SX4 Hatchback 2012,06638.jpg,C:/Users/seanf/Desktop/archive/cars_train/cars_train/06638.jpg,118
64,59,948,675,147,Jeep Liberty SUV 2012,06639.jpg,C:/Users/seanf/Desktop/archive/cars_train/cars_train/06639.jpg,85
12,21,258,161,69,Chevrolet Silverado 2500HD Regular Cab 2012,06640.jpg,C:/Users/seanf/Desktop/archive/cars_train/cars_train/06640.jpg,147
47,83,380,293,153,Lamborghini Diablo Coupe 2001,06641.jpg,C:/Users/seanf/Desktop/archive/cars_train/cars_train/06641.jpg,143
25,14,484,303,121,GMC Acadia SUV 2012,06642.jpg,C:/Users/seanf/Desktop/archive/cars_train/cars_train/06642.jpg,82
106,89,606,425,64,Chevrolet Express Cargo Van 2007,06643.jpg,C:/Users/seanf/Desktop/archive/cars_train/cars_train/06643.jpg,178
338,82,1133,733,7,Acura ZDX Hatchback 2012,06644.jpg,C:/Users/seanf/Desktop/archive/cars_train/cars_train/06644.jpg,139
48,161,725,450,49,Buick Verano Sedan 2012,06645.jpg,C:/Users/seanf/Desktop/archive/cars_train/cars_train/06645.jpg,10
35,41,187,108,16,Audi V8 Sedan 1994,06646.jpg,C:/Users/seanf/Desktop/archive/cars_train/cars_train/06646.jpg,124
12,7,289,232,71,Chevrolet Express Van 2007,06647.jpg,C:/Users/seanf/Desktop/archive/cars_train/cars_train/06647.jpg,76
21,195,588,478,101,Ferrari FF Coupe 2012,06648.jpg,C:/Users/seanf/Desktop/archive/cars_train/cars_train/06648.jpg,52
15,70,480,290,108,Ford Freestar Minivan 2007,06649.jpg,C:/Users/seanf/Desktop/archive/cars_train/cars_train/06649.jpg,108
5,3,284,129,76,Chrysler Aspen SUV 2009,06650.jpg,C:/Users/seanf/Desktop/archive/cars_train/cars_train/06650.jpg,99
51,87,573,355,94,Dodge Durango SUV 2012,06651.jpg,C:/Users/seanf/Desktop/archive/cars_train/cars_train/06651.jpg,61
207,454,1766,1100,150,Lamborghini Reventon Coupe 2008,06652.jpg,C:/Users/seanf/Desktop/archive/cars_train/cars_train/06652.jpg,188
82,47,565,358,39,Bentley Continental Supersports Conv. Convertible 2012,06653.jpg,C:/Users/seanf/Desktop/archive/cars_train/cars_train/06653.jpg,170
96,8,401,328,166,Mercedes-Benz Sprinter Van 2012,06654.jpg,C:/Users/seanf/Desktop/archive/cars_train/cars_train/06654.jpg,162
52,28,269,210,143,Isuzu Ascender SUV 2008,06655.jpg,C:/Users/seanf/Desktop/archive/cars_train/cars_train/06655.jpg,91
98,2,554,422,168,Nissan Leaf Hatchback 2012,06656.jpg,C:/Users/seanf/Desktop/archive/cars_train/cars_train/06656.jpg,142
28,67,555,334,81,Chrysler PT Cruiser Convertible 2008,06657.jpg,C:/Users/seanf/Desktop/archive/cars_train/cars_train/06657.jpg,182
13,51,461,336,188,Toyota Corolla Sedan 2012,06658.jpg,C:/Users/seanf/Desktop/archive/cars_train/cars_train/06658.jpg,62
2,73,635,477,146,Jeep Wrangler SUV 2012,06659.jpg,C:/Users/seanf/Desktop/archive/cars_train/cars_train/06659.jpg,173
46,86,557,287,6,Acura Integra Type R 2001,06660.jpg,C:/Users/seanf/Desktop/archive/cars_train/cars_train/06660.jpg,123
103,70,934,688,164,Mercedes-Benz E-Class Sedan 2012,06661.jpg,C:/Users/seanf/Desktop/archive/cars_train/cars_train/06661.jpg,177
90,112,681,486,32,BMW X5 SUV 2007,06662.jpg,C:/Users/seanf/Desktop/archive/cars_train/cars_train/06662.jpg,172
99,114,969,683,32,BMW X5 SUV 2007,06663.jpg,C:/Users/seanf/Desktop/archive/cars_train/cars_train/06663.jpg,172
62,117,465,250,18,Audi 100 Wagon 1994,06664.jpg,C:/Users/seanf/Desktop/archive/cars_train/cars_train/06664.jpg,66
80,142,567,366,49,Buick Verano Sedan 2012,06665.jpg,C:/Users/seanf/Desktop/archive/cars_train/cars_train/06665.jpg,10
14,117,617,383,79,Chrysler 300 SRT-8 2010,06666.jpg,C:/Users/seanf/Desktop/archive/cars_train/cars_train/06666.jpg,19
9,29,259,153,60,Chevrolet HHR SS 2010,06667.jpg,C:/Users/seanf/Desktop/archive/cars_train/cars_train/06667.jpg,96
49,34,751,501,166,Mercedes-Benz Sprinter Van 2012,06668.jpg,C:/Users/seanf/Desktop/archive/cars_train/cars_train/06668.jpg,162
61,58,269,148,134,Hyundai Sonata Hybrid Sedan 2012,06669.jpg,C:/Users/seanf/Desktop/archive/cars_train/cars_train/06669.jpg,3
17,49,536,302,106,Ford F-450 Super Duty Crew Cab 2012,06670.jpg,C:/Users/seanf/Desktop/archive/cars_train/cars_train/06670.jpg,4
4,76,583,326,158,Maybach Landaulet Convertible 2012,06671.jpg,C:/Users/seanf/Desktop/archive/cars_train/cars_train/06671.jpg,158
60,51,622,424,181,Suzuki Aerio Sedan 2007,06672.jpg,C:/Users/seanf/Desktop/archive/cars_train/cars_train/06672.jpg,163
33,55,531,414,189,Toyota 4Runner SUV 2012,06673.jpg,C:/Users/seanf/Desktop/archive/cars_train/cars_train/06673.jpg,120
76,178,353,328,188,Toyota Corolla Sedan 2012,06674.jpg,C:/Users/seanf/Desktop/archive/cars_train/cars_train/06674.jpg,62
204,410,986,730,10,Aston Martin Virage Convertible 2012,06675.jpg,C:/Users/seanf/Desktop/archive/cars_train/cars_train/06675.jpg,133
41,4,275,192,32,BMW X5 SUV 2007,06676.jpg,C:/Users/seanf/Desktop/archive/cars_train/cars_train/06676.jpg,172
70,88,247,188,20,Audi S6 Sedan 2011,06677.jpg,C:/Users/seanf/Desktop/archive/cars_train/cars_train/06677.jpg,69
7,149,897,556,21,Audi S5 Convertible 2012,06678.jpg,C:/Users/seanf/Desktop/archive/cars_train/cars_train/06678.jpg,144
60,45,594,428,147,Jeep Liberty SUV 2012,06679.jpg,C:/Users/seanf/Desktop/archive/cars_train/cars_train/06679.jpg,85
416,420,988,777,132,Hyundai Tucson SUV 2012,06680.jpg,C:/Users/seanf/Desktop/archive/cars_train/cars_train/06680.jpg,138
3,9,249,144,142,Infiniti QX56 SUV 2011,06681.jpg,C:/Users/seanf/Desktop/archive/cars_train/cars_train/06681.jpg,35
135,81,375,230,118,GMC Terrain SUV 2012,06682.jpg,C:/Users/seanf/Desktop/archive/cars_train/cars_train/06682.jpg,179
13,98,287,198,9,Aston Martin V8 Vantage Coupe 2012,06683.jpg,C:/Users/seanf/Desktop/archive/cars_train/cars_train/06683.jpg,165
37,171,1052,472,57,Chevrolet Corvette Ron Fellows Edition Z06 2007,06684.jpg,C:/Users/seanf/Desktop/archive/cars_train/cars_train/06684.jpg,18
5,99,292,191,151,Lamborghini Aventador Coupe 2012,06685.jpg,C:/Users/seanf/Desktop/archive/cars_train/cars_train/06685.jpg,154
44,275,1237,858,140,Hyundai Azera Sedan 2012,06686.jpg,C:/Users/seanf/Desktop/archive/cars_train/cars_train/06686.jpg,98
24,117,468,364,96,Dodge Charger Sedan 2012,06687.jpg,C:/Users/seanf/Desktop/archive/cars_train/cars_train/06687.jpg,7
10,84,551,321,103,Ferrari 458 Italia Convertible 2012,06688.jpg,C:/Users/seanf/Desktop/archive/cars_train/cars_train/06688.jpg,146
316,432,1690,1458,185,Tesla Model S Sedan 2012,06689.jpg,C:/Users/seanf/Desktop/archive/cars_train/cars_train/06689.jpg,150
20,130,607,421,79,Chrysler 300 SRT-8 2010,06690.jpg,C:/Users/seanf/Desktop/archive/cars_train/cars_train/06690.jpg,19
3,22,149,110,90,Dodge Dakota Crew Cab 2010,06691.jpg,C:/Users/seanf/Desktop/archive/cars_train/cars_train/06691.jpg,48
7,128,1003,688,71,Chevrolet Express Van 2007,06692.jpg,C:/Users/seanf/Desktop/archive/cars_train/cars_train/06692.jpg,76
138,163,783,417,61,Chevrolet Impala Sedan 2007,06693.jpg,C:/Users/seanf/Desktop/archive/cars_train/cars_train/06693.jpg,77
55,61,480,257,98,Eagle Talon Hatchback 1998,06694.jpg,C:/Users/seanf/Desktop/archive/cars_train/cars_train/06694.jpg,185
4,37,220,119,82,Daewoo Nubira Wagon 2002,06695.jpg,C:/Users/seanf/Desktop/archive/cars_train/cars_train/06695.jpg,186
42,75,382,273,30,BMW 3 Series Wagon 2012,06696.jpg,C:/Users/seanf/Desktop/archive/cars_train/cars_train/06696.jpg,101
76,104,455,284,174,Ram C/V Cargo Van Minivan 2012,06697.jpg,C:/Users/seanf/Desktop/archive/cars_train/cars_train/06697.jpg,103
33,57,255,162,165,Mercedes-Benz S-Class Sedan 2012,06698.jpg,C:/Users/seanf/Desktop/archive/cars_train/cars_train/06698.jpg,70
102,92,937,567,141,Infiniti G Coupe IPL 2012,06699.jpg,C:/Users/seanf/Desktop/archive/cars_train/cars_train/06699.jpg,136
23,31,790,395,147,Jeep Liberty SUV 2012,06700.jpg,C:/Users/seanf/Desktop/archive/cars_train/cars_train/06700.jpg,85
51,14,560,409,47,Buick Regal GS 2012,06701.jpg,C:/Users/seanf/Desktop/archive/cars_train/cars_train/06701.jpg,100
103,7,549,278,50,Buick Enclave SUV 2012,06702.jpg,C:/Users/seanf/Desktop/archive/cars_train/cars_train/06702.jpg,113
44,44,563,261,27,BMW 1 Series Convertible 2012,06703.jpg,C:/Users/seanf/Desktop/archive/cars_train/cars_train/06703.jpg,192
172,137,501,358,25,Audi TT RS Coupe 2012,06704.jpg,C:/Users/seanf/Desktop/archive/cars_train/cars_train/06704.jpg,39
59,25,260,127,22,Audi S5 Coupe 2012,06705.jpg,C:/Users/seanf/Desktop/archive/cars_train/cars_train/06705.jpg,164
93,153,807,472,177,Rolls-Royce Phantom Sedan 2012,06706.jpg,C:/Users/seanf/Desktop/archive/cars_train/cars_train/06706.jpg,40
46,78,583,334,105,Fisker Karma Sedan 2012,06707.jpg,C:/Users/seanf/Desktop/archive/cars_train/cars_train/06707.jpg,34
106,168,752,512,12,Audi RS 4 Convertible 2008,06708.jpg,C:/Users/seanf/Desktop/archive/cars_train/cars_train/06708.jpg,125
126,270,694,466,102,Ferrari California Convertible 2012,06709.jpg,C:/Users/seanf/Desktop/archive/cars_train/cars_train/06709.jpg,141
39,328,754,567,175,Rolls-Royce Phantom Drophead Coupe Convertible 2012,06710.jpg,C:/Users/seanf/Desktop/archive/cars_train/cars_train/06710.jpg,72
55,20,393,205,90,Dodge Dakota Crew Cab 2010,06711.jpg,C:/Users/seanf/Desktop/archive/cars_train/cars_train/06711.jpg,48
40,84,959,700,36,BMW M6 Convertible 2010,06712.jpg,C:/Users/seanf/Desktop/archive/cars_train/cars_train/06712.jpg,20
28,84,453,282,46,Bugatti Veyron 16.4 Coupe 2009,06713.jpg,C:/Users/seanf/Desktop/archive/cars_train/cars_train/06713.jpg,149
80,51,650,409,33,BMW X6 SUV 2012,06714.jpg,C:/Users/seanf/Desktop/archive/cars_train/cars_train/06714.jpg,187
25,50,1608,843,53,Cadillac Escalade EXT Crew Cab 2007,06715.jpg,C:/Users/seanf/Desktop/archive/cars_train/cars_train/06715.jpg,45
11,79,295,223,21,Audi S5 Convertible 2012,06716.jpg,C:/Users/seanf/Desktop/archive/cars_train/cars_train/06716.jpg,144
167,54,610,551,166,Mercedes-Benz Sprinter Van 2012,06717.jpg,C:/Users/seanf/Desktop/archive/cars_train/cars_train/06717.jpg,162
97,2,599,409,6,Acura Integra Type R 2001,06718.jpg,C:/Users/seanf/Desktop/archive/cars_train/cars_train/06718.jpg,123
21,42,563,248,47,Buick Regal GS 2012,06719.jpg,C:/Users/seanf/Desktop/archive/cars_train/cars_train/06719.jpg,100
169,301,1489,991,125,HUMMER H2 SUT Crew Cab 2009,06720.jpg,C:/Users/seanf/Desktop/archive/cars_train/cars_train/06720.jpg,115
53,388,1236,729,151,Lamborghini Aventador Coupe 2012,06721.jpg,C:/Users/seanf/Desktop/archive/cars_train/cars_train/06721.jpg,154
155,242,954,653,168,Nissan Leaf Hatchback 2012,06722.jpg,C:/Users/seanf/Desktop/archive/cars_train/cars_train/06722.jpg,142
252,217,536,392,116,Ford E-Series Wagon Van 2012,06723.jpg,C:/Users/seanf/Desktop/archive/cars_train/cars_train/06723.jpg,67
4,6,261,99,129,Honda Accord Sedan 2012,06724.jpg,C:/Users/seanf/Desktop/archive/cars_train/cars_train/06724.jpg,181
267,128,1517,965,145,Jeep Patriot SUV 2012,06725.jpg,C:/Users/seanf/Desktop/archive/cars_train/cars_train/06725.jpg,68
82,174,994,640,66,Chevrolet Cobalt SS 2010,06726.jpg,C:/Users/seanf/Desktop/archive/cars_train/cars_train/06726.jpg,29
125,131,1529,977,170,Nissan Juke Hatchback 2012,06727.jpg,C:/Users/seanf/Desktop/archive/cars_train/cars_train/06727.jpg,22
5,41,194,150,48,Buick Rainier SUV 2007,06728.jpg,C:/Users/seanf/Desktop/archive/cars_train/cars_train/06728.jpg,121
292,232,857,509,41,Bentley Mulsanne Sedan 2011,06729.jpg,C:/Users/seanf/Desktop/archive/cars_train/cars_train/06729.jpg,109
199,219,1369,781,187,Toyota Camry Sedan 2012,06730.jpg,C:/Users/seanf/Desktop/archive/cars_train/cars_train/06730.jpg,53
29,21,583,382,83,Dodge Caliber Wagon 2012,06731.jpg,C:/Users/seanf/Desktop/archive/cars_train/cars_train/06731.jpg,84
26,31,681,412,147,Jeep Liberty SUV 2012,06732.jpg,C:/Users/seanf/Desktop/archive/cars_train/cars_train/06732.jpg,85
97,104,285,210,134,Hyundai Sonata Hybrid Sedan 2012,06733.jpg,C:/Users/seanf/Desktop/archive/cars_train/cars_train/06733.jpg,3
66,349,643,545,26,BMW ActiveHybrid 5 Sedan 2012,06734.jpg,C:/Users/seanf/Desktop/archive/cars_train/cars_train/06734.jpg,140
13,237,602,434,92,Dodge Magnum Wagon 2008,06735.jpg,C:/Users/seanf/Desktop/archive/cars_train/cars_train/06735.jpg,180
21,64,289,171,148,Jeep Grand Cherokee SUV 2012,06736.jpg,C:/Users/seanf/Desktop/archive/cars_train/cars_train/06736.jpg,43
83,105,480,375,110,Ford Edge SUV 2012,06737.jpg,C:/Users/seanf/Desktop/archive/cars_train/cars_train/06737.jpg,64
38,59,597,452,80,Chrysler Crossfire Convertible 2008,06738.jpg,C:/Users/seanf/Desktop/archive/cars_train/cars_train/06738.jpg,175
13,20,293,147,54,Chevrolet Silverado 1500 Hybrid Crew Cab 2012,06739.jpg,C:/Users/seanf/Desktop/archive/cars_train/cars_train/06739.jpg,112
47,51,611,432,166,Mercedes-Benz Sprinter Van 2012,06740.jpg,C:/Users/seanf/Desktop/archive/cars_train/cars_train/06740.jpg,162
50,53,545,377,20,Audi S6 Sedan 2011,06741.jpg,C:/Users/seanf/Desktop/archive/cars_train/cars_train/06741.jpg,69
6,15,315,142,76,Chrysler Aspen SUV 2009,06742.jpg,C:/Users/seanf/Desktop/archive/cars_train/cars_train/06742.jpg,99
113,38,485,280,193,Volvo C30 Hatchback 2012,06743.jpg,C:/Users/seanf/Desktop/archive/cars_train/cars_train/06743.jpg,14
5,36,239,140,92,Dodge Magnum Wagon 2008,06744.jpg,C:/Users/seanf/Desktop/archive/cars_train/cars_train/06744.jpg,180
65,145,564,395,137,Hyundai Genesis Sedan 2012,06745.jpg,C:/Users/seanf/Desktop/archive/cars_train/cars_train/06745.jpg,83
18,44,443,314,113,Ford F-150 Regular Cab 2012,06746.jpg,C:/Users/seanf/Desktop/archive/cars_train/cars_train/06746.jpg,167
20,122,1009,667,72,Chevrolet Monte Carlo Coupe 2007,06747.jpg,C:/Users/seanf/Desktop/archive/cars_train/cars_train/06747.jpg,130
15,36,290,181,86,Dodge Ram Pickup 3500 Crew Cab 2010,06748.jpg,C:/Users/seanf/Desktop/archive/cars_train/cars_train/06748.jpg,25
68,87,909,631,121,GMC Acadia SUV 2012,06749.jpg,C:/Users/seanf/Desktop/archive/cars_train/cars_train/06749.jpg,82
14,122,626,377,95,Dodge Durango SUV 2007,06750.jpg,C:/Users/seanf/Desktop/archive/cars_train/cars_train/06750.jpg,193
8,80,250,184,3,Acura TL Sedan 2012,06751.jpg,C:/Users/seanf/Desktop/archive/cars_train/cars_train/06751.jpg,1
22,160,1360,739,27,BMW 1 Series Convertible 2012,06752.jpg,C:/Users/seanf/Desktop/archive/cars_train/cars_train/06752.jpg,192
34,14,1005,658,147,Jeep Liberty SUV 2012,06753.jpg,C:/Users/seanf/Desktop/archive/cars_train/cars_train/06753.jpg,85
22,61,774,517,119,GMC Savana Van 2012,06754.jpg,C:/Users/seanf/Desktop/archive/cars_train/cars_train/06754.jpg,38
32,59,469,298,135,Hyundai Elantra Sedan 2007,06755.jpg,C:/Users/seanf/Desktop/archive/cars_train/cars_train/06755.jpg,12
80,104,284,196,22,Audi S5 Coupe 2012,06756.jpg,C:/Users/seanf/Desktop/archive/cars_train/cars_train/06756.jpg,164
10,143,539,334,56,Chevrolet Corvette ZR1 2012,06757.jpg,C:/Users/seanf/Desktop/archive/cars_train/cars_train/06757.jpg,94
57,4,269,161,34,BMW M3 Coupe 2012,06758.jpg,C:/Users/seanf/Desktop/archive/cars_train/cars_train/06758.jpg,184
176,89,1175,735,196,smart fortwo Convertible 2012,06759.jpg,C:/Users/seanf/Desktop/archive/cars_train/cars_train/06759.jpg,134
15,50,385,295,115,Ford Focus Sedan 2007,06760.jpg,C:/Users/seanf/Desktop/archive/cars_train/cars_train/06760.jpg,169
22,53,329,204,109,Ford Expedition EL SUV 2009,06761.jpg,C:/Users/seanf/Desktop/archive/cars_train/cars_train/06761.jpg,87
23,24,237,177,82,Daewoo Nubira Wagon 2002,06762.jpg,C:/Users/seanf/Desktop/archive/cars_train/cars_train/06762.jpg,186
11,45,253,189,80,Chrysler Crossfire Convertible 2008,06763.jpg,C:/Users/seanf/Desktop/archive/cars_train/cars_train/06763.jpg,175
54,77,609,402,137,Hyundai Genesis Sedan 2012,06764.jpg,C:/Users/seanf/Desktop/archive/cars_train/cars_train/06764.jpg,83
31,86,758,501,68,Chevrolet TrailBlazer SS 2009,06765.jpg,C:/Users/seanf/Desktop/archive/cars_train/cars_train/06765.jpg,114
2,95,318,183,158,Maybach Landaulet Convertible 2012,06766.jpg,C:/Users/seanf/Desktop/archive/cars_train/cars_train/06766.jpg,158
24,4,235,173,62,Chevrolet Tahoe Hybrid SUV 2012,06767.jpg,C:/Users/seanf/Desktop/archive/cars_train/cars_train/06767.jpg,161
49,293,1003,696,40,Bentley Arnage Sedan 2009,06768.jpg,C:/Users/seanf/Desktop/archive/cars_train/cars_train/06768.jpg,95
68,183,549,349,179,Spyker C8 Convertible 2009,06769.jpg,C:/Users/seanf/Desktop/archive/cars_train/cars_train/06769.jpg,104
35,6,276,190,76,Chrysler Aspen SUV 2009,06770.jpg,C:/Users/seanf/Desktop/archive/cars_train/cars_train/06770.jpg,99
35,105,598,351,10,Aston Martin Virage Convertible 2012,06771.jpg,C:/Users/seanf/Desktop/archive/cars_train/cars_train/06771.jpg,133
28,43,236,152,72,Chevrolet Monte Carlo Coupe 2007,06772.jpg,C:/Users/seanf/Desktop/archive/cars_train/cars_train/06772.jpg,130
24,22,559,371,139,Hyundai Elantra Touring Hatchback 2012,06773.jpg,C:/Users/seanf/Desktop/archive/cars_train/cars_train/06773.jpg,28
115,507,2457,1658,5,Acura TSX Sedan 2012,06774.jpg,C:/Users/seanf/Desktop/archive/cars_train/cars_train/06774.jpg,58
129,38,326,114,106,Ford F-450 Super Duty Crew Cab 2012,06775.jpg,C:/Users/seanf/Desktop/archive/cars_train/cars_train/06775.jpg,4
143,85,482,373,168,Nissan Leaf Hatchback 2012,06776.jpg,C:/Users/seanf/Desktop/archive/cars_train/cars_train/06776.jpg,142
109,359,1477,1082,183,Suzuki SX4 Hatchback 2012,06777.jpg,C:/Users/seanf/Desktop/archive/cars_train/cars_train/06777.jpg,118
51,103,284,192,22,Audi S5 Coupe 2012,06778.jpg,C:/Users/seanf/Desktop/archive/cars_train/cars_train/06778.jpg,164
40,40,569,306,60,Chevrolet HHR SS 2010,06779.jpg,C:/Users/seanf/Desktop/archive/cars_train/cars_train/06779.jpg,96
9,112,439,278,61,Chevrolet Impala Sedan 2007,06780.jpg,C:/Users/seanf/Desktop/archive/cars_train/cars_train/06780.jpg,77
9,39,272,156,44,Bentley Continental Flying Spur Sedan 2007,06781.jpg,C:/Users/seanf/Desktop/archive/cars_train/cars_train/06781.jpg,46
64,96,596,360,8,Aston Martin V8 Vantage Convertible 2012,06782.jpg,C:/Users/seanf/Desktop/archive/cars_train/cars_train/06782.jpg,54
163,229,1033,651,192,Volkswagen Beetle Hatchback 2012,06783.jpg,C:/Users/seanf/Desktop/archive/cars_train/cars_train/06783.jpg,17
1,66,619,339,3,Acura TL Sedan 2012,06784.jpg,C:/Users/seanf/Desktop/archive/cars_train/cars_train/06784.jpg,1
142,72,367,235,180,Spyker C8 Coupe 2009,06785.jpg,C:/Users/seanf/Desktop/archive/cars_train/cars_train/06785.jpg,26
60,79,576,401,128,Honda Accord Coupe 2012,06786.jpg,C:/Users/seanf/Desktop/archive/cars_train/cars_train/06786.jpg,126
22,100,435,313,47,Buick Regal GS 2012,06787.jpg,C:/Users/seanf/Desktop/archive/cars_train/cars_train/06787.jpg,100
28,46,263,183,108,Ford Freestar Minivan 2007,06788.jpg,C:/Users/seanf/Desktop/archive/cars_train/cars_train/06788.jpg,108
8,22,249,127,143,Isuzu Ascender SUV 2008,06789.jpg,C:/Users/seanf/Desktop/archive/cars_train/cars_train/06789.jpg,91
14,111,788,388,82,Daewoo Nubira Wagon 2002,06790.jpg,C:/Users/seanf/Desktop/archive/cars_train/cars_train/06790.jpg,186
61,178,1240,1066,167,Mitsubishi Lancer Sedan 2012,06791.jpg,C:/Users/seanf/Desktop/archive/cars_train/cars_train/06791.jpg,8
74,166,619,430,39,Bentley Continental Supersports Conv. Convertible 2012,06792.jpg,C:/Users/seanf/Desktop/archive/cars_train/cars_train/06792.jpg,170
17,71,227,175,21,Audi S5 Convertible 2012,06793.jpg,C:/Users/seanf/Desktop/archive/cars_train/cars_train/06793.jpg,144
152,46,1137,744,47,Buick Regal GS 2012,06794.jpg,C:/Users/seanf/Desktop/archive/cars_train/cars_train/06794.jpg,100
26,375,1001,734,156,Lincoln Town Car Sedan 2011,06795.jpg,C:/Users/seanf/Desktop/archive/cars_train/cars_train/06795.jpg,153
57,88,361,293,90,Dodge Dakota Crew Cab 2010,06796.jpg,C:/Users/seanf/Desktop/archive/cars_train/cars_train/06796.jpg,48
220,153,415,263,146,Jeep Wrangler SUV 2012,06797.jpg,C:/Users/seanf/Desktop/archive/cars_train/cars_train/06797.jpg,173
39,46,1413,904,99,FIAT 500 Abarth 2012,06798.jpg,C:/Users/seanf/Desktop/archive/cars_train/cars_train/06798.jpg,135
72,114,1019,692,112,Ford GT Coupe 2006,06799.jpg,C:/Users/seanf/Desktop/archive/cars_train/cars_train/06799.jpg,73
9,51,293,165,42,Bentley Continental GT Coupe 2012,06800.jpg,C:/Users/seanf/Desktop/archive/cars_train/cars_train/06800.jpg,42
7,97,422,295,59,Chevrolet Camaro Convertible 2012,06801.jpg,C:/Users/seanf/Desktop/archive/cars_train/cars_train/06801.jpg,63
10,130,477,273,67,Chevrolet Malibu Hybrid Sedan 2010,06802.jpg,C:/Users/seanf/Desktop/archive/cars_train/cars_train/06802.jpg,166
70,21,670,466,89,Dodge Journey SUV 2012,06803.jpg,C:/Users/seanf/Desktop/archive/cars_train/cars_train/06803.jpg,6
42,39,589,437,85,Dodge Caravan Minivan 1997,06804.jpg,C:/Users/seanf/Desktop/archive/cars_train/cars_train/06804.jpg,13
15,38,228,174,143,Isuzu Ascender SUV 2008,06805.jpg,C:/Users/seanf/Desktop/archive/cars_train/cars_train/06805.jpg,91
50,173,579,375,126,Honda Odyssey Minivan 2012,06806.jpg,C:/Users/seanf/Desktop/archive/cars_train/cars_train/06806.jpg,60
52,129,579,320,61,Chevrolet Impala Sedan 2007,06807.jpg,C:/Users/seanf/Desktop/archive/cars_train/cars_train/06807.jpg,77
132,109,870,513,149,Jeep Compass SUV 2012,06808.jpg,C:/Users/seanf/Desktop/archive/cars_train/cars_train/06808.jpg,102
8,29,252,188,106,Ford F-450 Super Duty Crew Cab 2012,06809.jpg,C:/Users/seanf/Desktop/archive/cars_train/cars_train/06809.jpg,4
13,45,294,171,72,Chevrolet Monte Carlo Coupe 2007,06810.jpg,C:/Users/seanf/Desktop/archive/cars_train/cars_train/06810.jpg,130
21,29,229,175,106,Ford F-450 Super Duty Crew Cab 2012,06811.jpg,C:/Users/seanf/Desktop/archive/cars_train/cars_train/06811.jpg,4
59,133,955,688,133,Hyundai Veracruz SUV 2012,06812.jpg,C:/Users/seanf/Desktop/archive/cars_train/cars_train/06812.jpg,30
120,151,534,345,119,GMC Savana Van 2012,06813.jpg,C:/Users/seanf/Desktop/archive/cars_train/cars_train/06813.jpg,38
37,32,747,505,106,Ford F-450 Super Duty Crew Cab 2012,06814.jpg,C:/Users/seanf/Desktop/archive/cars_train/cars_train/06814.jpg,4
46,93,423,283,54,Chevrolet Silverado 1500 Hybrid Crew Cab 2012,06815.jpg,C:/Users/seanf/Desktop/archive/cars_train/cars_train/06815.jpg,112
10,24,254,158,3,Acura TL Sedan 2012,06816.jpg,C:/Users/seanf/Desktop/archive/cars_train/cars_train/06816.jpg,1
5,50,499,308,106,Ford F-450 Super Duty Crew Cab 2012,06817.jpg,C:/Users/seanf/Desktop/archive/cars_train/cars_train/06817.jpg,4
17,40,245,153,136,Hyundai Accent Sedan 2012,06818.jpg,C:/Users/seanf/Desktop/archive/cars_train/cars_train/06818.jpg,90
139,101,678,410,192,Volkswagen Beetle Hatchback 2012,06819.jpg,C:/Users/seanf/Desktop/archive/cars_train/cars_train/06819.jpg,17
2,3,541,479,166,Mercedes-Benz Sprinter Van 2012,06820.jpg,C:/Users/seanf/Desktop/archive/cars_train/cars_train/06820.jpg,162
56,76,750,485,190,Volkswagen Golf Hatchback 2012,06821.jpg,C:/Users/seanf/Desktop/archive/cars_train/cars_train/06821.jpg,51
22,186,975,652,148,Jeep Grand Cherokee SUV 2012,06822.jpg,C:/Users/seanf/Desktop/archive/cars_train/cars_train/06822.jpg,43
74,56,577,276,31,BMW 6 Series Convertible 2007,06823.jpg,C:/Users/seanf/Desktop/archive/cars_train/cars_train/06823.jpg,145
21,52,638,340,110,Ford Edge SUV 2012,06824.jpg,C:/Users/seanf/Desktop/archive/cars_train/cars_train/06824.jpg,64
117,226,1404,1055,114,Ford F-150 Regular Cab 2007,06825.jpg,C:/Users/seanf/Desktop/archive/cars_train/cars_train/06825.jpg,50
70,77,479,241,22,Audi S5 Coupe 2012,06826.jpg,C:/Users/seanf/Desktop/archive/cars_train/cars_train/06826.jpg,164
32,17,427,250,142,Infiniti QX56 SUV 2011,06827.jpg,C:/Users/seanf/Desktop/archive/cars_train/cars_train/06827.jpg,35
8,50,242,129,92,Dodge Magnum Wagon 2008,06828.jpg,C:/Users/seanf/Desktop/archive/cars_train/cars_train/06828.jpg,180
28,36,570,285,35,BMW M5 Sedan 2010,06829.jpg,C:/Users/seanf/Desktop/archive/cars_train/cars_train/06829.jpg,194
15,155,486,323,20,Audi S6 Sedan 2011,06830.jpg,C:/Users/seanf/Desktop/archive/cars_train/cars_train/06830.jpg,69
114,48,570,450,166,Mercedes-Benz Sprinter Van 2012,06831.jpg,C:/Users/seanf/Desktop/archive/cars_train/cars_train/06831.jpg,162
1,239,1436,932,8,Aston Martin V8 Vantage Convertible 2012,06832.jpg,C:/Users/seanf/Desktop/archive/cars_train/cars_train/06832.jpg,54
3,23,132,98,1,AM General Hummer SUV 2000,06833.jpg,C:/Users/seanf/Desktop/archive/cars_train/cars_train/06833.jpg,107
75,47,327,246,67,Chevrolet Malibu Hybrid Sedan 2010,06834.jpg,C:/Users/seanf/Desktop/archive/cars_train/cars_train/06834.jpg,166
63,76,551,321,182,Suzuki Kizashi Sedan 2012,06835.jpg,C:/Users/seanf/Desktop/archive/cars_train/cars_train/06835.jpg,160
10,122,432,243,103,Ferrari 458 Italia Convertible 2012,06836.jpg,C:/Users/seanf/Desktop/archive/cars_train/cars_train/06836.jpg,146
259,730,1381,1117,164,Mercedes-Benz E-Class Sedan 2012,06837.jpg,C:/Users/seanf/Desktop/archive/cars_train/cars_train/06837.jpg,177
66,22,984,617,164,Mercedes-Benz E-Class Sedan 2012,06838.jpg,C:/Users/seanf/Desktop/archive/cars_train/cars_train/06838.jpg,177
34,53,270,139,2,Acura RL Sedan 2012,06839.jpg,C:/Users/seanf/Desktop/archive/cars_train/cars_train/06839.jpg,191
55,116,639,377,161,Mercedes-Benz 300-Class Convertible 1993,06840.jpg,C:/Users/seanf/Desktop/archive/cars_train/cars_train/06840.jpg,86
13,46,291,165,177,Rolls-Royce Phantom Sedan 2012,06841.jpg,C:/Users/seanf/Desktop/archive/cars_train/cars_train/06841.jpg,40
13,166,1005,638,135,Hyundai Elantra Sedan 2007,06842.jpg,C:/Users/seanf/Desktop/archive/cars_train/cars_train/06842.jpg,12
23,52,270,188,136,Hyundai Accent Sedan 2012,06843.jpg,C:/Users/seanf/Desktop/archive/cars_train/cars_train/06843.jpg,90
34,49,872,430,178,Scion xD Hatchback 2012,06844.jpg,C:/Users/seanf/Desktop/archive/cars_train/cars_train/06844.jpg,93
90,40,628,365,14,Audi TTS Coupe 2012,06845.jpg,C:/Users/seanf/Desktop/archive/cars_train/cars_train/06845.jpg,0
80,82,831,572,138,Hyundai Sonata Sedan 2012,06846.jpg,C:/Users/seanf/Desktop/archive/cars_train/cars_train/06846.jpg,71
45,157,596,395,87,Dodge Ram Pickup 3500 Quad Cab 2009,06847.jpg,C:/Users/seanf/Desktop/archive/cars_train/cars_train/06847.jpg,155
2,24,255,138,74,Chevrolet Silverado 1500 Extended Cab 2012,06848.jpg,C:/Users/seanf/Desktop/archive/cars_train/cars_train/06848.jpg,78
14,41,463,322,48,Buick Rainier SUV 2007,06849.jpg,C:/Users/seanf/Desktop/archive/cars_train/cars_train/06849.jpg,121
101,314,894,612,5,Acura TSX Sedan 2012,06850.jpg,C:/Users/seanf/Desktop/archive/cars_train/cars_train/06850.jpg,58
91,258,1079,825,145,Jeep Patriot SUV 2012,06851.jpg,C:/Users/seanf/Desktop/archive/cars_train/cars_train/06851.jpg,68
20,122,465,307,24,Audi S4 Sedan 2007,06852.jpg,C:/Users/seanf/Desktop/archive/cars_train/cars_train/06852.jpg,105
61,39,206,160,121,GMC Acadia SUV 2012,06853.jpg,C:/Users/seanf/Desktop/archive/cars_train/cars_train/06853.jpg,82
31,60,253,145,158,Maybach Landaulet Convertible 2012,06854.jpg,C:/Users/seanf/Desktop/archive/cars_train/cars_train/06854.jpg,158
45,89,988,612,145,Jeep Patriot SUV 2012,06855.jpg,C:/Users/seanf/Desktop/archive/cars_train/cars_train/06855.jpg,68
32,52,432,277,71,Chevrolet Express Van 2007,06856.jpg,C:/Users/seanf/Desktop/archive/cars_train/cars_train/06856.jpg,76
17,27,207,98,14,Audi TTS Coupe 2012,06857.jpg,C:/Users/seanf/Desktop/archive/cars_train/cars_train/06857.jpg,0
184,185,571,314,180,Spyker C8 Coupe 2009,06858.jpg,C:/Users/seanf/Desktop/archive/cars_train/cars_train/06858.jpg,26
40,98,595,377,12,Audi RS 4 Convertible 2008,06859.jpg,C:/Users/seanf/Desktop/archive/cars_train/cars_train/06859.jpg,125
20,46,291,170,40,Bentley Arnage Sedan 2009,06860.jpg,C:/Users/seanf/Desktop/archive/cars_train/cars_train/06860.jpg,95
43,135,756,420,162,Mercedes-Benz C-Class Sedan 2012,06861.jpg,C:/Users/seanf/Desktop/archive/cars_train/cars_train/06861.jpg,79
28,85,577,309,62,Chevrolet Tahoe Hybrid SUV 2012,06862.jpg,C:/Users/seanf/Desktop/archive/cars_train/cars_train/06862.jpg,161
69,191,722,430,50,Buick Enclave SUV 2012,06863.jpg,C:/Users/seanf/Desktop/archive/cars_train/cars_train/06863.jpg,113
128,194,519,407,75,Chevrolet Silverado 1500 Regular Cab 2012,06864.jpg,C:/Users/seanf/Desktop/archive/cars_train/cars_train/06864.jpg,159
40,48,287,191,148,Jeep Grand Cherokee SUV 2012,06865.jpg,C:/Users/seanf/Desktop/archive/cars_train/cars_train/06865.jpg,43
39,141,602,337,187,Toyota Camry Sedan 2012,06866.jpg,C:/Users/seanf/Desktop/archive/cars_train/cars_train/06866.jpg,53
13,93,880,511,185,Tesla Model S Sedan 2012,06867.jpg,C:/Users/seanf/Desktop/archive/cars_train/cars_train/06867.jpg,150
44,158,568,371,84,Dodge Caliber Wagon 2007,06868.jpg,C:/Users/seanf/Desktop/archive/cars_train/cars_train/06868.jpg,137
17,17,236,170,15,Audi R8 Coupe 2012,06869.jpg,C:/Users/seanf/Desktop/archive/cars_train/cars_train/06869.jpg,44
104,165,416,381,196,smart fortwo Convertible 2012,06870.jpg,C:/Users/seanf/Desktop/archive/cars_train/cars_train/06870.jpg,134
34,28,171,104,18,Audi 100 Wagon 1994,06871.jpg,C:/Users/seanf/Desktop/archive/cars_train/cars_train/06871.jpg,66
20,38,615,394,178,Scion xD Hatchback 2012,06872.jpg,C:/Users/seanf/Desktop/archive/cars_train/cars_train/06872.jpg,93
1,3,224,95,18,Audi 100 Wagon 1994,06873.jpg,C:/Users/seanf/Desktop/archive/cars_train/cars_train/06873.jpg,66
26,11,269,221,155,Land Rover LR2 SUV 2012,06874.jpg,C:/Users/seanf/Desktop/archive/cars_train/cars_train/06874.jpg,97
10,22,488,280,125,HUMMER H2 SUT Crew Cab 2009,06875.jpg,C:/Users/seanf/Desktop/archive/cars_train/cars_train/06875.jpg,115
8,36,455,318,71,Chevrolet Express Van 2007,06876.jpg,C:/Users/seanf/Desktop/archive/cars_train/cars_train/06876.jpg,76
27,33,608,381,139,Hyundai Elantra Touring Hatchback 2012,06877.jpg,C:/Users/seanf/Desktop/archive/cars_train/cars_train/06877.jpg,28
39,222,1021,587,114,Ford F-150 Regular Cab 2007,06878.jpg,C:/Users/seanf/Desktop/archive/cars_train/cars_train/06878.jpg,50
66,80,426,192,29,BMW 3 Series Sedan 2012,06879.jpg,C:/Users/seanf/Desktop/archive/cars_train/cars_train/06879.jpg,59
11,8,575,314,72,Chevrolet Monte Carlo Coupe 2007,06880.jpg,C:/Users/seanf/Desktop/archive/cars_train/cars_train/06880.jpg,130
28,75,618,290,84,Dodge Caliber Wagon 2007,06881.jpg,C:/Users/seanf/Desktop/archive/cars_train/cars_train/06881.jpg,137
95,105,917,592,79,Chrysler 300 SRT-8 2010,06882.jpg,C:/Users/seanf/Desktop/archive/cars_train/cars_train/06882.jpg,19
109,142,530,323,59,Chevrolet Camaro Convertible 2012,06883.jpg,C:/Users/seanf/Desktop/archive/cars_train/cars_train/06883.jpg,63
79,139,447,317,155,Land Rover LR2 SUV 2012,06884.jpg,C:/Users/seanf/Desktop/archive/cars_train/cars_train/06884.jpg,97
62,318,1455,803,30,BMW 3 Series Wagon 2012,06885.jpg,C:/Users/seanf/Desktop/archive/cars_train/cars_train/06885.jpg,101
9,1,799,501,57,Chevrolet Corvette Ron Fellows Edition Z06 2007,06886.jpg,C:/Users/seanf/Desktop/archive/cars_train/cars_train/06886.jpg,18
6,529,737,945,101,Ferrari FF Coupe 2012,06887.jpg,C:/Users/seanf/Desktop/archive/cars_train/cars_train/06887.jpg,52
103,414,1643,1086,86,Dodge Ram Pickup 3500 Crew Cab 2010,06888.jpg,C:/Users/seanf/Desktop/archive/cars_train/cars_train/06888.jpg,25
44,126,613,429,182,Suzuki Kizashi Sedan 2012,06889.jpg,C:/Users/seanf/Desktop/archive/cars_train/cars_train/06889.jpg,160
196,43,1372,1156,108,Ford Freestar Minivan 2007,06890.jpg,C:/Users/seanf/Desktop/archive/cars_train/cars_train/06890.jpg,108
31,10,718,323,29,BMW 3 Series Sedan 2012,06891.jpg,C:/Users/seanf/Desktop/archive/cars_train/cars_train/06891.jpg,59
6,17,297,179,31,BMW 6 Series Convertible 2007,06892.jpg,C:/Users/seanf/Desktop/archive/cars_train/cars_train/06892.jpg,145
29,179,623,438,115,Ford Focus Sedan 2007,06893.jpg,C:/Users/seanf/Desktop/archive/cars_train/cars_train/06893.jpg,169
24,46,607,242,27,BMW 1 Series Convertible 2012,06894.jpg,C:/Users/seanf/Desktop/archive/cars_train/cars_train/06894.jpg,192
147,737,1950,1430,154,Land Rover Range Rover SUV 2012,06895.jpg,C:/Users/seanf/Desktop/archive/cars_train/cars_train/06895.jpg,27
4,61,423,276,9,Aston Martin V8 Vantage Coupe 2012,06896.jpg,C:/Users/seanf/Desktop/archive/cars_train/cars_train/06896.jpg,165
11,22,394,178,162,Mercedes-Benz C-Class Sedan 2012,06897.jpg,C:/Users/seanf/Desktop/archive/cars_train/cars_train/06897.jpg,79
29,93,485,334,66,Chevrolet Cobalt SS 2010,06898.jpg,C:/Users/seanf/Desktop/archive/cars_train/cars_train/06898.jpg,29
135,135,865,613,148,Jeep Grand Cherokee SUV 2012,06899.jpg,C:/Users/seanf/Desktop/archive/cars_train/cars_train/06899.jpg,43
105,169,733,477,144,Jaguar XK XKR 2012,06900.jpg,C:/Users/seanf/Desktop/archive/cars_train/cars_train/06900.jpg,89
55,16,499,280,82,Daewoo Nubira Wagon 2002,06901.jpg,C:/Users/seanf/Desktop/archive/cars_train/cars_train/06901.jpg,186
283,346,1357,877,55,Chevrolet Corvette Convertible 2012,06902.jpg,C:/Users/seanf/Desktop/archive/cars_train/cars_train/06902.jpg,148
95,120,581,336,97,Dodge Charger SRT-8 2009,06903.jpg,C:/Users/seanf/Desktop/archive/cars_train/cars_train/06903.jpg,33
26,36,302,221,12,Audi RS 4 Convertible 2008,06904.jpg,C:/Users/seanf/Desktop/archive/cars_train/cars_train/06904.jpg,125
6,19,285,174,114,Ford F-150 Regular Cab 2007,06905.jpg,C:/Users/seanf/Desktop/archive/cars_train/cars_train/06905.jpg,50
37,229,563,429,10,Aston Martin Virage Convertible 2012,06906.jpg,C:/Users/seanf/Desktop/archive/cars_train/cars_train/06906.jpg,133
105,68,393,269,32,BMW X5 SUV 2007,06907.jpg,C:/Users/seanf/Desktop/archive/cars_train/cars_train/06907.jpg,172
37,32,337,240,146,Jeep Wrangler SUV 2012,06908.jpg,C:/Users/seanf/Desktop/archive/cars_train/cars_train/06908.jpg,173
45,75,591,421,147,Jeep Liberty SUV 2012,06909.jpg,C:/Users/seanf/Desktop/archive/cars_train/cars_train/06909.jpg,85
213,138,588,390,101,Ferrari FF Coupe 2012,06910.jpg,C:/Users/seanf/Desktop/archive/cars_train/cars_train/06910.jpg,52
70,45,436,271,177,Rolls-Royce Phantom Sedan 2012,06911.jpg,C:/Users/seanf/Desktop/archive/cars_train/cars_train/06911.jpg,40
25,44,626,420,115,Ford Focus Sedan 2007,06912.jpg,C:/Users/seanf/Desktop/archive/cars_train/cars_train/06912.jpg,169
39,114,603,377,91,Dodge Dakota Club Cab 2007,06913.jpg,C:/Users/seanf/Desktop/archive/cars_train/cars_train/06913.jpg,2
100,145,590,308,20,Audi S6 Sedan 2011,06914.jpg,C:/Users/seanf/Desktop/archive/cars_train/cars_train/06914.jpg,69
44,42,581,280,42,Bentley Continental GT Coupe 2012,06915.jpg,C:/Users/seanf/Desktop/archive/cars_train/cars_train/06915.jpg,42
54,95,603,376,25,Audi TT RS Coupe 2012,06916.jpg,C:/Users/seanf/Desktop/archive/cars_train/cars_train/06916.jpg,39
12,62,310,181,60,Chevrolet HHR SS 2010,06917.jpg,C:/Users/seanf/Desktop/archive/cars_train/cars_train/06917.jpg,96
104,227,1168,706,139,Hyundai Elantra Touring Hatchback 2012,06918.jpg,C:/Users/seanf/Desktop/archive/cars_train/cars_train/06918.jpg,28
26,102,633,389,30,BMW 3 Series Wagon 2012,06919.jpg,C:/Users/seanf/Desktop/archive/cars_train/cars_train/06919.jpg,101
7,164,636,342,156,Lincoln Town Car Sedan 2011,06920.jpg,C:/Users/seanf/Desktop/archive/cars_train/cars_train/06920.jpg,153
12,58,248,150,9,Aston Martin V8 Vantage Coupe 2012,06921.jpg,C:/Users/seanf/Desktop/archive/cars_train/cars_train/06921.jpg,165
57,29,690,409,133,Hyundai Veracruz SUV 2012,06922.jpg,C:/Users/seanf/Desktop/archive/cars_train/cars_train/06922.jpg,30
16,72,452,216,55,Chevrolet Corvette Convertible 2012,06923.jpg,C:/Users/seanf/Desktop/archive/cars_train/cars_train/06923.jpg,148
44,34,225,159,48,Buick Rainier SUV 2007,06924.jpg,C:/Users/seanf/Desktop/archive/cars_train/cars_train/06924.jpg,121
25,34,588,254,60,Chevrolet HHR SS 2010,06925.jpg,C:/Users/seanf/Desktop/archive/cars_train/cars_train/06925.jpg,96
120,80,673,445,150,Lamborghini Reventon Coupe 2008,06926.jpg,C:/Users/seanf/Desktop/archive/cars_train/cars_train/06926.jpg,188
44,178,564,402,178,Scion xD Hatchback 2012,06927.jpg,C:/Users/seanf/Desktop/archive/cars_train/cars_train/06927.jpg,93
29,23,463,333,138,Hyundai Sonata Sedan 2012,06928.jpg,C:/Users/seanf/Desktop/archive/cars_train/cars_train/06928.jpg,71
7,31,294,214,110,Ford Edge SUV 2012,06929.jpg,C:/Users/seanf/Desktop/archive/cars_train/cars_train/06929.jpg,64
63,80,557,421,142,Infiniti QX56 SUV 2011,06930.jpg,C:/Users/seanf/Desktop/archive/cars_train/cars_train/06930.jpg,35
46,120,675,343,87,Dodge Ram Pickup 3500 Quad Cab 2009,06931.jpg,C:/Users/seanf/Desktop/archive/cars_train/cars_train/06931.jpg,155
20,55,285,177,127,Honda Odyssey Minivan 2007,06932.jpg,C:/Users/seanf/Desktop/archive/cars_train/cars_train/06932.jpg,157
47,39,751,337,145,Jeep Patriot SUV 2012,06933.jpg,C:/Users/seanf/Desktop/archive/cars_train/cars_train/06933.jpg,68
42,79,371,273,30,BMW 3 Series Wagon 2012,06934.jpg,C:/Users/seanf/Desktop/archive/cars_train/cars_train/06934.jpg,101
21,107,484,273,193,Volvo C30 Hatchback 2012,06935.jpg,C:/Users/seanf/Desktop/archive/cars_train/cars_train/06935.jpg,14
19,61,222,139,141,Infiniti G Coupe IPL 2012,06936.jpg,C:/Users/seanf/Desktop/archive/cars_train/cars_train/06936.jpg,136
14,180,1017,708,91,Dodge Dakota Club Cab 2007,06937.jpg,C:/Users/seanf/Desktop/archive/cars_train/cars_train/06937.jpg,2
23,108,613,355,79,Chrysler 300 SRT-8 2010,06938.jpg,C:/Users/seanf/Desktop/archive/cars_train/cars_train/06938.jpg,19
54,74,588,394,125,HUMMER H2 SUT Crew Cab 2009,06939.jpg,C:/Users/seanf/Desktop/archive/cars_train/cars_train/06939.jpg,115
31,74,689,411,76,Chrysler Aspen SUV 2009,06940.jpg,C:/Users/seanf/Desktop/archive/cars_train/cars_train/06940.jpg,99
7,406,1492,1024,55,Chevrolet Corvette Convertible 2012,06941.jpg,C:/Users/seanf/Desktop/archive/cars_train/cars_train/06941.jpg,148
216,214,816,447,134,Hyundai Sonata Hybrid Sedan 2012,06942.jpg,C:/Users/seanf/Desktop/archive/cars_train/cars_train/06942.jpg,3
1,37,260,161,123,Geo Metro Convertible 1993,06943.jpg,C:/Users/seanf/Desktop/archive/cars_train/cars_train/06943.jpg,5
22,82,988,533,79,Chrysler 300 SRT-8 2010,06944.jpg,C:/Users/seanf/Desktop/archive/cars_train/cars_train/06944.jpg,19
102,191,973,559,30,BMW 3 Series Wagon 2012,06945.jpg,C:/Users/seanf/Desktop/archive/cars_train/cars_train/06945.jpg,101
17,48,234,154,70,Chevrolet Silverado 1500 Classic Extended Cab 2007,06946.jpg,C:/Users/seanf/Desktop/archive/cars_train/cars_train/06946.jpg,171
14,61,938,406,17,Audi 100 Sedan 1994,06947.jpg,C:/Users/seanf/Desktop/archive/cars_train/cars_train/06947.jpg,55
78,13,556,419,94,Dodge Durango SUV 2012,06948.jpg,C:/Users/seanf/Desktop/archive/cars_train/cars_train/06948.jpg,61
192,135,647,437,26,BMW ActiveHybrid 5 Sedan 2012,06949.jpg,C:/Users/seanf/Desktop/archive/cars_train/cars_train/06949.jpg,140
59,291,963,640,167,Mitsubishi Lancer Sedan 2012,06950.jpg,C:/Users/seanf/Desktop/archive/cars_train/cars_train/06950.jpg,8
183,113,506,367,133,Hyundai Veracruz SUV 2012,06951.jpg,C:/Users/seanf/Desktop/archive/cars_train/cars_train/06951.jpg,30
7,10,206,115,41,Bentley Mulsanne Sedan 2011,06952.jpg,C:/Users/seanf/Desktop/archive/cars_train/cars_train/06952.jpg,109
268,440,953,820,39,Bentley Continental Supersports Conv. Convertible 2012,06953.jpg,C:/Users/seanf/Desktop/archive/cars_train/cars_train/06953.jpg,170
96,33,687,264,20,Audi S6 Sedan 2011,06954.jpg,C:/Users/seanf/Desktop/archive/cars_train/cars_train/06954.jpg,69
47,91,491,286,142,Infiniti QX56 SUV 2011,06955.jpg,C:/Users/seanf/Desktop/archive/cars_train/cars_train/06955.jpg,35
42,64,267,195,23,Audi S4 Sedan 2012,06956.jpg,C:/Users/seanf/Desktop/archive/cars_train/cars_train/06956.jpg,127
44,57,506,390,137,Hyundai Genesis Sedan 2012,06957.jpg,C:/Users/seanf/Desktop/archive/cars_train/cars_train/06957.jpg,83
50,137,583,395,179,Spyker C8 Convertible 2009,06958.jpg,C:/Users/seanf/Desktop/archive/cars_train/cars_train/06958.jpg,104
13,136,626,380,80,Chrysler Crossfire Convertible 2008,06959.jpg,C:/Users/seanf/Desktop/archive/cars_train/cars_train/06959.jpg,175
45,142,591,337,194,Volvo 240 Sedan 1993,06960.jpg,C:/Users/seanf/Desktop/archive/cars_train/cars_train/06960.jpg,23
185,40,1648,1065,147,Jeep Liberty SUV 2012,06961.jpg,C:/Users/seanf/Desktop/archive/cars_train/cars_train/06961.jpg,85
4,73,480,238,92,Dodge Magnum Wagon 2008,06962.jpg,C:/Users/seanf/Desktop/archive/cars_train/cars_train/06962.jpg,180
69,99,582,368,109,Ford Expedition EL SUV 2009,06963.jpg,C:/Users/seanf/Desktop/archive/cars_train/cars_train/06963.jpg,87
7,56,286,174,108,Ford Freestar Minivan 2007,06964.jpg,C:/Users/seanf/Desktop/archive/cars_train/cars_train/06964.jpg,108
30,106,599,340,184,Suzuki SX4 Sedan 2012,06965.jpg,C:/Users/seanf/Desktop/archive/cars_train/cars_train/06965.jpg,24
66,49,959,706,85,Dodge Caravan Minivan 1997,06966.jpg,C:/Users/seanf/Desktop/archive/cars_train/cars_train/06966.jpg,13
10,102,451,360,113,Ford F-150 Regular Cab 2012,06967.jpg,C:/Users/seanf/Desktop/archive/cars_train/cars_train/06967.jpg,167
57,69,467,328,131,Hyundai Santa Fe SUV 2012,06968.jpg,C:/Users/seanf/Desktop/archive/cars_train/cars_train/06968.jpg,80
99,147,712,516,21,Audi S5 Convertible 2012,06969.jpg,C:/Users/seanf/Desktop/archive/cars_train/cars_train/06969.jpg,144
95,22,499,216,96,Dodge Charger Sedan 2012,06970.jpg,C:/Users/seanf/Desktop/archive/cars_train/cars_train/06970.jpg,7
65,83,420,305,71,Chevrolet Express Van 2007,06971.jpg,C:/Users/seanf/Desktop/archive/cars_train/cars_train/06971.jpg,76
7,103,456,280,52,Cadillac SRX SUV 2012,06972.jpg,C:/Users/seanf/Desktop/archive/cars_train/cars_train/06972.jpg,189
167,196,1274,824,138,Hyundai Sonata Sedan 2012,06973.jpg,C:/Users/seanf/Desktop/archive/cars_train/cars_train/06973.jpg,71
52,46,487,247,3,Acura TL Sedan 2012,06974.jpg,C:/Users/seanf/Desktop/archive/cars_train/cars_train/06974.jpg,1
95,87,961,702,154,Land Rover Range Rover SUV 2012,06975.jpg,C:/Users/seanf/Desktop/archive/cars_train/cars_train/06975.jpg,27
5,6,397,185,82,Daewoo Nubira Wagon 2002,06976.jpg,C:/Users/seanf/Desktop/archive/cars_train/cars_train/06976.jpg,186
83,131,536,368,149,Jeep Compass SUV 2012,06977.jpg,C:/Users/seanf/Desktop/archive/cars_train/cars_train/06977.jpg,102
41,105,973,606,87,Dodge Ram Pickup 3500 Quad Cab 2009,06978.jpg,C:/Users/seanf/Desktop/archive/cars_train/cars_train/06978.jpg,155
92,190,481,357,101,Ferrari FF Coupe 2012,06979.jpg,C:/Users/seanf/Desktop/archive/cars_train/cars_train/06979.jpg,52
91,197,949,606,167,Mitsubishi Lancer Sedan 2012,06980.jpg,C:/Users/seanf/Desktop/archive/cars_train/cars_train/06980.jpg,8
67,27,181,81,174,Ram C/V Cargo Van Minivan 2012,06981.jpg,C:/Users/seanf/Desktop/archive/cars_train/cars_train/06981.jpg,103
88,122,1200,772,142,Infiniti QX56 SUV 2011,06982.jpg,C:/Users/seanf/Desktop/archive/cars_train/cars_train/06982.jpg,35
82,270,1113,740,173,Porsche Panamera Sedan 2012,06983.jpg,C:/Users/seanf/Desktop/archive/cars_train/cars_train/06983.jpg,41
33,97,413,245,15,Audi R8 Coupe 2012,06984.jpg,C:/Users/seanf/Desktop/archive/cars_train/cars_train/06984.jpg,44
54,515,1220,884,80,Chrysler Crossfire Convertible 2008,06985.jpg,C:/Users/seanf/Desktop/archive/cars_train/cars_train/06985.jpg,175
74,71,610,399,100,FIAT 500 Convertible 2012,06986.jpg,C:/Users/seanf/Desktop/archive/cars_train/cars_train/06986.jpg,151
19,88,390,228,135,Hyundai Elantra Sedan 2007,06987.jpg,C:/Users/seanf/Desktop/archive/cars_train/cars_train/06987.jpg,12
18,41,263,132,174,Ram C/V Cargo Van Minivan 2012,06988.jpg,C:/Users/seanf/Desktop/archive/cars_train/cars_train/06988.jpg,103
11,48,1008,491,170,Nissan Juke Hatchback 2012,06989.jpg,C:/Users/seanf/Desktop/archive/cars_train/cars_train/06989.jpg,22
128,179,665,534,149,Jeep Compass SUV 2012,06990.jpg,C:/Users/seanf/Desktop/archive/cars_train/cars_train/06990.jpg,102
53,274,894,641,13,Audi A5 Coupe 2012,06991.jpg,C:/Users/seanf/Desktop/archive/cars_train/cars_train/06991.jpg,36
39,47,177,118,136,Hyundai Accent Sedan 2012,06992.jpg,C:/Users/seanf/Desktop/archive/cars_train/cars_train/06992.jpg,90
58,210,899,685,89,Dodge Journey SUV 2012,06993.jpg,C:/Users/seanf/Desktop/archive/cars_train/cars_train/06993.jpg,6
11,16,324,203,44,Bentley Continental Flying Spur Sedan 2007,06994.jpg,C:/Users/seanf/Desktop/archive/cars_train/cars_train/06994.jpg,46
187,205,545,369,103,Ferrari 458 Italia Convertible 2012,06995.jpg,C:/Users/seanf/Desktop/archive/cars_train/cars_train/06995.jpg,146
12,37,255,176,92,Dodge Magnum Wagon 2008,06996.jpg,C:/Users/seanf/Desktop/archive/cars_train/cars_train/06996.jpg,180
187,113,604,443,37,BMW X3 SUV 2012,06997.jpg,C:/Users/seanf/Desktop/archive/cars_train/cars_train/06997.jpg,75
54,26,603,455,175,Rolls-Royce Phantom Drophead Coupe Convertible 2012,06998.jpg,C:/Users/seanf/Desktop/archive/cars_train/cars_train/06998.jpg,72
3,78,450,257,80,Chrysler Crossfire Convertible 2008,06999.jpg,C:/Users/seanf/Desktop/archive/cars_train/cars_train/06999.jpg,175
22,21,252,174,177,Rolls-Royce Phantom Sedan 2012,07000.jpg,C:/Users/seanf/Desktop/archive/cars_train/cars_train/07000.jpg,40
22,38,480,274,118,GMC Terrain SUV 2012,07001.jpg,C:/Users/seanf/Desktop/archive/cars_train/cars_train/07001.jpg,179
6,28,297,157,18,Audi 100 Wagon 1994,07002.jpg,C:/Users/seanf/Desktop/archive/cars_train/cars_train/07002.jpg,66
213,18,617,280,186,Toyota Sequoia SUV 2012,07003.jpg,C:/Users/seanf/Desktop/archive/cars_train/cars_train/07003.jpg,11
41,130,475,361,155,Land Rover LR2 SUV 2012,07004.jpg,C:/Users/seanf/Desktop/archive/cars_train/cars_train/07004.jpg,97
3,108,1333,887,11,Aston Martin Virage Coupe 2012,07005.jpg,C:/Users/seanf/Desktop/archive/cars_train/cars_train/07005.jpg,128
66,49,551,397,188,Toyota Corolla Sedan 2012,07006.jpg,C:/Users/seanf/Desktop/archive/cars_train/cars_train/07006.jpg,62
110,69,647,416,130,Hyundai Veloster Hatchback 2012,07007.jpg,C:/Users/seanf/Desktop/archive/cars_train/cars_train/07007.jpg,152
75,85,1178,780,12,Audi RS 4 Convertible 2008,07008.jpg,C:/Users/seanf/Desktop/archive/cars_train/cars_train/07008.jpg,125
6,19,399,280,155,Land Rover LR2 SUV 2012,07009.jpg,C:/Users/seanf/Desktop/archive/cars_train/cars_train/07009.jpg,97
118,112,485,351,120,GMC Yukon Hybrid SUV 2012,07010.jpg,C:/Users/seanf/Desktop/archive/cars_train/cars_train/07010.jpg,21
46,107,493,270,143,Isuzu Ascender SUV 2008,07011.jpg,C:/Users/seanf/Desktop/archive/cars_train/cars_train/07011.jpg,91
36,52,553,320,96,Dodge Charger Sedan 2012,07012.jpg,C:/Users/seanf/Desktop/archive/cars_train/cars_train/07012.jpg,7
168,288,1125,704,167,Mitsubishi Lancer Sedan 2012,07013.jpg,C:/Users/seanf/Desktop/archive/cars_train/cars_train/07013.jpg,8
38,32,243,167,118,GMC Terrain SUV 2012,07014.jpg,C:/Users/seanf/Desktop/archive/cars_train/cars_train/07014.jpg,179
37,50,609,402,133,Hyundai Veracruz SUV 2012,07015.jpg,C:/Users/seanf/Desktop/archive/cars_train/cars_train/07015.jpg,30
34,61,501,361,141,Infiniti G Coupe IPL 2012,07016.jpg,C:/Users/seanf/Desktop/archive/cars_train/cars_train/07016.jpg,136
12,52,391,231,51,Cadillac CTS-V Sedan 2012,07017.jpg,C:/Users/seanf/Desktop/archive/cars_train/cars_train/07017.jpg,74
295,292,1234,892,173,Porsche Panamera Sedan 2012,07018.jpg,C:/Users/seanf/Desktop/archive/cars_train/cars_train/07018.jpg,41
17,87,615,397,69,Chevrolet Silverado 2500HD Regular Cab 2012,07019.jpg,C:/Users/seanf/Desktop/archive/cars_train/cars_train/07019.jpg,147
346,293,1027,764,89,Dodge Journey SUV 2012,07020.jpg,C:/Users/seanf/Desktop/archive/cars_train/cars_train/07020.jpg,6
21,48,579,480,95,Dodge Durango SUV 2007,07021.jpg,C:/Users/seanf/Desktop/archive/cars_train/cars_train/07021.jpg,193
11,64,891,512,28,BMW 1 Series Coupe 2012,07022.jpg,C:/Users/seanf/Desktop/archive/cars_train/cars_train/07022.jpg,88
1,35,180,156,116,Ford E-Series Wagon Van 2012,07023.jpg,C:/Users/seanf/Desktop/archive/cars_train/cars_train/07023.jpg,67
55,16,767,500,160,McLaren MP4-12C Coupe 2012,07024.jpg,C:/Users/seanf/Desktop/archive/cars_train/cars_train/07024.jpg,116
52,25,751,507,1,AM General Hummer SUV 2000,07025.jpg,C:/Users/seanf/Desktop/archive/cars_train/cars_train/07025.jpg,107
158,67,1147,759,196,smart fortwo Convertible 2012,07026.jpg,C:/Users/seanf/Desktop/archive/cars_train/cars_train/07026.jpg,134
17,42,258,145,38,BMW Z4 Convertible 2012,07027.jpg,C:/Users/seanf/Desktop/archive/cars_train/cars_train/07027.jpg,32
17,89,557,310,18,Audi 100 Wagon 1994,07028.jpg,C:/Users/seanf/Desktop/archive/cars_train/cars_train/07028.jpg,66
1,1,300,95,51,Cadillac CTS-V Sedan 2012,07029.jpg,C:/Users/seanf/Desktop/archive/cars_train/cars_train/07029.jpg,74
102,291,975,872,97,Dodge Charger SRT-8 2009,07030.jpg,C:/Users/seanf/Desktop/archive/cars_train/cars_train/07030.jpg,33
159,432,1462,896,28,BMW 1 Series Coupe 2012,07031.jpg,C:/Users/seanf/Desktop/archive/cars_train/cars_train/07031.jpg,88
45,48,457,314,110,Ford Edge SUV 2012,07032.jpg,C:/Users/seanf/Desktop/archive/cars_train/cars_train/07032.jpg,64
30,31,440,190,139,Hyundai Elantra Touring Hatchback 2012,07033.jpg,C:/Users/seanf/Desktop/archive/cars_train/cars_train/07033.jpg,28
53,31,460,330,34,BMW M3 Coupe 2012,07034.jpg,C:/Users/seanf/Desktop/archive/cars_train/cars_train/07034.jpg,184
22,89,921,629,75,Chevrolet Silverado 1500 Regular Cab 2012,07035.jpg,C:/Users/seanf/Desktop/archive/cars_train/cars_train/07035.jpg,159
7,94,397,223,72,Chevrolet Monte Carlo Coupe 2007,07036.jpg,C:/Users/seanf/Desktop/archive/cars_train/cars_train/07036.jpg,130
43,97,591,397,181,Suzuki Aerio Sedan 2007,07037.jpg,C:/Users/seanf/Desktop/archive/cars_train/cars_train/07037.jpg,163
277,171,578,369,147,Jeep Liberty SUV 2012,07038.jpg,C:/Users/seanf/Desktop/archive/cars_train/cars_train/07038.jpg,85
29,141,749,397,22,Audi S5 Coupe 2012,07039.jpg,C:/Users/seanf/Desktop/archive/cars_train/cars_train/07039.jpg,164
129,99,427,249,31,BMW 6 Series Convertible 2007,07040.jpg,C:/Users/seanf/Desktop/archive/cars_train/cars_train/07040.jpg,145
152,139,432,309,117,Ford Fiesta Sedan 2012,07041.jpg,C:/Users/seanf/Desktop/archive/cars_train/cars_train/07041.jpg,168
11,78,250,159,175,Rolls-Royce Phantom Drophead Coupe Convertible 2012,07042.jpg,C:/Users/seanf/Desktop/archive/cars_train/cars_train/07042.jpg,72
3,227,637,452,102,Ferrari California Convertible 2012,07043.jpg,C:/Users/seanf/Desktop/archive/cars_train/cars_train/07043.jpg,141
57,41,242,151,90,Dodge Dakota Crew Cab 2010,07044.jpg,C:/Users/seanf/Desktop/archive/cars_train/cars_train/07044.jpg,48
32,49,445,302,30,BMW 3 Series Wagon 2012,07045.jpg,C:/Users/seanf/Desktop/archive/cars_train/cars_train/07045.jpg,101
77,129,475,316,80,Chrysler Crossfire Convertible 2008,07046.jpg,C:/Users/seanf/Desktop/archive/cars_train/cars_train/07046.jpg,175
14,18,284,223,71,Chevrolet Express Van 2007,07047.jpg,C:/Users/seanf/Desktop/archive/cars_train/cars_train/07047.jpg,76
301,239,1239,607,11,Aston Martin Virage Coupe 2012,07048.jpg,C:/Users/seanf/Desktop/archive/cars_train/cars_train/07048.jpg,128
10,49,576,403,191,Volkswagen Golf Hatchback 1991,07049.jpg,C:/Users/seanf/Desktop/archive/cars_train/cars_train/07049.jpg,37
29,444,1253,928,4,Acura TL Type-S 2008,07050.jpg,C:/Users/seanf/Desktop/archive/cars_train/cars_train/07050.jpg,174
69,30,832,582,35,BMW M5 Sedan 2010,07051.jpg,C:/Users/seanf/Desktop/archive/cars_train/cars_train/07051.jpg,194
50,55,432,261,59,Chevrolet Camaro Convertible 2012,07052.jpg,C:/Users/seanf/Desktop/archive/cars_train/cars_train/07052.jpg,63
49,34,190,109,16,Audi V8 Sedan 1994,07053.jpg,C:/Users/seanf/Desktop/archive/cars_train/cars_train/07053.jpg,124
313,460,1399,1150,115,Ford Focus Sedan 2007,07054.jpg,C:/Users/seanf/Desktop/archive/cars_train/cars_train/07054.jpg,169
59,62,1435,916,166,Mercedes-Benz Sprinter Van 2012,07055.jpg,C:/Users/seanf/Desktop/archive/cars_train/cars_train/07055.jpg,162
34,134,883,546,35,BMW M5 Sedan 2010,07056.jpg,C:/Users/seanf/Desktop/archive/cars_train/cars_train/07056.jpg,194
66,339,1756,1429,94,Dodge Durango SUV 2012,07057.jpg,C:/Users/seanf/Desktop/archive/cars_train/cars_train/07057.jpg,61
202,181,1513,1120,48,Buick Rainier SUV 2007,07058.jpg,C:/Users/seanf/Desktop/archive/cars_train/cars_train/07058.jpg,121
3,80,638,410,19,Audi TT Hatchback 2011,07059.jpg,C:/Users/seanf/Desktop/archive/cars_train/cars_train/07059.jpg,110
207,201,533,374,105,Fisker Karma Sedan 2012,07060.jpg,C:/Users/seanf/Desktop/archive/cars_train/cars_train/07060.jpg,34
55,53,567,269,7,Acura ZDX Hatchback 2012,07061.jpg,C:/Users/seanf/Desktop/archive/cars_train/cars_train/07061.jpg,139
6,74,471,320,118,GMC Terrain SUV 2012,07062.jpg,C:/Users/seanf/Desktop/archive/cars_train/cars_train/07062.jpg,179
42,60,265,153,141,Infiniti G Coupe IPL 2012,07063.jpg,C:/Users/seanf/Desktop/archive/cars_train/cars_train/07063.jpg,136
30,24,232,164,86,Dodge Ram Pickup 3500 Crew Cab 2010,07064.jpg,C:/Users/seanf/Desktop/archive/cars_train/cars_train/07064.jpg,25
202,121,561,384,116,Ford E-Series Wagon Van 2012,07065.jpg,C:/Users/seanf/Desktop/archive/cars_train/cars_train/07065.jpg,67
27,207,597,392,194,Volvo 240 Sedan 1993,07066.jpg,C:/Users/seanf/Desktop/archive/cars_train/cars_train/07066.jpg,23
284,291,1247,732,194,Volvo 240 Sedan 1993,07067.jpg,C:/Users/seanf/Desktop/archive/cars_train/cars_train/07067.jpg,23
62,288,1215,686,57,Chevrolet Corvette Ron Fellows Edition Z06 2007,07068.jpg,C:/Users/seanf/Desktop/archive/cars_train/cars_train/07068.jpg,18
17,15,200,126,123,Geo Metro Convertible 1993,07069.jpg,C:/Users/seanf/Desktop/archive/cars_train/cars_train/07069.jpg,5
107,71,293,216,78,Chrysler Town and Country Minivan 2012,07070.jpg,C:/Users/seanf/Desktop/archive/cars_train/cars_train/07070.jpg,195
65,101,583,357,123,Geo Metro Convertible 1993,07071.jpg,C:/Users/seanf/Desktop/archive/cars_train/cars_train/07071.jpg,5
18,77,600,393,127,Honda Odyssey Minivan 2007,07072.jpg,C:/Users/seanf/Desktop/archive/cars_train/cars_train/07072.jpg,157
55,102,930,676,192,Volkswagen Beetle Hatchback 2012,07073.jpg,C:/Users/seanf/Desktop/archive/cars_train/cars_train/07073.jpg,17
33,33,605,376,78,Chrysler Town and Country Minivan 2012,07074.jpg,C:/Users/seanf/Desktop/archive/cars_train/cars_train/07074.jpg,195
15,28,466,313,54,Chevrolet Silverado 1500 Hybrid Crew Cab 2012,07075.jpg,C:/Users/seanf/Desktop/archive/cars_train/cars_train/07075.jpg,112
2,34,128,81,17,Audi 100 Sedan 1994,07076.jpg,C:/Users/seanf/Desktop/archive/cars_train/cars_train/07076.jpg,55
29,92,640,386,63,Chevrolet Sonic Sedan 2012,07077.jpg,C:/Users/seanf/Desktop/archive/cars_train/cars_train/07077.jpg,129
9,214,971,631,140,Hyundai Azera Sedan 2012,07078.jpg,C:/Users/seanf/Desktop/archive/cars_train/cars_train/07078.jpg,98
20,102,620,407,108,Ford Freestar Minivan 2007,07079.jpg,C:/Users/seanf/Desktop/archive/cars_train/cars_train/07079.jpg,108
491,252,904,437,152,Lamborghini Gallardo LP 570-4 Superleggera 2012,07080.jpg,C:/Users/seanf/Desktop/archive/cars_train/cars_train/07080.jpg,176
134,89,787,590,34,BMW M3 Coupe 2012,07081.jpg,C:/Users/seanf/Desktop/archive/cars_train/cars_train/07081.jpg,184
21,103,459,249,45,Bugatti Veyron 16.4 Convertible 2009,07082.jpg,C:/Users/seanf/Desktop/archive/cars_train/cars_train/07082.jpg,119
31,22,239,193,106,Ford F-450 Super Duty Crew Cab 2012,07083.jpg,C:/Users/seanf/Desktop/archive/cars_train/cars_train/07083.jpg,4
17,35,458,256,51,Cadillac CTS-V Sedan 2012,07084.jpg,C:/Users/seanf/Desktop/archive/cars_train/cars_train/07084.jpg,74
9,21,473,293,68,Chevrolet TrailBlazer SS 2009,07085.jpg,C:/Users/seanf/Desktop/archive/cars_train/cars_train/07085.jpg,114
6,31,247,175,51,Cadillac CTS-V Sedan 2012,07086.jpg,C:/Users/seanf/Desktop/archive/cars_train/cars_train/07086.jpg,74
54,128,564,420,86,Dodge Ram Pickup 3500 Crew Cab 2010,07087.jpg,C:/Users/seanf/Desktop/archive/cars_train/cars_train/07087.jpg,25
41,133,1007,748,147,Jeep Liberty SUV 2012,07088.jpg,C:/Users/seanf/Desktop/archive/cars_train/cars_train/07088.jpg,85
76,117,443,336,59,Chevrolet Camaro Convertible 2012,07089.jpg,C:/Users/seanf/Desktop/archive/cars_train/cars_train/07089.jpg,63
8,53,462,252,15,Audi R8 Coupe 2012,07090.jpg,C:/Users/seanf/Desktop/archive/cars_train/cars_train/07090.jpg,44
75,82,328,204,98,Eagle Talon Hatchback 1998,07091.jpg,C:/Users/seanf/Desktop/archive/cars_train/cars_train/07091.jpg,185
16,13,600,408,191,Volkswagen Golf Hatchback 1991,07092.jpg,C:/Users/seanf/Desktop/archive/cars_train/cars_train/07092.jpg,37
19,11,626,445,139,Hyundai Elantra Touring Hatchback 2012,07093.jpg,C:/Users/seanf/Desktop/archive/cars_train/cars_train/07093.jpg,28
6,22,259,165,156,Lincoln Town Car Sedan 2011,07094.jpg,C:/Users/seanf/Desktop/archive/cars_train/cars_train/07094.jpg,153
146,264,860,654,107,Ford Mustang Convertible 2007,07095.jpg,C:/Users/seanf/Desktop/archive/cars_train/cars_train/07095.jpg,132
47,60,530,344,163,Mercedes-Benz SL-Class Coupe 2009,07096.jpg,C:/Users/seanf/Desktop/archive/cars_train/cars_train/07096.jpg,111
12,30,613,438,71,Chevrolet Express Van 2007,07097.jpg,C:/Users/seanf/Desktop/archive/cars_train/cars_train/07097.jpg,76
17,67,632,416,107,Ford Mustang Convertible 2007,07098.jpg,C:/Users/seanf/Desktop/archive/cars_train/cars_train/07098.jpg,132
125,24,882,621,107,Ford Mustang Convertible 2007,07099.jpg,C:/Users/seanf/Desktop/archive/cars_train/cars_train/07099.jpg,132
33,170,587,374,157,MINI Cooper Roadster Convertible 2012,07100.jpg,C:/Users/seanf/Desktop/archive/cars_train/cars_train/07100.jpg,190
34,100,454,250,86,Dodge Ram Pickup 3500 Crew Cab 2010,07101.jpg,C:/Users/seanf/Desktop/archive/cars_train/cars_train/07101.jpg,25
22,111,559,383,185,Tesla Model S Sedan 2012,07102.jpg,C:/Users/seanf/Desktop/archive/cars_train/cars_train/07102.jpg,150
11,99,427,229,15,Audi R8 Coupe 2012,07103.jpg,C:/Users/seanf/Desktop/archive/cars_train/cars_train/07103.jpg,44
41,79,593,355,78,Chrysler Town and Country Minivan 2012,07104.jpg,C:/Users/seanf/Desktop/archive/cars_train/cars_train/07104.jpg,195
54,60,212,169,97,Dodge Charger SRT-8 2009,07105.jpg,C:/Users/seanf/Desktop/archive/cars_train/cars_train/07105.jpg,33
59,85,572,411,159,Mazda Tribute SUV 2011,07106.jpg,C:/Users/seanf/Desktop/archive/cars_train/cars_train/07106.jpg,183
91,246,1499,947,97,Dodge Charger SRT-8 2009,07107.jpg,C:/Users/seanf/Desktop/archive/cars_train/cars_train/07107.jpg,33
42,110,456,292,45,Bugatti Veyron 16.4 Convertible 2009,07108.jpg,C:/Users/seanf/Desktop/archive/cars_train/cars_train/07108.jpg,119
31,93,774,531,40,Bentley Arnage Sedan 2009,07109.jpg,C:/Users/seanf/Desktop/archive/cars_train/cars_train/07109.jpg,95
39,59,532,261,60,Chevrolet HHR SS 2010,07110.jpg,C:/Users/seanf/Desktop/archive/cars_train/cars_train/07110.jpg,96
5,88,500,257,126,Honda Odyssey Minivan 2012,07111.jpg,C:/Users/seanf/Desktop/archive/cars_train/cars_train/07111.jpg,60
50,145,599,354,50,Buick Enclave SUV 2012,07112.jpg,C:/Users/seanf/Desktop/archive/cars_train/cars_train/07112.jpg,113
59,57,625,457,168,Nissan Leaf Hatchback 2012,07113.jpg,C:/Users/seanf/Desktop/archive/cars_train/cars_train/07113.jpg,142
353,314,955,568,144,Jaguar XK XKR 2012,07114.jpg,C:/Users/seanf/Desktop/archive/cars_train/cars_train/07114.jpg,89
53,60,224,152,22,Audi S5 Coupe 2012,07115.jpg,C:/Users/seanf/Desktop/archive/cars_train/cars_train/07115.jpg,164
81,189,769,427,57,Chevrolet Corvette Ron Fellows Edition Z06 2007,07116.jpg,C:/Users/seanf/Desktop/archive/cars_train/cars_train/07116.jpg,18
15,93,417,288,117,Ford Fiesta Sedan 2012,07117.jpg,C:/Users/seanf/Desktop/archive/cars_train/cars_train/07117.jpg,168
25,54,596,295,11,Aston Martin Virage Coupe 2012,07118.jpg,C:/Users/seanf/Desktop/archive/cars_train/cars_train/07118.jpg,128
39,149,600,445,33,BMW X6 SUV 2012,07119.jpg,C:/Users/seanf/Desktop/archive/cars_train/cars_train/07119.jpg,187
31,244,1447,946,81,Chrysler PT Cruiser Convertible 2008,07120.jpg,C:/Users/seanf/Desktop/archive/cars_train/cars_train/07120.jpg,182
28,34,297,182,3,Acura TL Sedan 2012,07121.jpg,C:/Users/seanf/Desktop/archive/cars_train/cars_train/07121.jpg,1
9,220,1262,740,60,Chevrolet HHR SS 2010,07122.jpg,C:/Users/seanf/Desktop/archive/cars_train/cars_train/07122.jpg,96
95,39,322,230,78,Chrysler Town and Country Minivan 2012,07123.jpg,C:/Users/seanf/Desktop/archive/cars_train/cars_train/07123.jpg,195
7,108,496,262,158,Maybach Landaulet Convertible 2012,07124.jpg,C:/Users/seanf/Desktop/archive/cars_train/cars_train/07124.jpg,158
109,196,1483,1087,166,Mercedes-Benz Sprinter Van 2012,07125.jpg,C:/Users/seanf/Desktop/archive/cars_train/cars_train/07125.jpg,162
42,95,404,301,52,Cadillac SRX SUV 2012,07126.jpg,C:/Users/seanf/Desktop/archive/cars_train/cars_train/07126.jpg,189
36,38,466,201,159,Mazda Tribute SUV 2011,07127.jpg,C:/Users/seanf/Desktop/archive/cars_train/cars_train/07127.jpg,183
71,115,597,309,104,Ferrari 458 Italia Coupe 2012,07128.jpg,C:/Users/seanf/Desktop/archive/cars_train/cars_train/07128.jpg,31
24,83,253,176,155,Land Rover LR2 SUV 2012,07129.jpg,C:/Users/seanf/Desktop/archive/cars_train/cars_train/07129.jpg,97
19,41,375,241,16,Audi V8 Sedan 1994,07130.jpg,C:/Users/seanf/Desktop/archive/cars_train/cars_train/07130.jpg,124
38,14,225,160,33,BMW X6 SUV 2012,07131.jpg,C:/Users/seanf/Desktop/archive/cars_train/cars_train/07131.jpg,187
653,379,1373,833,46,Bugatti Veyron 16.4 Coupe 2009,07132.jpg,C:/Users/seanf/Desktop/archive/cars_train/cars_train/07132.jpg,149
39,168,590,346,173,Porsche Panamera Sedan 2012,07133.jpg,C:/Users/seanf/Desktop/archive/cars_train/cars_train/07133.jpg,41
42,111,603,367,32,BMW X5 SUV 2007,07134.jpg,C:/Users/seanf/Desktop/archive/cars_train/cars_train/07134.jpg,172
22,38,297,185,158,Maybach Landaulet Convertible 2012,07135.jpg,C:/Users/seanf/Desktop/archive/cars_train/cars_train/07135.jpg,158
18,68,579,342,184,Suzuki SX4 Sedan 2012,07136.jpg,C:/Users/seanf/Desktop/archive/cars_train/cars_train/07136.jpg,24
32,40,247,172,118,GMC Terrain SUV 2012,07137.jpg,C:/Users/seanf/Desktop/archive/cars_train/cars_train/07137.jpg,179
1,50,299,173,68,Chevrolet TrailBlazer SS 2009,07138.jpg,C:/Users/seanf/Desktop/archive/cars_train/cars_train/07138.jpg,114
1,20,625,384,64,Chevrolet Express Cargo Van 2007,07139.jpg,C:/Users/seanf/Desktop/archive/cars_train/cars_train/07139.jpg,178
257,445,1145,808,162,Mercedes-Benz C-Class Sedan 2012,07140.jpg,C:/Users/seanf/Desktop/archive/cars_train/cars_train/07140.jpg,79
4,50,800,404,160,McLaren MP4-12C Coupe 2012,07141.jpg,C:/Users/seanf/Desktop/archive/cars_train/cars_train/07141.jpg,116
32,84,569,364,19,Audi TT Hatchback 2011,07142.jpg,C:/Users/seanf/Desktop/archive/cars_train/cars_train/07142.jpg,110
12,78,741,424,114,Ford F-150 Regular Cab 2007,07143.jpg,C:/Users/seanf/Desktop/archive/cars_train/cars_train/07143.jpg,50
28,8,498,342,27,BMW 1 Series Convertible 2012,07144.jpg,C:/Users/seanf/Desktop/archive/cars_train/cars_train/07144.jpg,192
30,102,607,446,149,Jeep Compass SUV 2012,07145.jpg,C:/Users/seanf/Desktop/archive/cars_train/cars_train/07145.jpg,102
39,47,238,155,29,BMW 3 Series Sedan 2012,07146.jpg,C:/Users/seanf/Desktop/archive/cars_train/cars_train/07146.jpg,59
55,160,963,663,192,Volkswagen Beetle Hatchback 2012,07147.jpg,C:/Users/seanf/Desktop/archive/cars_train/cars_train/07147.jpg,17
8,50,475,329,111,Ford Ranger SuperCab 2011,07148.jpg,C:/Users/seanf/Desktop/archive/cars_train/cars_train/07148.jpg,56
31,21,588,423,178,Scion xD Hatchback 2012,07149.jpg,C:/Users/seanf/Desktop/archive/cars_train/cars_train/07149.jpg,93
25,77,431,300,62,Chevrolet Tahoe Hybrid SUV 2012,07150.jpg,C:/Users/seanf/Desktop/archive/cars_train/cars_train/07150.jpg,161
36,60,539,266,176,Rolls-Royce Ghost Sedan 2012,07151.jpg,C:/Users/seanf/Desktop/archive/cars_train/cars_train/07151.jpg,106
39,160,1019,671,64,Chevrolet Express Cargo Van 2007,07152.jpg,C:/Users/seanf/Desktop/archive/cars_train/cars_train/07152.jpg,178
25,117,414,251,119,GMC Savana Van 2012,07153.jpg,C:/Users/seanf/Desktop/archive/cars_train/cars_train/07153.jpg,38
167,54,1066,720,40,Bentley Arnage Sedan 2009,07154.jpg,C:/Users/seanf/Desktop/archive/cars_train/cars_train/07154.jpg,95
29,88,1457,681,28,BMW 1 Series Coupe 2012,07155.jpg,C:/Users/seanf/Desktop/archive/cars_train/cars_train/07155.jpg,88
38,30,197,163,108,Ford Freestar Minivan 2007,07156.jpg,C:/Users/seanf/Desktop/archive/cars_train/cars_train/07156.jpg,108
45,131,276,259,42,Bentley Continental GT Coupe 2012,07157.jpg,C:/Users/seanf/Desktop/archive/cars_train/cars_train/07157.jpg,42
68,52,661,349,111,Ford Ranger SuperCab 2011,07158.jpg,C:/Users/seanf/Desktop/archive/cars_train/cars_train/07158.jpg,56
168,376,1929,1098,110,Ford Edge SUV 2012,07159.jpg,C:/Users/seanf/Desktop/archive/cars_train/cars_train/07159.jpg,64
55,62,607,402,169,Nissan NV Passenger Van 2012,07160.jpg,C:/Users/seanf/Desktop/archive/cars_train/cars_train/07160.jpg,156
38,194,1175,953,66,Chevrolet Cobalt SS 2010,07161.jpg,C:/Users/seanf/Desktop/archive/cars_train/cars_train/07161.jpg,29
5,8,199,109,108,Ford Freestar Minivan 2007,07162.jpg,C:/Users/seanf/Desktop/archive/cars_train/cars_train/07162.jpg,108
134,62,910,652,104,Ferrari 458 Italia Coupe 2012,07163.jpg,C:/Users/seanf/Desktop/archive/cars_train/cars_train/07163.jpg,31
45,64,940,671,154,Land Rover Range Rover SUV 2012,07164.jpg,C:/Users/seanf/Desktop/archive/cars_train/cars_train/07164.jpg,27
14,63,419,297,60,Chevrolet HHR SS 2010,07165.jpg,C:/Users/seanf/Desktop/archive/cars_train/cars_train/07165.jpg,96
39,79,561,410,73,Chevrolet Malibu Sedan 2007,07166.jpg,C:/Users/seanf/Desktop/archive/cars_train/cars_train/07166.jpg,16
468,144,789,352,58,Chevrolet Traverse SUV 2012,07167.jpg,C:/Users/seanf/Desktop/archive/cars_train/cars_train/07167.jpg,9
166,247,1480,982,42,Bentley Continental GT Coupe 2012,07168.jpg,C:/Users/seanf/Desktop/archive/cars_train/cars_train/07168.jpg,42
49,113,463,280,7,Acura ZDX Hatchback 2012,07169.jpg,C:/Users/seanf/Desktop/archive/cars_train/cars_train/07169.jpg,139
8,37,639,474,85,Dodge Caravan Minivan 1997,07170.jpg,C:/Users/seanf/Desktop/archive/cars_train/cars_train/07170.jpg,13
282,154,592,336,6,Acura Integra Type R 2001,07171.jpg,C:/Users/seanf/Desktop/archive/cars_train/cars_train/07171.jpg,123
317,71,1242,937,182,Suzuki Kizashi Sedan 2012,07172.jpg,C:/Users/seanf/Desktop/archive/cars_train/cars_train/07172.jpg,160
55,214,714,447,29,BMW 3 Series Sedan 2012,07173.jpg,C:/Users/seanf/Desktop/archive/cars_train/cars_train/07173.jpg,59
63,66,566,299,6,Acura Integra Type R 2001,07174.jpg,C:/Users/seanf/Desktop/archive/cars_train/cars_train/07174.jpg,123
283,298,1405,979,3,Acura TL Sedan 2012,07175.jpg,C:/Users/seanf/Desktop/archive/cars_train/cars_train/07175.jpg,1
65,149,766,454,165,Mercedes-Benz S-Class Sedan 2012,07176.jpg,C:/Users/seanf/Desktop/archive/cars_train/cars_train/07176.jpg,70
90,95,1153,691,193,Volvo C30 Hatchback 2012,07177.jpg,C:/Users/seanf/Desktop/archive/cars_train/cars_train/07177.jpg,14
102,210,601,419,127,Honda Odyssey Minivan 2007,07178.jpg,C:/Users/seanf/Desktop/archive/cars_train/cars_train/07178.jpg,157
71,87,591,380,133,Hyundai Veracruz SUV 2012,07179.jpg,C:/Users/seanf/Desktop/archive/cars_train/cars_train/07179.jpg,30
78,126,965,721,167,Mitsubishi Lancer Sedan 2012,07180.jpg,C:/Users/seanf/Desktop/archive/cars_train/cars_train/07180.jpg,8
9,68,298,227,136,Hyundai Accent Sedan 2012,07181.jpg,C:/Users/seanf/Desktop/archive/cars_train/cars_train/07181.jpg,90
17,52,284,156,92,Dodge Magnum Wagon 2008,07182.jpg,C:/Users/seanf/Desktop/archive/cars_train/cars_train/07182.jpg,180
14,25,467,283,122,GMC Canyon Extended Cab 2012,07183.jpg,C:/Users/seanf/Desktop/archive/cars_train/cars_train/07183.jpg,57
3,65,233,171,189,Toyota 4Runner SUV 2012,07184.jpg,C:/Users/seanf/Desktop/archive/cars_train/cars_train/07184.jpg,120
156,143,699,386,151,Lamborghini Aventador Coupe 2012,07185.jpg,C:/Users/seanf/Desktop/archive/cars_train/cars_train/07185.jpg,154
141,243,913,498,66,Chevrolet Cobalt SS 2010,07186.jpg,C:/Users/seanf/Desktop/archive/cars_train/cars_train/07186.jpg,29
151,157,865,688,34,BMW M3 Coupe 2012,07187.jpg,C:/Users/seanf/Desktop/archive/cars_train/cars_train/07187.jpg,184
24,125,384,259,135,Hyundai Elantra Sedan 2007,07188.jpg,C:/Users/seanf/Desktop/archive/cars_train/cars_train/07188.jpg,12
30,175,376,307,133,Hyundai Veracruz SUV 2012,07189.jpg,C:/Users/seanf/Desktop/archive/cars_train/cars_train/07189.jpg,30
110,185,832,608,80,Chrysler Crossfire Convertible 2008,07190.jpg,C:/Users/seanf/Desktop/archive/cars_train/cars_train/07190.jpg,175
62,176,400,330,4,Acura TL Type-S 2008,07191.jpg,C:/Users/seanf/Desktop/archive/cars_train/cars_train/07191.jpg,174
72,125,595,360,65,Chevrolet Avalanche Crew Cab 2012,07192.jpg,C:/Users/seanf/Desktop/archive/cars_train/cars_train/07192.jpg,47
542,749,3860,2657,36,BMW M6 Convertible 2010,07193.jpg,C:/Users/seanf/Desktop/archive/cars_train/cars_train/07193.jpg,20
46,126,208,184,54,Chevrolet Silverado 1500 Hybrid Crew Cab 2012,07194.jpg,C:/Users/seanf/Desktop/archive/cars_train/cars_train/07194.jpg,112
5,2,216,74,18,Audi 100 Wagon 1994,07195.jpg,C:/Users/seanf/Desktop/archive/cars_train/cars_train/07195.jpg,66
29,203,637,450,51,Cadillac CTS-V Sedan 2012,07196.jpg,C:/Users/seanf/Desktop/archive/cars_train/cars_train/07196.jpg,74
8,51,254,140,108,Ford Freestar Minivan 2007,07197.jpg,C:/Users/seanf/Desktop/archive/cars_train/cars_train/07197.jpg,108
17,34,285,171,104,Ferrari 458 Italia Coupe 2012,07198.jpg,C:/Users/seanf/Desktop/archive/cars_train/cars_train/07198.jpg,31
63,63,366,213,152,Lamborghini Gallardo LP 570-4 Superleggera 2012,07199.jpg,C:/Users/seanf/Desktop/archive/cars_train/cars_train/07199.jpg,176
14,64,1013,733,147,Jeep Liberty SUV 2012,07200.jpg,C:/Users/seanf/Desktop/archive/cars_train/cars_train/07200.jpg,85
98,114,481,367,133,Hyundai Veracruz SUV 2012,07201.jpg,C:/Users/seanf/Desktop/archive/cars_train/cars_train/07201.jpg,30
217,280,1812,1179,196,smart fortwo Convertible 2012,07202.jpg,C:/Users/seanf/Desktop/archive/cars_train/cars_train/07202.jpg,134
5,109,468,292,153,Lamborghini Diablo Coupe 2001,07203.jpg,C:/Users/seanf/Desktop/archive/cars_train/cars_train/07203.jpg,143
100,74,870,596,180,Spyker C8 Coupe 2009,07204.jpg,C:/Users/seanf/Desktop/archive/cars_train/cars_train/07204.jpg,26
22,43,261,160,72,Chevrolet Monte Carlo Coupe 2007,07205.jpg,C:/Users/seanf/Desktop/archive/cars_train/cars_train/07205.jpg,130
6,93,281,186,12,Audi RS 4 Convertible 2008,07206.jpg,C:/Users/seanf/Desktop/archive/cars_train/cars_train/07206.jpg,125
76,15,353,216,142,Infiniti QX56 SUV 2011,07207.jpg,C:/Users/seanf/Desktop/archive/cars_train/cars_train/07207.jpg,35
86,114,567,391,133,Hyundai Veracruz SUV 2012,07208.jpg,C:/Users/seanf/Desktop/archive/cars_train/cars_train/07208.jpg,30
15,20,258,178,97,Dodge Charger SRT-8 2009,07209.jpg,C:/Users/seanf/Desktop/archive/cars_train/cars_train/07209.jpg,33
69,71,249,164,174,Ram C/V Cargo Van Minivan 2012,07210.jpg,C:/Users/seanf/Desktop/archive/cars_train/cars_train/07210.jpg,103
10,86,584,401,138,Hyundai Sonata Sedan 2012,07211.jpg,C:/Users/seanf/Desktop/archive/cars_train/cars_train/07211.jpg,71
43,87,978,683,75,Chevrolet Silverado 1500 Regular Cab 2012,07212.jpg,C:/Users/seanf/Desktop/archive/cars_train/cars_train/07212.jpg,159
68,18,713,439,18,Audi 100 Wagon 1994,07213.jpg,C:/Users/seanf/Desktop/archive/cars_train/cars_train/07213.jpg,66
2,50,617,488,4,Acura TL Type-S 2008,07214.jpg,C:/Users/seanf/Desktop/archive/cars_train/cars_train/07214.jpg,174
92,185,398,346,135,Hyundai Elantra Sedan 2007,07215.jpg,C:/Users/seanf/Desktop/archive/cars_train/cars_train/07215.jpg,12
3,30,217,141,83,Dodge Caliber Wagon 2012,07216.jpg,C:/Users/seanf/Desktop/archive/cars_train/cars_train/07216.jpg,84
59,291,1005,709,164,Mercedes-Benz E-Class Sedan 2012,07217.jpg,C:/Users/seanf/Desktop/archive/cars_train/cars_train/07217.jpg,177
75,158,956,588,149,Jeep Compass SUV 2012,07218.jpg,C:/Users/seanf/Desktop/archive/cars_train/cars_train/07218.jpg,102
27,126,628,417,101,Ferrari FF Coupe 2012,07219.jpg,C:/Users/seanf/Desktop/archive/cars_train/cars_train/07219.jpg,52
14,158,982,708,164,Mercedes-Benz E-Class Sedan 2012,07220.jpg,C:/Users/seanf/Desktop/archive/cars_train/cars_train/07220.jpg,177
634,364,1783,907,104,Ferrari 458 Italia Coupe 2012,07221.jpg,C:/Users/seanf/Desktop/archive/cars_train/cars_train/07221.jpg,31
50,78,579,372,109,Ford Expedition EL SUV 2009,07222.jpg,C:/Users/seanf/Desktop/archive/cars_train/cars_train/07222.jpg,87
55,71,883,607,149,Jeep Compass SUV 2012,07223.jpg,C:/Users/seanf/Desktop/archive/cars_train/cars_train/07223.jpg,102
58,50,289,187,109,Ford Expedition EL SUV 2009,07224.jpg,C:/Users/seanf/Desktop/archive/cars_train/cars_train/07224.jpg,87
120,105,1211,766,168,Nissan Leaf Hatchback 2012,07225.jpg,C:/Users/seanf/Desktop/archive/cars_train/cars_train/07225.jpg,142
51,61,595,357,85,Dodge Caravan Minivan 1997,07226.jpg,C:/Users/seanf/Desktop/archive/cars_train/cars_train/07226.jpg,13
95,67,663,370,145,Jeep Patriot SUV 2012,07227.jpg,C:/Users/seanf/Desktop/archive/cars_train/cars_train/07227.jpg,68
20,43,490,294,34,BMW M3 Coupe 2012,07228.jpg,C:/Users/seanf/Desktop/archive/cars_train/cars_train/07228.jpg,184
86,118,851,568,89,Dodge Journey SUV 2012,07229.jpg,C:/Users/seanf/Desktop/archive/cars_train/cars_train/07229.jpg,6
8,24,259,166,129,Honda Accord Sedan 2012,07230.jpg,C:/Users/seanf/Desktop/archive/cars_train/cars_train/07230.jpg,181
49,325,1261,1081,173,Porsche Panamera Sedan 2012,07231.jpg,C:/Users/seanf/Desktop/archive/cars_train/cars_train/07231.jpg,41
8,56,399,268,46,Bugatti Veyron 16.4 Coupe 2009,07232.jpg,C:/Users/seanf/Desktop/archive/cars_train/cars_train/07232.jpg,149
156,97,902,511,47,Buick Regal GS 2012,07233.jpg,C:/Users/seanf/Desktop/archive/cars_train/cars_train/07233.jpg,100
23,51,577,383,169,Nissan NV Passenger Van 2012,07234.jpg,C:/Users/seanf/Desktop/archive/cars_train/cars_train/07234.jpg,156
105,147,575,331,64,Chevrolet Express Cargo Van 2007,07235.jpg,C:/Users/seanf/Desktop/archive/cars_train/cars_train/07235.jpg,178
12,48,481,366,47,Buick Regal GS 2012,07236.jpg,C:/Users/seanf/Desktop/archive/cars_train/cars_train/07236.jpg,100
91,95,607,428,64,Chevrolet Express Cargo Van 2007,07237.jpg,C:/Users/seanf/Desktop/archive/cars_train/cars_train/07237.jpg,178
9,7,293,196,48,Buick Rainier SUV 2007,07238.jpg,C:/Users/seanf/Desktop/archive/cars_train/cars_train/07238.jpg,121
324,334,1115,772,112,Ford GT Coupe 2006,07239.jpg,C:/Users/seanf/Desktop/archive/cars_train/cars_train/07239.jpg,73
16,51,474,275,115,Ford Focus Sedan 2007,07240.jpg,C:/Users/seanf/Desktop/archive/cars_train/cars_train/07240.jpg,169
277,513,1160,833,12,Audi RS 4 Convertible 2008,07241.jpg,C:/Users/seanf/Desktop/archive/cars_train/cars_train/07241.jpg,125
60,240,1201,656,92,Dodge Magnum Wagon 2008,07242.jpg,C:/Users/seanf/Desktop/archive/cars_train/cars_train/07242.jpg,180
42,96,443,291,100,FIAT 500 Convertible 2012,07243.jpg,C:/Users/seanf/Desktop/archive/cars_train/cars_train/07243.jpg,151
100,58,510,294,94,Dodge Durango SUV 2012,07244.jpg,C:/Users/seanf/Desktop/archive/cars_train/cars_train/07244.jpg,61
8,28,253,178,74,Chevrolet Silverado 1500 Extended Cab 2012,07245.jpg,C:/Users/seanf/Desktop/archive/cars_train/cars_train/07245.jpg,78
108,44,562,353,169,Nissan NV Passenger Van 2012,07246.jpg,C:/Users/seanf/Desktop/archive/cars_train/cars_train/07246.jpg,156
13,129,593,480,83,Dodge Caliber Wagon 2012,07247.jpg,C:/Users/seanf/Desktop/archive/cars_train/cars_train/07247.jpg,84
67,111,596,438,94,Dodge Durango SUV 2012,07248.jpg,C:/Users/seanf/Desktop/archive/cars_train/cars_train/07248.jpg,61
47,74,581,425,89,Dodge Journey SUV 2012,07249.jpg,C:/Users/seanf/Desktop/archive/cars_train/cars_train/07249.jpg,6
41,128,915,577,133,Hyundai Veracruz SUV 2012,07250.jpg,C:/Users/seanf/Desktop/archive/cars_train/cars_train/07250.jpg,30
75,198,816,627,167,Mitsubishi Lancer Sedan 2012,07251.jpg,C:/Users/seanf/Desktop/archive/cars_train/cars_train/07251.jpg,8
16,62,470,253,31,BMW 6 Series Convertible 2007,07252.jpg,C:/Users/seanf/Desktop/archive/cars_train/cars_train/07252.jpg,145
83,85,567,429,99,FIAT 500 Abarth 2012,07253.jpg,C:/Users/seanf/Desktop/archive/cars_train/cars_train/07253.jpg,135
278,313,1356,852,66,Chevrolet Cobalt SS 2010,07254.jpg,C:/Users/seanf/Desktop/archive/cars_train/cars_train/07254.jpg,29
54,153,748,477,159,Mazda Tribute SUV 2011,07255.jpg,C:/Users/seanf/Desktop/archive/cars_train/cars_train/07255.jpg,183
13,67,219,177,69,Chevrolet Silverado 2500HD Regular Cab 2012,07256.jpg,C:/Users/seanf/Desktop/archive/cars_train/cars_train/07256.jpg,147
24,17,236,183,65,Chevrolet Avalanche Crew Cab 2012,07257.jpg,C:/Users/seanf/Desktop/archive/cars_train/cars_train/07257.jpg,47
52,122,552,365,24,Audi S4 Sedan 2007,07258.jpg,C:/Users/seanf/Desktop/archive/cars_train/cars_train/07258.jpg,105
61,224,953,582,188,Toyota Corolla Sedan 2012,07259.jpg,C:/Users/seanf/Desktop/archive/cars_train/cars_train/07259.jpg,62
35,57,239,183,90,Dodge Dakota Crew Cab 2010,07260.jpg,C:/Users/seanf/Desktop/archive/cars_train/cars_train/07260.jpg,48
20,13,416,257,62,Chevrolet Tahoe Hybrid SUV 2012,07261.jpg,C:/Users/seanf/Desktop/archive/cars_train/cars_train/07261.jpg,161
16,1,271,182,28,BMW 1 Series Coupe 2012,07262.jpg,C:/Users/seanf/Desktop/archive/cars_train/cars_train/07262.jpg,88
36,56,620,433,32,BMW X5 SUV 2007,07263.jpg,C:/Users/seanf/Desktop/archive/cars_train/cars_train/07263.jpg,172
33,63,612,434,81,Chrysler PT Cruiser Convertible 2008,07264.jpg,C:/Users/seanf/Desktop/archive/cars_train/cars_train/07264.jpg,182
128,241,1248,636,56,Chevrolet Corvette ZR1 2012,07265.jpg,C:/Users/seanf/Desktop/archive/cars_train/cars_train/07265.jpg,94
18,39,247,164,121,GMC Acadia SUV 2012,07266.jpg,C:/Users/seanf/Desktop/archive/cars_train/cars_train/07266.jpg,82
25,89,603,480,81,Chrysler PT Cruiser Convertible 2008,07267.jpg,C:/Users/seanf/Desktop/archive/cars_train/cars_train/07267.jpg,182
12,95,612,324,135,Hyundai Elantra Sedan 2007,07268.jpg,C:/Users/seanf/Desktop/archive/cars_train/cars_train/07268.jpg,12
79,109,554,360,30,BMW 3 Series Wagon 2012,07269.jpg,C:/Users/seanf/Desktop/archive/cars_train/cars_train/07269.jpg,101
1,2,259,190,107,Ford Mustang Convertible 2007,07270.jpg,C:/Users/seanf/Desktop/archive/cars_train/cars_train/07270.jpg,132
1,77,480,275,124,HUMMER H3T Crew Cab 2010,07271.jpg,C:/Users/seanf/Desktop/archive/cars_train/cars_train/07271.jpg,49
40,29,567,368,176,Rolls-Royce Ghost Sedan 2012,07272.jpg,C:/Users/seanf/Desktop/archive/cars_train/cars_train/07272.jpg,106
22,23,376,244,16,Audi V8 Sedan 1994,07273.jpg,C:/Users/seanf/Desktop/archive/cars_train/cars_train/07273.jpg,124
9,42,632,456,146,Jeep Wrangler SUV 2012,07274.jpg,C:/Users/seanf/Desktop/archive/cars_train/cars_train/07274.jpg,173
19,211,1525,893,191,Volkswagen Golf Hatchback 1991,07275.jpg,C:/Users/seanf/Desktop/archive/cars_train/cars_train/07275.jpg,37
21,55,444,320,59,Chevrolet Camaro Convertible 2012,07276.jpg,C:/Users/seanf/Desktop/archive/cars_train/cars_train/07276.jpg,63
70,127,379,264,39,Bentley Continental Supersports Conv. Convertible 2012,07277.jpg,C:/Users/seanf/Desktop/archive/cars_train/cars_train/07277.jpg,170
34,68,232,145,8,Aston Martin V8 Vantage Convertible 2012,07278.jpg,C:/Users/seanf/Desktop/archive/cars_train/cars_train/07278.jpg,54
1,13,113,83,1,AM General Hummer SUV 2000,07279.jpg,C:/Users/seanf/Desktop/archive/cars_train/cars_train/07279.jpg,107
31,8,616,301,187,Toyota Camry Sedan 2012,07280.jpg,C:/Users/seanf/Desktop/archive/cars_train/cars_train/07280.jpg,53
227,308,1135,633,150,Lamborghini Reventon Coupe 2008,07281.jpg,C:/Users/seanf/Desktop/archive/cars_train/cars_train/07281.jpg,188
72,68,544,272,169,Nissan NV Passenger Van 2012,07282.jpg,C:/Users/seanf/Desktop/archive/cars_train/cars_train/07282.jpg,156
108,95,621,392,82,Daewoo Nubira Wagon 2002,07283.jpg,C:/Users/seanf/Desktop/archive/cars_train/cars_train/07283.jpg,186
13,1,629,480,127,Honda Odyssey Minivan 2007,07284.jpg,C:/Users/seanf/Desktop/archive/cars_train/cars_train/07284.jpg,157
26,143,496,352,41,Bentley Mulsanne Sedan 2011,07285.jpg,C:/Users/seanf/Desktop/archive/cars_train/cars_train/07285.jpg,109
13,63,305,179,35,BMW M5 Sedan 2010,07286.jpg,C:/Users/seanf/Desktop/archive/cars_train/cars_train/07286.jpg,194
84,155,890,644,132,Hyundai Tucson SUV 2012,07287.jpg,C:/Users/seanf/Desktop/archive/cars_train/cars_train/07287.jpg,138
27,62,519,298,186,Toyota Sequoia SUV 2012,07288.jpg,C:/Users/seanf/Desktop/archive/cars_train/cars_train/07288.jpg,11
62,57,575,435,168,Nissan Leaf Hatchback 2012,07289.jpg,C:/Users/seanf/Desktop/archive/cars_train/cars_train/07289.jpg,142
15,111,271,272,1,AM General Hummer SUV 2000,07290.jpg,C:/Users/seanf/Desktop/archive/cars_train/cars_train/07290.jpg,107
31,31,1543,1018,99,FIAT 500 Abarth 2012,07291.jpg,C:/Users/seanf/Desktop/archive/cars_train/cars_train/07291.jpg,135
26,53,474,293,33,BMW X6 SUV 2012,07292.jpg,C:/Users/seanf/Desktop/archive/cars_train/cars_train/07292.jpg,187
66,160,878,654,147,Jeep Liberty SUV 2012,07293.jpg,C:/Users/seanf/Desktop/archive/cars_train/cars_train/07293.jpg,85
150,486,2007,1887,146,Jeep Wrangler SUV 2012,07294.jpg,C:/Users/seanf/Desktop/archive/cars_train/cars_train/07294.jpg,173
376,206,955,540,23,Audi S4 Sedan 2012,07295.jpg,C:/Users/seanf/Desktop/archive/cars_train/cars_train/07295.jpg,127
53,1,396,347,45,Bugatti Veyron 16.4 Convertible 2009,07296.jpg,C:/Users/seanf/Desktop/archive/cars_train/cars_train/07296.jpg,119
1,78,638,399,89,Dodge Journey SUV 2012,07297.jpg,C:/Users/seanf/Desktop/archive/cars_train/cars_train/07297.jpg,6
28,144,464,356,117,Ford Fiesta Sedan 2012,07298.jpg,C:/Users/seanf/Desktop/archive/cars_train/cars_train/07298.jpg,168
30,89,997,717,132,Hyundai Tucson SUV 2012,07299.jpg,C:/Users/seanf/Desktop/archive/cars_train/cars_train/07299.jpg,138
61,206,996,621,122,GMC Canyon Extended Cab 2012,07300.jpg,C:/Users/seanf/Desktop/archive/cars_train/cars_train/07300.jpg,57
88,172,971,718,183,Suzuki SX4 Hatchback 2012,07301.jpg,C:/Users/seanf/Desktop/archive/cars_train/cars_train/07301.jpg,118
91,301,1013,656,63,Chevrolet Sonic Sedan 2012,07302.jpg,C:/Users/seanf/Desktop/archive/cars_train/cars_train/07302.jpg,129
23,102,623,440,125,HUMMER H2 SUT Crew Cab 2009,07303.jpg,C:/Users/seanf/Desktop/archive/cars_train/cars_train/07303.jpg,115
29,1,491,381,180,Spyker C8 Coupe 2009,07304.jpg,C:/Users/seanf/Desktop/archive/cars_train/cars_train/07304.jpg,26
3,10,602,385,176,Rolls-Royce Ghost Sedan 2012,07305.jpg,C:/Users/seanf/Desktop/archive/cars_train/cars_train/07305.jpg,106
24,21,575,317,178,Scion xD Hatchback 2012,07306.jpg,C:/Users/seanf/Desktop/archive/cars_train/cars_train/07306.jpg,93
35,119,874,538,12,Audi RS 4 Convertible 2008,07307.jpg,C:/Users/seanf/Desktop/archive/cars_train/cars_train/07307.jpg,125
25,40,269,209,32,BMW X5 SUV 2007,07308.jpg,C:/Users/seanf/Desktop/archive/cars_train/cars_train/07308.jpg,172
141,144,686,365,142,Infiniti QX56 SUV 2011,07309.jpg,C:/Users/seanf/Desktop/archive/cars_train/cars_train/07309.jpg,35
26,30,271,111,80,Chrysler Crossfire Convertible 2008,07310.jpg,C:/Users/seanf/Desktop/archive/cars_train/cars_train/07310.jpg,175
10,1,292,213,32,BMW X5 SUV 2007,07311.jpg,C:/Users/seanf/Desktop/archive/cars_train/cars_train/07311.jpg,172
3,31,299,180,19,Audi TT Hatchback 2011,07312.jpg,C:/Users/seanf/Desktop/archive/cars_train/cars_train/07312.jpg,110
49,61,574,349,19,Audi TT Hatchback 2011,07313.jpg,C:/Users/seanf/Desktop/archive/cars_train/cars_train/07313.jpg,110
68,96,583,372,165,Mercedes-Benz S-Class Sedan 2012,07314.jpg,C:/Users/seanf/Desktop/archive/cars_train/cars_train/07314.jpg,70
8,5,204,117,123,Geo Metro Convertible 1993,07315.jpg,C:/Users/seanf/Desktop/archive/cars_train/cars_train/07315.jpg,5
14,41,244,146,125,HUMMER H2 SUT Crew Cab 2009,07316.jpg,C:/Users/seanf/Desktop/archive/cars_train/cars_train/07316.jpg,115
8,73,416,284,95,Dodge Durango SUV 2007,07317.jpg,C:/Users/seanf/Desktop/archive/cars_train/cars_train/07317.jpg,193
112,162,846,617,147,Jeep Liberty SUV 2012,07318.jpg,C:/Users/seanf/Desktop/archive/cars_train/cars_train/07318.jpg,85
33,87,470,296,137,Hyundai Genesis Sedan 2012,07319.jpg,C:/Users/seanf/Desktop/archive/cars_train/cars_train/07319.jpg,83
80,38,546,315,76,Chrysler Aspen SUV 2009,07320.jpg,C:/Users/seanf/Desktop/archive/cars_train/cars_train/07320.jpg,99
44,102,426,311,69,Chevrolet Silverado 2500HD Regular Cab 2012,07321.jpg,C:/Users/seanf/Desktop/archive/cars_train/cars_train/07321.jpg,147
96,146,570,354,126,Honda Odyssey Minivan 2012,07322.jpg,C:/Users/seanf/Desktop/archive/cars_train/cars_train/07322.jpg,60
21,1,277,196,134,Hyundai Sonata Hybrid Sedan 2012,07323.jpg,C:/Users/seanf/Desktop/archive/cars_train/cars_train/07323.jpg,3
129,173,926,561,140,Hyundai Azera Sedan 2012,07324.jpg,C:/Users/seanf/Desktop/archive/cars_train/cars_train/07324.jpg,98
22,154,358,319,60,Chevrolet HHR SS 2010,07325.jpg,C:/Users/seanf/Desktop/archive/cars_train/cars_train/07325.jpg,96
207,387,1446,835,78,Chrysler Town and Country Minivan 2012,07326.jpg,C:/Users/seanf/Desktop/archive/cars_train/cars_train/07326.jpg,195
36,38,617,449,117,Ford Fiesta Sedan 2012,07327.jpg,C:/Users/seanf/Desktop/archive/cars_train/cars_train/07327.jpg,168
12,151,615,362,74,Chevrolet Silverado 1500 Extended Cab 2012,07328.jpg,C:/Users/seanf/Desktop/archive/cars_train/cars_train/07328.jpg,78
10,21,289,170,134,Hyundai Sonata Hybrid Sedan 2012,07329.jpg,C:/Users/seanf/Desktop/archive/cars_train/cars_train/07329.jpg,3
143,541,3812,2094,140,Hyundai Azera Sedan 2012,07330.jpg,C:/Users/seanf/Desktop/archive/cars_train/cars_train/07330.jpg,98
55,144,583,354,95,Dodge Durango SUV 2007,07331.jpg,C:/Users/seanf/Desktop/archive/cars_train/cars_train/07331.jpg,193
34,72,919,554,94,Dodge Durango SUV 2012,07332.jpg,C:/Users/seanf/Desktop/archive/cars_train/cars_train/07332.jpg,61
47,179,593,436,171,Nissan 240SX Coupe 1998,07333.jpg,C:/Users/seanf/Desktop/archive/cars_train/cars_train/07333.jpg,92
132,282,768,581,79,Chrysler 300 SRT-8 2010,07334.jpg,C:/Users/seanf/Desktop/archive/cars_train/cars_train/07334.jpg,19
12,44,288,165,160,McLaren MP4-12C Coupe 2012,07335.jpg,C:/Users/seanf/Desktop/archive/cars_train/cars_train/07335.jpg,116
62,3,513,419,135,Hyundai Elantra Sedan 2007,07336.jpg,C:/Users/seanf/Desktop/archive/cars_train/cars_train/07336.jpg,12
32,17,349,143,143,Isuzu Ascender SUV 2008,07337.jpg,C:/Users/seanf/Desktop/archive/cars_train/cars_train/07337.jpg,91
152,377,1087,803,47,Buick Regal GS 2012,07338.jpg,C:/Users/seanf/Desktop/archive/cars_train/cars_train/07338.jpg,100
106,187,509,406,24,Audi S4 Sedan 2007,07339.jpg,C:/Users/seanf/Desktop/archive/cars_train/cars_train/07339.jpg,105
80,164,678,389,11,Aston Martin Virage Coupe 2012,07340.jpg,C:/Users/seanf/Desktop/archive/cars_train/cars_train/07340.jpg,128
56,6,595,469,50,Buick Enclave SUV 2012,07341.jpg,C:/Users/seanf/Desktop/archive/cars_train/cars_train/07341.jpg,113
36,24,226,172,88,Dodge Sprinter Cargo Van 2009,07342.jpg,C:/Users/seanf/Desktop/archive/cars_train/cars_train/07342.jpg,81
13,30,135,100,174,Ram C/V Cargo Van Minivan 2012,07343.jpg,C:/Users/seanf/Desktop/archive/cars_train/cars_train/07343.jpg,103
31,117,566,455,95,Dodge Durango SUV 2007,07344.jpg,C:/Users/seanf/Desktop/archive/cars_train/cars_train/07344.jpg,193
22,79,558,356,190,Volkswagen Golf Hatchback 2012,07345.jpg,C:/Users/seanf/Desktop/archive/cars_train/cars_train/07345.jpg,51
13,115,787,440,3,Acura TL Sedan 2012,07346.jpg,C:/Users/seanf/Desktop/archive/cars_train/cars_train/07346.jpg,1
6,12,86,49,123,Geo Metro Convertible 1993,07347.jpg,C:/Users/seanf/Desktop/archive/cars_train/cars_train/07347.jpg,5
187,270,1103,735,140,Hyundai Azera Sedan 2012,07348.jpg,C:/Users/seanf/Desktop/archive/cars_train/cars_train/07348.jpg,98
62,43,465,296,62,Chevrolet Tahoe Hybrid SUV 2012,07349.jpg,C:/Users/seanf/Desktop/archive/cars_train/cars_train/07349.jpg,161
24,48,646,337,128,Honda Accord Coupe 2012,07350.jpg,C:/Users/seanf/Desktop/archive/cars_train/cars_train/07350.jpg,126
49,322,925,646,7,Acura ZDX Hatchback 2012,07351.jpg,C:/Users/seanf/Desktop/archive/cars_train/cars_train/07351.jpg,139
80,116,1200,775,142,Infiniti QX56 SUV 2011,07352.jpg,C:/Users/seanf/Desktop/archive/cars_train/cars_train/07352.jpg,35
45,34,706,392,43,Bentley Continental GT Coupe 2007,07353.jpg,C:/Users/seanf/Desktop/archive/cars_train/cars_train/07353.jpg,65
34,36,622,305,36,BMW M6 Convertible 2010,07354.jpg,C:/Users/seanf/Desktop/archive/cars_train/cars_train/07354.jpg,20
11,44,463,319,85,Dodge Caravan Minivan 1997,07355.jpg,C:/Users/seanf/Desktop/archive/cars_train/cars_train/07355.jpg,13
34,89,568,350,174,Ram C/V Cargo Van Minivan 2012,07356.jpg,C:/Users/seanf/Desktop/archive/cars_train/cars_train/07356.jpg,103
274,312,668,479,138,Hyundai Sonata Sedan 2012,07357.jpg,C:/Users/seanf/Desktop/archive/cars_train/cars_train/07357.jpg,71
26,127,617,356,187,Toyota Camry Sedan 2012,07358.jpg,C:/Users/seanf/Desktop/archive/cars_train/cars_train/07358.jpg,53
10,67,599,303,163,Mercedes-Benz SL-Class Coupe 2009,07359.jpg,C:/Users/seanf/Desktop/archive/cars_train/cars_train/07359.jpg,111
296,398,1588,995,192,Volkswagen Beetle Hatchback 2012,07360.jpg,C:/Users/seanf/Desktop/archive/cars_train/cars_train/07360.jpg,17
15,131,692,380,74,Chevrolet Silverado 1500 Extended Cab 2012,07361.jpg,C:/Users/seanf/Desktop/archive/cars_train/cars_train/07361.jpg,78
342,148,1405,951,151,Lamborghini Aventador Coupe 2012,07362.jpg,C:/Users/seanf/Desktop/archive/cars_train/cars_train/07362.jpg,154
31,31,561,324,33,BMW X6 SUV 2012,07363.jpg,C:/Users/seanf/Desktop/archive/cars_train/cars_train/07363.jpg,187
71,145,629,460,4,Acura TL Type-S 2008,07364.jpg,C:/Users/seanf/Desktop/archive/cars_train/cars_train/07364.jpg,174
140,102,537,361,157,MINI Cooper Roadster Convertible 2012,07365.jpg,C:/Users/seanf/Desktop/archive/cars_train/cars_train/07365.jpg,190
11,27,289,141,35,BMW M5 Sedan 2010,07366.jpg,C:/Users/seanf/Desktop/archive/cars_train/cars_train/07366.jpg,194
2,22,243,91,151,Lamborghini Aventador Coupe 2012,07367.jpg,C:/Users/seanf/Desktop/archive/cars_train/cars_train/07367.jpg,154
29,26,1260,778,137,Hyundai Genesis Sedan 2012,07368.jpg,C:/Users/seanf/Desktop/archive/cars_train/cars_train/07368.jpg,83
61,47,500,320,195,Volvo XC90 SUV 2007,07369.jpg,C:/Users/seanf/Desktop/archive/cars_train/cars_train/07369.jpg,131
29,82,473,297,93,Dodge Challenger SRT8 2011,07370.jpg,C:/Users/seanf/Desktop/archive/cars_train/cars_train/07370.jpg,117
34,36,954,573,84,Dodge Caliber Wagon 2007,07371.jpg,C:/Users/seanf/Desktop/archive/cars_train/cars_train/07371.jpg,137
93,108,519,332,178,Scion xD Hatchback 2012,07372.jpg,C:/Users/seanf/Desktop/archive/cars_train/cars_train/07372.jpg,93
45,39,419,272,193,Volvo C30 Hatchback 2012,07373.jpg,C:/Users/seanf/Desktop/archive/cars_train/cars_train/07373.jpg,14
8,5,602,322,158,Maybach Landaulet Convertible 2012,07374.jpg,C:/Users/seanf/Desktop/archive/cars_train/cars_train/07374.jpg,158
15,47,254,192,188,Toyota Corolla Sedan 2012,07375.jpg,C:/Users/seanf/Desktop/archive/cars_train/cars_train/07375.jpg,62
63,105,564,387,180,Spyker C8 Coupe 2009,07376.jpg,C:/Users/seanf/Desktop/archive/cars_train/cars_train/07376.jpg,26
26,50,253,146,14,Audi TTS Coupe 2012,07377.jpg,C:/Users/seanf/Desktop/archive/cars_train/cars_train/07377.jpg,0
11,45,354,226,85,Dodge Caravan Minivan 1997,07378.jpg,C:/Users/seanf/Desktop/archive/cars_train/cars_train/07378.jpg,13
20,129,431,277,66,Chevrolet Cobalt SS 2010,07379.jpg,C:/Users/seanf/Desktop/archive/cars_train/cars_train/07379.jpg,29
84,20,961,731,86,Dodge Ram Pickup 3500 Crew Cab 2010,07380.jpg,C:/Users/seanf/Desktop/archive/cars_train/cars_train/07380.jpg,25
6,59,447,310,84,Dodge Caliber Wagon 2007,07381.jpg,C:/Users/seanf/Desktop/archive/cars_train/cars_train/07381.jpg,137
18,119,612,390,142,Infiniti QX56 SUV 2011,07382.jpg,C:/Users/seanf/Desktop/archive/cars_train/cars_train/07382.jpg,35
19,100,245,172,18,Audi 100 Wagon 1994,07383.jpg,C:/Users/seanf/Desktop/archive/cars_train/cars_train/07383.jpg,66
27,108,269,196,18,Audi 100 Wagon 1994,07384.jpg,C:/Users/seanf/Desktop/archive/cars_train/cars_train/07384.jpg,66
69,41,477,282,42,Bentley Continental GT Coupe 2012,07385.jpg,C:/Users/seanf/Desktop/archive/cars_train/cars_train/07385.jpg,42
178,790,3061,2333,10,Aston Martin Virage Convertible 2012,07386.jpg,C:/Users/seanf/Desktop/archive/cars_train/cars_train/07386.jpg,133
80,89,558,392,75,Chevrolet Silverado 1500 Regular Cab 2012,07387.jpg,C:/Users/seanf/Desktop/archive/cars_train/cars_train/07387.jpg,159
90,222,852,583,59,Chevrolet Camaro Convertible 2012,07388.jpg,C:/Users/seanf/Desktop/archive/cars_train/cars_train/07388.jpg,63
56,89,717,519,32,BMW X5 SUV 2007,07389.jpg,C:/Users/seanf/Desktop/archive/cars_train/cars_train/07389.jpg,172
27,44,485,304,110,Ford Edge SUV 2012,07390.jpg,C:/Users/seanf/Desktop/archive/cars_train/cars_train/07390.jpg,64
21,36,319,198,146,Jeep Wrangler SUV 2012,07391.jpg,C:/Users/seanf/Desktop/archive/cars_train/cars_train/07391.jpg,173
147,202,1066,629,3,Acura TL Sedan 2012,07392.jpg,C:/Users/seanf/Desktop/archive/cars_train/cars_train/07392.jpg,1
55,140,579,387,187,Toyota Camry Sedan 2012,07393.jpg,C:/Users/seanf/Desktop/archive/cars_train/cars_train/07393.jpg,53
17,78,249,175,109,Ford Expedition EL SUV 2009,07394.jpg,C:/Users/seanf/Desktop/archive/cars_train/cars_train/07394.jpg,87
11,13,252,149,74,Chevrolet Silverado 1500 Extended Cab 2012,07395.jpg,C:/Users/seanf/Desktop/archive/cars_train/cars_train/07395.jpg,78
4,36,264,169,44,Bentley Continental Flying Spur Sedan 2007,07396.jpg,C:/Users/seanf/Desktop/archive/cars_train/cars_train/07396.jpg,46
14,31,286,192,83,Dodge Caliber Wagon 2012,07397.jpg,C:/Users/seanf/Desktop/archive/cars_train/cars_train/07397.jpg,84
73,53,618,395,120,GMC Yukon Hybrid SUV 2012,07398.jpg,C:/Users/seanf/Desktop/archive/cars_train/cars_train/07398.jpg,21
26,55,559,375,172,Plymouth Neon Coupe 1999,07399.jpg,C:/Users/seanf/Desktop/archive/cars_train/cars_train/07399.jpg,15
130,70,1169,806,182,Suzuki Kizashi Sedan 2012,07400.jpg,C:/Users/seanf/Desktop/archive/cars_train/cars_train/07400.jpg,160
58,133,589,344,151,Lamborghini Aventador Coupe 2012,07401.jpg,C:/Users/seanf/Desktop/archive/cars_train/cars_train/07401.jpg,154
76,204,524,397,193,Volvo C30 Hatchback 2012,07402.jpg,C:/Users/seanf/Desktop/archive/cars_train/cars_train/07402.jpg,14
127,148,1444,931,182,Suzuki Kizashi Sedan 2012,07403.jpg,C:/Users/seanf/Desktop/archive/cars_train/cars_train/07403.jpg,160
214,224,1000,629,194,Volvo 240 Sedan 1993,07404.jpg,C:/Users/seanf/Desktop/archive/cars_train/cars_train/07404.jpg,23
37,379,1579,1180,56,Chevrolet Corvette ZR1 2012,07405.jpg,C:/Users/seanf/Desktop/archive/cars_train/cars_train/07405.jpg,94
15,75,640,398,70,Chevrolet Silverado 1500 Classic Extended Cab 2007,07406.jpg,C:/Users/seanf/Desktop/archive/cars_train/cars_train/07406.jpg,171
149,102,892,508,33,BMW X6 SUV 2012,07407.jpg,C:/Users/seanf/Desktop/archive/cars_train/cars_train/07407.jpg,187
88,111,321,222,15,Audi R8 Coupe 2012,07408.jpg,C:/Users/seanf/Desktop/archive/cars_train/cars_train/07408.jpg,44
82,123,573,371,168,Nissan Leaf Hatchback 2012,07409.jpg,C:/Users/seanf/Desktop/archive/cars_train/cars_train/07409.jpg,142
24,45,262,179,188,Toyota Corolla Sedan 2012,07410.jpg,C:/Users/seanf/Desktop/archive/cars_train/cars_train/07410.jpg,62
62,183,589,365,79,Chrysler 300 SRT-8 2010,07411.jpg,C:/Users/seanf/Desktop/archive/cars_train/cars_train/07411.jpg,19
21,4,495,341,99,FIAT 500 Abarth 2012,07412.jpg,C:/Users/seanf/Desktop/archive/cars_train/cars_train/07412.jpg,135
31,62,621,414,195,Volvo XC90 SUV 2007,07413.jpg,C:/Users/seanf/Desktop/archive/cars_train/cars_train/07413.jpg,131
17,27,382,181,181,Suzuki Aerio Sedan 2007,07414.jpg,C:/Users/seanf/Desktop/archive/cars_train/cars_train/07414.jpg,163
25,79,287,188,121,GMC Acadia SUV 2012,07415.jpg,C:/Users/seanf/Desktop/archive/cars_train/cars_train/07415.jpg,82
27,272,627,462,79,Chrysler 300 SRT-8 2010,07416.jpg,C:/Users/seanf/Desktop/archive/cars_train/cars_train/07416.jpg,19
7,54,493,236,33,BMW X6 SUV 2012,07417.jpg,C:/Users/seanf/Desktop/archive/cars_train/cars_train/07417.jpg,187
49,493,1537,1033,127,Honda Odyssey Minivan 2007,07418.jpg,C:/Users/seanf/Desktop/archive/cars_train/cars_train/07418.jpg,157
14,128,479,331,59,Chevrolet Camaro Convertible 2012,07419.jpg,C:/Users/seanf/Desktop/archive/cars_train/cars_train/07419.jpg,63
329,224,1351,931,132,Hyundai Tucson SUV 2012,07420.jpg,C:/Users/seanf/Desktop/archive/cars_train/cars_train/07420.jpg,138
103,262,604,445,168,Nissan Leaf Hatchback 2012,07421.jpg,C:/Users/seanf/Desktop/archive/cars_train/cars_train/07421.jpg,142
24,74,559,364,120,GMC Yukon Hybrid SUV 2012,07422.jpg,C:/Users/seanf/Desktop/archive/cars_train/cars_train/07422.jpg,21
16,142,384,292,14,Audi TTS Coupe 2012,07423.jpg,C:/Users/seanf/Desktop/archive/cars_train/cars_train/07423.jpg,0
22,25,454,304,186,Toyota Sequoia SUV 2012,07424.jpg,C:/Users/seanf/Desktop/archive/cars_train/cars_train/07424.jpg,11
20,31,492,306,57,Chevrolet Corvette Ron Fellows Edition Z06 2007,07425.jpg,C:/Users/seanf/Desktop/archive/cars_train/cars_train/07425.jpg,18
27,27,249,153,53,Cadillac Escalade EXT Crew Cab 2007,07426.jpg,C:/Users/seanf/Desktop/archive/cars_train/cars_train/07426.jpg,45
69,178,747,495,117,Ford Fiesta Sedan 2012,07427.jpg,C:/Users/seanf/Desktop/archive/cars_train/cars_train/07427.jpg,168
17,26,558,448,131,Hyundai Santa Fe SUV 2012,07428.jpg,C:/Users/seanf/Desktop/archive/cars_train/cars_train/07428.jpg,80
74,299,973,744,81,Chrysler PT Cruiser Convertible 2008,07429.jpg,C:/Users/seanf/Desktop/archive/cars_train/cars_train/07429.jpg,182
226,1,668,376,94,Dodge Durango SUV 2012,07430.jpg,C:/Users/seanf/Desktop/archive/cars_train/cars_train/07430.jpg,61
58,325,1238,688,55,Chevrolet Corvette Convertible 2012,07431.jpg,C:/Users/seanf/Desktop/archive/cars_train/cars_train/07431.jpg,148
47,145,946,585,67,Chevrolet Malibu Hybrid Sedan 2010,07432.jpg,C:/Users/seanf/Desktop/archive/cars_train/cars_train/07432.jpg,166
61,103,546,425,41,Bentley Mulsanne Sedan 2011,07433.jpg,C:/Users/seanf/Desktop/archive/cars_train/cars_train/07433.jpg,109
55,64,563,409,133,Hyundai Veracruz SUV 2012,07434.jpg,C:/Users/seanf/Desktop/archive/cars_train/cars_train/07434.jpg,30
10,33,340,135,185,Tesla Model S Sedan 2012,07435.jpg,C:/Users/seanf/Desktop/archive/cars_train/cars_train/07435.jpg,150
25,9,276,194,131,Hyundai Santa Fe SUV 2012,07436.jpg,C:/Users/seanf/Desktop/archive/cars_train/cars_train/07436.jpg,80
8,12,478,234,66,Chevrolet Cobalt SS 2010,07437.jpg,C:/Users/seanf/Desktop/archive/cars_train/cars_train/07437.jpg,29
62,236,916,675,172,Plymouth Neon Coupe 1999,07438.jpg,C:/Users/seanf/Desktop/archive/cars_train/cars_train/07438.jpg,15
45,58,460,216,12,Audi RS 4 Convertible 2008,07439.jpg,C:/Users/seanf/Desktop/archive/cars_train/cars_train/07439.jpg,125
11,64,424,254,51,Cadillac CTS-V Sedan 2012,07440.jpg,C:/Users/seanf/Desktop/archive/cars_train/cars_train/07440.jpg,74
110,142,718,449,193,Volvo C30 Hatchback 2012,07441.jpg,C:/Users/seanf/Desktop/archive/cars_train/cars_train/07441.jpg,14
30,132,1015,658,86,Dodge Ram Pickup 3500 Crew Cab 2010,07442.jpg,C:/Users/seanf/Desktop/archive/cars_train/cars_train/07442.jpg,25
60,72,523,315,129,Honda Accord Sedan 2012,07443.jpg,C:/Users/seanf/Desktop/archive/cars_train/cars_train/07443.jpg,181
25,44,444,238,171,Nissan 240SX Coupe 1998,07444.jpg,C:/Users/seanf/Desktop/archive/cars_train/cars_train/07444.jpg,92
69,8,432,325,4,Acura TL Type-S 2008,07445.jpg,C:/Users/seanf/Desktop/archive/cars_train/cars_train/07445.jpg,174
42,70,556,338,117,Ford Fiesta Sedan 2012,07446.jpg,C:/Users/seanf/Desktop/archive/cars_train/cars_train/07446.jpg,168
48,31,226,164,95,Dodge Durango SUV 2007,07447.jpg,C:/Users/seanf/Desktop/archive/cars_train/cars_train/07447.jpg,193
61,132,898,711,172,Plymouth Neon Coupe 1999,07448.jpg,C:/Users/seanf/Desktop/archive/cars_train/cars_train/07448.jpg,15
32,236,1245,551,150,Lamborghini Reventon Coupe 2008,07449.jpg,C:/Users/seanf/Desktop/archive/cars_train/cars_train/07449.jpg,188
20,45,252,153,5,Acura TSX Sedan 2012,07450.jpg,C:/Users/seanf/Desktop/archive/cars_train/cars_train/07450.jpg,58
189,224,1115,623,45,Bugatti Veyron 16.4 Convertible 2009,07451.jpg,C:/Users/seanf/Desktop/archive/cars_train/cars_train/07451.jpg,119
51,18,419,306,196,smart fortwo Convertible 2012,07452.jpg,C:/Users/seanf/Desktop/archive/cars_train/cars_train/07452.jpg,134
20,13,247,187,84,Dodge Caliber Wagon 2007,07453.jpg,C:/Users/seanf/Desktop/archive/cars_train/cars_train/07453.jpg,137
22,52,451,235,193,Volvo C30 Hatchback 2012,07454.jpg,C:/Users/seanf/Desktop/archive/cars_train/cars_train/07454.jpg,14
121,87,465,278,196,smart fortwo Convertible 2012,07455.jpg,C:/Users/seanf/Desktop/archive/cars_train/cars_train/07455.jpg,134
4,180,1258,831,172,Plymouth Neon Coupe 1999,07456.jpg,C:/Users/seanf/Desktop/archive/cars_train/cars_train/07456.jpg,15
93,60,567,390,191,Volkswagen Golf Hatchback 1991,07457.jpg,C:/Users/seanf/Desktop/archive/cars_train/cars_train/07457.jpg,37
13,33,607,423,43,Bentley Continental GT Coupe 2007,07458.jpg,C:/Users/seanf/Desktop/archive/cars_train/cars_train/07458.jpg,65
36,147,316,245,134,Hyundai Sonata Hybrid Sedan 2012,07459.jpg,C:/Users/seanf/Desktop/archive/cars_train/cars_train/07459.jpg,3
44,332,1256,795,112,Ford GT Coupe 2006,07460.jpg,C:/Users/seanf/Desktop/archive/cars_train/cars_train/07460.jpg,73
33,310,387,529,176,Rolls-Royce Ghost Sedan 2012,07461.jpg,C:/Users/seanf/Desktop/archive/cars_train/cars_train/07461.jpg,106
14,112,457,360,113,Ford F-150 Regular Cab 2012,07462.jpg,C:/Users/seanf/Desktop/archive/cars_train/cars_train/07462.jpg,167
18,69,485,260,4,Acura TL Type-S 2008,07463.jpg,C:/Users/seanf/Desktop/archive/cars_train/cars_train/07463.jpg,174
43,50,137,107,107,Ford Mustang Convertible 2007,07464.jpg,C:/Users/seanf/Desktop/archive/cars_train/cars_train/07464.jpg,132
67,44,523,393,94,Dodge Durango SUV 2012,07465.jpg,C:/Users/seanf/Desktop/archive/cars_train/cars_train/07465.jpg,61
9,55,580,366,104,Ferrari 458 Italia Coupe 2012,07466.jpg,C:/Users/seanf/Desktop/archive/cars_train/cars_train/07466.jpg,31
2,15,160,92,152,Lamborghini Gallardo LP 570-4 Superleggera 2012,07467.jpg,C:/Users/seanf/Desktop/archive/cars_train/cars_train/07467.jpg,176
9,174,678,388,16,Audi V8 Sedan 1994,07468.jpg,C:/Users/seanf/Desktop/archive/cars_train/cars_train/07468.jpg,124
3,13,76,52,57,Chevrolet Corvette Ron Fellows Edition Z06 2007,07469.jpg,C:/Users/seanf/Desktop/archive/cars_train/cars_train/07469.jpg,18
42,193,605,476,139,Hyundai Elantra Touring Hatchback 2012,07470.jpg,C:/Users/seanf/Desktop/archive/cars_train/cars_train/07470.jpg,28
2,1,400,248,9,Aston Martin V8 Vantage Coupe 2012,07471.jpg,C:/Users/seanf/Desktop/archive/cars_train/cars_train/07471.jpg,165
133,202,1005,722,65,Chevrolet Avalanche Crew Cab 2012,07472.jpg,C:/Users/seanf/Desktop/archive/cars_train/cars_train/07472.jpg,47
248,255,1291,804,151,Lamborghini Aventador Coupe 2012,07473.jpg,C:/Users/seanf/Desktop/archive/cars_train/cars_train/07473.jpg,154
26,182,579,391,85,Dodge Caravan Minivan 1997,07474.jpg,C:/Users/seanf/Desktop/archive/cars_train/cars_train/07474.jpg,13
24,32,260,202,109,Ford Expedition EL SUV 2009,07475.jpg,C:/Users/seanf/Desktop/archive/cars_train/cars_train/07475.jpg,87
9,73,342,219,160,McLaren MP4-12C Coupe 2012,07476.jpg,C:/Users/seanf/Desktop/archive/cars_train/cars_train/07476.jpg,116
4,34,251,175,189,Toyota 4Runner SUV 2012,07477.jpg,C:/Users/seanf/Desktop/archive/cars_train/cars_train/07477.jpg,120
25,110,614,369,83,Dodge Caliber Wagon 2012,07478.jpg,C:/Users/seanf/Desktop/archive/cars_train/cars_train/07478.jpg,84
48,78,593,373,56,Chevrolet Corvette ZR1 2012,07479.jpg,C:/Users/seanf/Desktop/archive/cars_train/cars_train/07479.jpg,94
14,28,290,215,37,BMW X3 SUV 2012,07480.jpg,C:/Users/seanf/Desktop/archive/cars_train/cars_train/07480.jpg,75
17,100,692,467,73,Chevrolet Malibu Sedan 2007,07481.jpg,C:/Users/seanf/Desktop/archive/cars_train/cars_train/07481.jpg,16
44,33,268,167,98,Eagle Talon Hatchback 1998,07482.jpg,C:/Users/seanf/Desktop/archive/cars_train/cars_train/07482.jpg,185
43,160,774,541,6,Acura Integra Type R 2001,07483.jpg,C:/Users/seanf/Desktop/archive/cars_train/cars_train/07483.jpg,123
19,65,263,156,56,Chevrolet Corvette ZR1 2012,07484.jpg,C:/Users/seanf/Desktop/archive/cars_train/cars_train/07484.jpg,94
80,89,555,403,89,Dodge Journey SUV 2012,07485.jpg,C:/Users/seanf/Desktop/archive/cars_train/cars_train/07485.jpg,6
259,80,723,407,140,Hyundai Azera Sedan 2012,07486.jpg,C:/Users/seanf/Desktop/archive/cars_train/cars_train/07486.jpg,98
20,48,385,283,1,AM General Hummer SUV 2000,07487.jpg,C:/Users/seanf/Desktop/archive/cars_train/cars_train/07487.jpg,107
35,179,522,378,97,Dodge Charger SRT-8 2009,07488.jpg,C:/Users/seanf/Desktop/archive/cars_train/cars_train/07488.jpg,33
108,222,554,446,172,Plymouth Neon Coupe 1999,07489.jpg,C:/Users/seanf/Desktop/archive/cars_train/cars_train/07489.jpg,15
31,20,229,133,53,Cadillac Escalade EXT Crew Cab 2007,07490.jpg,C:/Users/seanf/Desktop/archive/cars_train/cars_train/07490.jpg,45
54,4,220,165,45,Bugatti Veyron 16.4 Convertible 2009,07491.jpg,C:/Users/seanf/Desktop/archive/cars_train/cars_train/07491.jpg,119
69,160,971,666,182,Suzuki Kizashi Sedan 2012,07492.jpg,C:/Users/seanf/Desktop/archive/cars_train/cars_train/07492.jpg,160
16,64,300,209,18,Audi 100 Wagon 1994,07493.jpg,C:/Users/seanf/Desktop/archive/cars_train/cars_train/07493.jpg,66
299,285,988,542,167,Mitsubishi Lancer Sedan 2012,07494.jpg,C:/Users/seanf/Desktop/archive/cars_train/cars_train/07494.jpg,8
48,170,589,404,44,Bentley Continental Flying Spur Sedan 2007,07495.jpg,C:/Users/seanf/Desktop/archive/cars_train/cars_train/07495.jpg,46
22,57,155,120,16,Audi V8 Sedan 1994,07496.jpg,C:/Users/seanf/Desktop/archive/cars_train/cars_train/07496.jpg,124
4,25,270,165,80,Chrysler Crossfire Convertible 2008,07497.jpg,C:/Users/seanf/Desktop/archive/cars_train/cars_train/07497.jpg,175
101,63,607,451,64,Chevrolet Express Cargo Van 2007,07498.jpg,C:/Users/seanf/Desktop/archive/cars_train/cars_train/07498.jpg,178
26,80,607,361,60,Chevrolet HHR SS 2010,07499.jpg,C:/Users/seanf/Desktop/archive/cars_train/cars_train/07499.jpg,96
20,27,613,413,196,smart fortwo Convertible 2012,07500.jpg,C:/Users/seanf/Desktop/archive/cars_train/cars_train/07500.jpg,134
32,56,515,323,26,BMW ActiveHybrid 5 Sedan 2012,07501.jpg,C:/Users/seanf/Desktop/archive/cars_train/cars_train/07501.jpg,140
28,235,1022,583,79,Chrysler 300 SRT-8 2010,07502.jpg,C:/Users/seanf/Desktop/archive/cars_train/cars_train/07502.jpg,19
25,134,618,427,23,Audi S4 Sedan 2012,07503.jpg,C:/Users/seanf/Desktop/archive/cars_train/cars_train/07503.jpg,127
98,123,641,425,145,Jeep Patriot SUV 2012,07504.jpg,C:/Users/seanf/Desktop/archive/cars_train/cars_train/07504.jpg,68
33,109,604,417,163,Mercedes-Benz SL-Class Coupe 2009,07505.jpg,C:/Users/seanf/Desktop/archive/cars_train/cars_train/07505.jpg,111
18,128,607,398,177,Rolls-Royce Phantom Sedan 2012,07506.jpg,C:/Users/seanf/Desktop/archive/cars_train/cars_train/07506.jpg,40
70,364,1519,1105,165,Mercedes-Benz S-Class Sedan 2012,07507.jpg,C:/Users/seanf/Desktop/archive/cars_train/cars_train/07507.jpg,70
367,247,1603,1084,128,Honda Accord Coupe 2012,07508.jpg,C:/Users/seanf/Desktop/archive/cars_train/cars_train/07508.jpg,126
62,239,940,679,48,Buick Rainier SUV 2007,07509.jpg,C:/Users/seanf/Desktop/archive/cars_train/cars_train/07509.jpg,121
32,80,615,421,168,Nissan Leaf Hatchback 2012,07510.jpg,C:/Users/seanf/Desktop/archive/cars_train/cars_train/07510.jpg,142
14,270,1593,895,37,BMW X3 SUV 2012,07511.jpg,C:/Users/seanf/Desktop/archive/cars_train/cars_train/07511.jpg,75
55,58,500,321,137,Hyundai Genesis Sedan 2012,07512.jpg,C:/Users/seanf/Desktop/archive/cars_train/cars_train/07512.jpg,83
5,43,299,144,175,Rolls-Royce Phantom Drophead Coupe Convertible 2012,07513.jpg,C:/Users/seanf/Desktop/archive/cars_train/cars_train/07513.jpg,72
106,150,1012,633,63,Chevrolet Sonic Sedan 2012,07514.jpg,C:/Users/seanf/Desktop/archive/cars_train/cars_train/07514.jpg,129
20,64,458,304,156,Lincoln Town Car Sedan 2011,07515.jpg,C:/Users/seanf/Desktop/archive/cars_train/cars_train/07515.jpg,153
15,58,602,379,107,Ford Mustang Convertible 2007,07516.jpg,C:/Users/seanf/Desktop/archive/cars_train/cars_train/07516.jpg,132
22,83,1686,833,129,Honda Accord Sedan 2012,07517.jpg,C:/Users/seanf/Desktop/archive/cars_train/cars_train/07517.jpg,181
28,7,406,211,48,Buick Rainier SUV 2007,07518.jpg,C:/Users/seanf/Desktop/archive/cars_train/cars_train/07518.jpg,121
110,176,981,509,79,Chrysler 300 SRT-8 2010,07519.jpg,C:/Users/seanf/Desktop/archive/cars_train/cars_train/07519.jpg,19
61,211,859,620,167,Mitsubishi Lancer Sedan 2012,07520.jpg,C:/Users/seanf/Desktop/archive/cars_train/cars_train/07520.jpg,8
27,83,284,176,129,Honda Accord Sedan 2012,07521.jpg,C:/Users/seanf/Desktop/archive/cars_train/cars_train/07521.jpg,181
42,142,655,457,82,Daewoo Nubira Wagon 2002,07522.jpg,C:/Users/seanf/Desktop/archive/cars_train/cars_train/07522.jpg,186
31,175,964,611,98,Eagle Talon Hatchback 1998,07523.jpg,C:/Users/seanf/Desktop/archive/cars_train/cars_train/07523.jpg,185
35,197,838,605,27,BMW 1 Series Convertible 2012,07524.jpg,C:/Users/seanf/Desktop/archive/cars_train/cars_train/07524.jpg,192
17,112,576,314,74,Chevrolet Silverado 1500 Extended Cab 2012,07525.jpg,C:/Users/seanf/Desktop/archive/cars_train/cars_train/07525.jpg,78
41,59,409,199,62,Chevrolet Tahoe Hybrid SUV 2012,07526.jpg,C:/Users/seanf/Desktop/archive/cars_train/cars_train/07526.jpg,161
32,62,435,337,159,Mazda Tribute SUV 2011,07527.jpg,C:/Users/seanf/Desktop/archive/cars_train/cars_train/07527.jpg,183
113,69,509,315,49,Buick Verano Sedan 2012,07528.jpg,C:/Users/seanf/Desktop/archive/cars_train/cars_train/07528.jpg,10
13,68,627,425,50,Buick Enclave SUV 2012,07529.jpg,C:/Users/seanf/Desktop/archive/cars_train/cars_train/07529.jpg,113
70,69,610,391,47,Buick Regal GS 2012,07530.jpg,C:/Users/seanf/Desktop/archive/cars_train/cars_train/07530.jpg,100
33,28,865,567,150,Lamborghini Reventon Coupe 2008,07531.jpg,C:/Users/seanf/Desktop/archive/cars_train/cars_train/07531.jpg,188
21,86,702,429,147,Jeep Liberty SUV 2012,07532.jpg,C:/Users/seanf/Desktop/archive/cars_train/cars_train/07532.jpg,85
38,57,220,153,53,Cadillac Escalade EXT Crew Cab 2007,07533.jpg,C:/Users/seanf/Desktop/archive/cars_train/cars_train/07533.jpg,45
13,81,633,429,75,Chevrolet Silverado 1500 Regular Cab 2012,07534.jpg,C:/Users/seanf/Desktop/archive/cars_train/cars_train/07534.jpg,159
7,107,575,301,16,Audi V8 Sedan 1994,07535.jpg,C:/Users/seanf/Desktop/archive/cars_train/cars_train/07535.jpg,124
28,62,383,280,51,Cadillac CTS-V Sedan 2012,07536.jpg,C:/Users/seanf/Desktop/archive/cars_train/cars_train/07536.jpg,74
47,65,249,180,196,smart fortwo Convertible 2012,07537.jpg,C:/Users/seanf/Desktop/archive/cars_train/cars_train/07537.jpg,134
23,28,185,115,51,Cadillac CTS-V Sedan 2012,07538.jpg,C:/Users/seanf/Desktop/archive/cars_train/cars_train/07538.jpg,74
55,120,588,432,91,Dodge Dakota Club Cab 2007,07539.jpg,C:/Users/seanf/Desktop/archive/cars_train/cars_train/07539.jpg,2
417,497,2981,2088,191,Volkswagen Golf Hatchback 1991,07540.jpg,C:/Users/seanf/Desktop/archive/cars_train/cars_train/07540.jpg,37
49,59,954,610,72,Chevrolet Monte Carlo Coupe 2007,07541.jpg,C:/Users/seanf/Desktop/archive/cars_train/cars_train/07541.jpg,130
2,169,588,430,151,Lamborghini Aventador Coupe 2012,07542.jpg,C:/Users/seanf/Desktop/archive/cars_train/cars_train/07542.jpg,154
20,13,276,159,114,Ford F-150 Regular Cab 2007,07543.jpg,C:/Users/seanf/Desktop/archive/cars_train/cars_train/07543.jpg,50
188,377,838,613,171,Nissan 240SX Coupe 1998,07544.jpg,C:/Users/seanf/Desktop/archive/cars_train/cars_train/07544.jpg,92
87,118,627,354,56,Chevrolet Corvette ZR1 2012,07545.jpg,C:/Users/seanf/Desktop/archive/cars_train/cars_train/07545.jpg,94
66,95,529,326,141,Infiniti G Coupe IPL 2012,07546.jpg,C:/Users/seanf/Desktop/archive/cars_train/cars_train/07546.jpg,136
53,58,657,385,50,Buick Enclave SUV 2012,07547.jpg,C:/Users/seanf/Desktop/archive/cars_train/cars_train/07547.jpg,113
19,53,479,293,72,Chevrolet Monte Carlo Coupe 2007,07548.jpg,C:/Users/seanf/Desktop/archive/cars_train/cars_train/07548.jpg,130
31,8,183,147,143,Isuzu Ascender SUV 2008,07549.jpg,C:/Users/seanf/Desktop/archive/cars_train/cars_train/07549.jpg,91
13,19,298,175,181,Suzuki Aerio Sedan 2007,07550.jpg,C:/Users/seanf/Desktop/archive/cars_train/cars_train/07550.jpg,163
333,281,2021,1485,192,Volkswagen Beetle Hatchback 2012,07551.jpg,C:/Users/seanf/Desktop/archive/cars_train/cars_train/07551.jpg,17
2,33,200,136,90,Dodge Dakota Crew Cab 2010,07552.jpg,C:/Users/seanf/Desktop/archive/cars_train/cars_train/07552.jpg,48
30,59,287,177,24,Audi S4 Sedan 2007,07553.jpg,C:/Users/seanf/Desktop/archive/cars_train/cars_train/07553.jpg,105
115,168,553,405,76,Chrysler Aspen SUV 2009,07554.jpg,C:/Users/seanf/Desktop/archive/cars_train/cars_train/07554.jpg,99
20,132,1007,621,97,Dodge Charger SRT-8 2009,07555.jpg,C:/Users/seanf/Desktop/archive/cars_train/cars_train/07555.jpg,33
7,33,249,161,90,Dodge Dakota Crew Cab 2010,07556.jpg,C:/Users/seanf/Desktop/archive/cars_train/cars_train/07556.jpg,48
52,81,380,262,30,BMW 3 Series Wagon 2012,07557.jpg,C:/Users/seanf/Desktop/archive/cars_train/cars_train/07557.jpg,101
36,32,734,531,174,Ram C/V Cargo Van Minivan 2012,07558.jpg,C:/Users/seanf/Desktop/archive/cars_train/cars_train/07558.jpg,103
20,235,342,345,97,Dodge Charger SRT-8 2009,07559.jpg,C:/Users/seanf/Desktop/archive/cars_train/cars_train/07559.jpg,33
11,87,564,334,151,Lamborghini Aventador Coupe 2012,07560.jpg,C:/Users/seanf/Desktop/archive/cars_train/cars_train/07560.jpg,154
155,117,471,317,79,Chrysler 300 SRT-8 2010,07561.jpg,C:/Users/seanf/Desktop/archive/cars_train/cars_train/07561.jpg,19
60,177,589,453,24,Audi S4 Sedan 2007,07562.jpg,C:/Users/seanf/Desktop/archive/cars_train/cars_train/07562.jpg,105
22,103,298,209,67,Chevrolet Malibu Hybrid Sedan 2010,07563.jpg,C:/Users/seanf/Desktop/archive/cars_train/cars_train/07563.jpg,166
88,220,645,423,80,Chrysler Crossfire Convertible 2008,07564.jpg,C:/Users/seanf/Desktop/archive/cars_train/cars_train/07564.jpg,175
6,267,1278,776,85,Dodge Caravan Minivan 1997,07565.jpg,C:/Users/seanf/Desktop/archive/cars_train/cars_train/07565.jpg,13
5,4,214,121,17,Audi 100 Sedan 1994,07566.jpg,C:/Users/seanf/Desktop/archive/cars_train/cars_train/07566.jpg,55
62,69,481,289,156,Lincoln Town Car Sedan 2011,07567.jpg,C:/Users/seanf/Desktop/archive/cars_train/cars_train/07567.jpg,153
54,87,462,316,155,Land Rover LR2 SUV 2012,07568.jpg,C:/Users/seanf/Desktop/archive/cars_train/cars_train/07568.jpg,97
21,48,434,206,52,Cadillac SRX SUV 2012,07569.jpg,C:/Users/seanf/Desktop/archive/cars_train/cars_train/07569.jpg,189
50,50,469,207,55,Chevrolet Corvette Convertible 2012,07570.jpg,C:/Users/seanf/Desktop/archive/cars_train/cars_train/07570.jpg,148
72,227,455,360,153,Lamborghini Diablo Coupe 2001,07571.jpg,C:/Users/seanf/Desktop/archive/cars_train/cars_train/07571.jpg,143
55,601,1384,982,13,Audi A5 Coupe 2012,07572.jpg,C:/Users/seanf/Desktop/archive/cars_train/cars_train/07572.jpg,36
52,89,424,269,92,Dodge Magnum Wagon 2008,07573.jpg,C:/Users/seanf/Desktop/archive/cars_train/cars_train/07573.jpg,180
102,217,1218,739,26,BMW ActiveHybrid 5 Sedan 2012,07574.jpg,C:/Users/seanf/Desktop/archive/cars_train/cars_train/07574.jpg,140
14,54,624,278,55,Chevrolet Corvette Convertible 2012,07575.jpg,C:/Users/seanf/Desktop/archive/cars_train/cars_train/07575.jpg,148
67,74,558,404,98,Eagle Talon Hatchback 1998,07576.jpg,C:/Users/seanf/Desktop/archive/cars_train/cars_train/07576.jpg,185
33,39,258,228,29,BMW 3 Series Sedan 2012,07577.jpg,C:/Users/seanf/Desktop/archive/cars_train/cars_train/07577.jpg,59
35,79,257,214,52,Cadillac SRX SUV 2012,07578.jpg,C:/Users/seanf/Desktop/archive/cars_train/cars_train/07578.jpg,189
68,155,489,399,149,Jeep Compass SUV 2012,07579.jpg,C:/Users/seanf/Desktop/archive/cars_train/cars_train/07579.jpg,102
17,13,457,328,154,Land Rover Range Rover SUV 2012,07580.jpg,C:/Users/seanf/Desktop/archive/cars_train/cars_train/07580.jpg,27
302,432,1226,802,138,Hyundai Sonata Sedan 2012,07581.jpg,C:/Users/seanf/Desktop/archive/cars_train/cars_train/07581.jpg,71
147,161,523,427,181,Suzuki Aerio Sedan 2007,07582.jpg,C:/Users/seanf/Desktop/archive/cars_train/cars_train/07582.jpg,163
206,268,1444,711,173,Porsche Panamera Sedan 2012,07583.jpg,C:/Users/seanf/Desktop/archive/cars_train/cars_train/07583.jpg,41
37,164,626,380,65,Chevrolet Avalanche Crew Cab 2012,07584.jpg,C:/Users/seanf/Desktop/archive/cars_train/cars_train/07584.jpg,47
66,78,768,522,50,Buick Enclave SUV 2012,07585.jpg,C:/Users/seanf/Desktop/archive/cars_train/cars_train/07585.jpg,113
18,33,190,117,14,Audi TTS Coupe 2012,07586.jpg,C:/Users/seanf/Desktop/archive/cars_train/cars_train/07586.jpg,0
34,172,992,613,68,Chevrolet TrailBlazer SS 2009,07587.jpg,C:/Users/seanf/Desktop/archive/cars_train/cars_train/07587.jpg,114
37,81,484,282,148,Jeep Grand Cherokee SUV 2012,07588.jpg,C:/Users/seanf/Desktop/archive/cars_train/cars_train/07588.jpg,43
34,87,394,289,108,Ford Freestar Minivan 2007,07589.jpg,C:/Users/seanf/Desktop/archive/cars_train/cars_train/07589.jpg,108
34,224,980,700,24,Audi S4 Sedan 2007,07590.jpg,C:/Users/seanf/Desktop/archive/cars_train/cars_train/07590.jpg,105
24,145,538,339,87,Dodge Ram Pickup 3500 Quad Cab 2009,07591.jpg,C:/Users/seanf/Desktop/archive/cars_train/cars_train/07591.jpg,155
24,44,264,163,32,BMW X5 SUV 2007,07592.jpg,C:/Users/seanf/Desktop/archive/cars_train/cars_train/07592.jpg,172
141,126,646,400,143,Isuzu Ascender SUV 2008,07593.jpg,C:/Users/seanf/Desktop/archive/cars_train/cars_train/07593.jpg,91
29,34,381,273,196,smart fortwo Convertible 2012,07594.jpg,C:/Users/seanf/Desktop/archive/cars_train/cars_train/07594.jpg,134
100,101,351,214,142,Infiniti QX56 SUV 2011,07595.jpg,C:/Users/seanf/Desktop/archive/cars_train/cars_train/07595.jpg,35
55,206,1240,640,150,Lamborghini Reventon Coupe 2008,07596.jpg,C:/Users/seanf/Desktop/archive/cars_train/cars_train/07596.jpg,188
35,84,684,447,127,Honda Odyssey Minivan 2007,07597.jpg,C:/Users/seanf/Desktop/archive/cars_train/cars_train/07597.jpg,157
5,116,579,335,43,Bentley Continental GT Coupe 2007,07598.jpg,C:/Users/seanf/Desktop/archive/cars_train/cars_train/07598.jpg,65
7,66,615,359,10,Aston Martin Virage Convertible 2012,07599.jpg,C:/Users/seanf/Desktop/archive/cars_train/cars_train/07599.jpg,133
18,168,626,402,50,Buick Enclave SUV 2012,07600.jpg,C:/Users/seanf/Desktop/archive/cars_train/cars_train/07600.jpg,113
56,34,655,424,172,Plymouth Neon Coupe 1999,07601.jpg,C:/Users/seanf/Desktop/archive/cars_train/cars_train/07601.jpg,15
28,111,450,304,93,Dodge Challenger SRT8 2011,07602.jpg,C:/Users/seanf/Desktop/archive/cars_train/cars_train/07602.jpg,117
24,188,582,433,65,Chevrolet Avalanche Crew Cab 2012,07603.jpg,C:/Users/seanf/Desktop/archive/cars_train/cars_train/07603.jpg,47
23,122,602,353,83,Dodge Caliber Wagon 2012,07604.jpg,C:/Users/seanf/Desktop/archive/cars_train/cars_train/07604.jpg,84
31,44,256,172,44,Bentley Continental Flying Spur Sedan 2007,07605.jpg,C:/Users/seanf/Desktop/archive/cars_train/cars_train/07605.jpg,46
118,397,682,619,164,Mercedes-Benz E-Class Sedan 2012,07606.jpg,C:/Users/seanf/Desktop/archive/cars_train/cars_train/07606.jpg,177
6,1,251,186,174,Ram C/V Cargo Van Minivan 2012,07607.jpg,C:/Users/seanf/Desktop/archive/cars_train/cars_train/07607.jpg,103
32,47,607,366,174,Ram C/V Cargo Van Minivan 2012,07608.jpg,C:/Users/seanf/Desktop/archive/cars_train/cars_train/07608.jpg,103
17,12,275,183,195,Volvo XC90 SUV 2007,07609.jpg,C:/Users/seanf/Desktop/archive/cars_train/cars_train/07609.jpg,131
102,271,1374,783,11,Aston Martin Virage Coupe 2012,07610.jpg,C:/Users/seanf/Desktop/archive/cars_train/cars_train/07610.jpg,128
23,50,625,463,131,Hyundai Santa Fe SUV 2012,07611.jpg,C:/Users/seanf/Desktop/archive/cars_train/cars_train/07611.jpg,80
16,68,397,242,117,Ford Fiesta Sedan 2012,07612.jpg,C:/Users/seanf/Desktop/archive/cars_train/cars_train/07612.jpg,168
120,78,771,492,112,Ford GT Coupe 2006,07613.jpg,C:/Users/seanf/Desktop/archive/cars_train/cars_train/07613.jpg,73
34,293,996,679,63,Chevrolet Sonic Sedan 2012,07614.jpg,C:/Users/seanf/Desktop/archive/cars_train/cars_train/07614.jpg,129
51,110,512,342,94,Dodge Durango SUV 2012,07615.jpg,C:/Users/seanf/Desktop/archive/cars_train/cars_train/07615.jpg,61
375,380,1196,820,173,Porsche Panamera Sedan 2012,07616.jpg,C:/Users/seanf/Desktop/archive/cars_train/cars_train/07616.jpg,41
128,44,659,436,147,Jeep Liberty SUV 2012,07617.jpg,C:/Users/seanf/Desktop/archive/cars_train/cars_train/07617.jpg,85
1,67,772,573,44,Bentley Continental Flying Spur Sedan 2007,07618.jpg,C:/Users/seanf/Desktop/archive/cars_train/cars_train/07618.jpg,46
58,72,527,350,46,Bugatti Veyron 16.4 Coupe 2009,07619.jpg,C:/Users/seanf/Desktop/archive/cars_train/cars_train/07619.jpg,149
40,53,332,243,139,Hyundai Elantra Touring Hatchback 2012,07620.jpg,C:/Users/seanf/Desktop/archive/cars_train/cars_train/07620.jpg,28
225,452,1974,1339,96,Dodge Charger Sedan 2012,07621.jpg,C:/Users/seanf/Desktop/archive/cars_train/cars_train/07621.jpg,7
66,138,486,326,73,Chevrolet Malibu Sedan 2007,07622.jpg,C:/Users/seanf/Desktop/archive/cars_train/cars_train/07622.jpg,16
42,28,226,189,177,Rolls-Royce Phantom Sedan 2012,07623.jpg,C:/Users/seanf/Desktop/archive/cars_train/cars_train/07623.jpg,40
19,28,259,158,97,Dodge Charger SRT-8 2009,07624.jpg,C:/Users/seanf/Desktop/archive/cars_train/cars_train/07624.jpg,33
52,133,745,452,50,Buick Enclave SUV 2012,07625.jpg,C:/Users/seanf/Desktop/archive/cars_train/cars_train/07625.jpg,113
32,132,595,333,75,Chevrolet Silverado 1500 Regular Cab 2012,07626.jpg,C:/Users/seanf/Desktop/archive/cars_train/cars_train/07626.jpg,159
4,30,260,158,156,Lincoln Town Car Sedan 2011,07627.jpg,C:/Users/seanf/Desktop/archive/cars_train/cars_train/07627.jpg,153
118,49,759,484,182,Suzuki Kizashi Sedan 2012,07628.jpg,C:/Users/seanf/Desktop/archive/cars_train/cars_train/07628.jpg,160
32,43,600,380,149,Jeep Compass SUV 2012,07629.jpg,C:/Users/seanf/Desktop/archive/cars_train/cars_train/07629.jpg,102
17,36,707,528,179,Spyker C8 Convertible 2009,07630.jpg,C:/Users/seanf/Desktop/archive/cars_train/cars_train/07630.jpg,104
43,43,432,271,86,Dodge Ram Pickup 3500 Crew Cab 2010,07631.jpg,C:/Users/seanf/Desktop/archive/cars_train/cars_train/07631.jpg,25
8,23,233,174,143,Isuzu Ascender SUV 2008,07632.jpg,C:/Users/seanf/Desktop/archive/cars_train/cars_train/07632.jpg,91
40,177,620,460,194,Volvo 240 Sedan 1993,07633.jpg,C:/Users/seanf/Desktop/archive/cars_train/cars_train/07633.jpg,23
195,147,859,621,192,Volkswagen Beetle Hatchback 2012,07634.jpg,C:/Users/seanf/Desktop/archive/cars_train/cars_train/07634.jpg,17
108,102,307,277,46,Bugatti Veyron 16.4 Coupe 2009,07635.jpg,C:/Users/seanf/Desktop/archive/cars_train/cars_train/07635.jpg,149
16,89,624,406,176,Rolls-Royce Ghost Sedan 2012,07636.jpg,C:/Users/seanf/Desktop/archive/cars_train/cars_train/07636.jpg,106
41,43,618,444,184,Suzuki SX4 Sedan 2012,07637.jpg,C:/Users/seanf/Desktop/archive/cars_train/cars_train/07637.jpg,24
18,32,410,337,110,Ford Edge SUV 2012,07638.jpg,C:/Users/seanf/Desktop/archive/cars_train/cars_train/07638.jpg,64
14,58,309,201,31,BMW 6 Series Convertible 2007,07639.jpg,C:/Users/seanf/Desktop/archive/cars_train/cars_train/07639.jpg,145
23,13,231,112,151,Lamborghini Aventador Coupe 2012,07640.jpg,C:/Users/seanf/Desktop/archive/cars_train/cars_train/07640.jpg,154
45,89,610,426,148,Jeep Grand Cherokee SUV 2012,07641.jpg,C:/Users/seanf/Desktop/archive/cars_train/cars_train/07641.jpg,43
98,48,1001,695,180,Spyker C8 Coupe 2009,07642.jpg,C:/Users/seanf/Desktop/archive/cars_train/cars_train/07642.jpg,26
54,89,1211,644,79,Chrysler 300 SRT-8 2010,07643.jpg,C:/Users/seanf/Desktop/archive/cars_train/cars_train/07643.jpg,19
71,99,607,460,95,Dodge Durango SUV 2007,07644.jpg,C:/Users/seanf/Desktop/archive/cars_train/cars_train/07644.jpg,193
22,64,380,264,84,Dodge Caliber Wagon 2007,07645.jpg,C:/Users/seanf/Desktop/archive/cars_train/cars_train/07645.jpg,137
13,15,939,604,15,Audi R8 Coupe 2012,07646.jpg,C:/Users/seanf/Desktop/archive/cars_train/cars_train/07646.jpg,44
83,54,941,588,150,Lamborghini Reventon Coupe 2008,07647.jpg,C:/Users/seanf/Desktop/archive/cars_train/cars_train/07647.jpg,188
1,71,400,246,189,Toyota 4Runner SUV 2012,07648.jpg,C:/Users/seanf/Desktop/archive/cars_train/cars_train/07648.jpg,120
75,115,576,378,18,Audi 100 Wagon 1994,07649.jpg,C:/Users/seanf/Desktop/archive/cars_train/cars_train/07649.jpg,66
21,13,543,385,179,Spyker C8 Convertible 2009,07650.jpg,C:/Users/seanf/Desktop/archive/cars_train/cars_train/07650.jpg,104
55,111,600,420,33,BMW X6 SUV 2012,07651.jpg,C:/Users/seanf/Desktop/archive/cars_train/cars_train/07651.jpg,187
67,30,227,161,177,Rolls-Royce Phantom Sedan 2012,07652.jpg,C:/Users/seanf/Desktop/archive/cars_train/cars_train/07652.jpg,40
9,24,200,109,171,Nissan 240SX Coupe 1998,07653.jpg,C:/Users/seanf/Desktop/archive/cars_train/cars_train/07653.jpg,92
1,144,885,546,103,Ferrari 458 Italia Convertible 2012,07654.jpg,C:/Users/seanf/Desktop/archive/cars_train/cars_train/07654.jpg,146
16,18,249,159,107,Ford Mustang Convertible 2007,07655.jpg,C:/Users/seanf/Desktop/archive/cars_train/cars_train/07655.jpg,132
1,143,489,373,92,Dodge Magnum Wagon 2008,07656.jpg,C:/Users/seanf/Desktop/archive/cars_train/cars_train/07656.jpg,180
36,61,235,145,34,BMW M3 Coupe 2012,07657.jpg,C:/Users/seanf/Desktop/archive/cars_train/cars_train/07657.jpg,184
50,240,986,540,153,Lamborghini Diablo Coupe 2001,07658.jpg,C:/Users/seanf/Desktop/archive/cars_train/cars_train/07658.jpg,143
50,284,921,636,192,Volkswagen Beetle Hatchback 2012,07659.jpg,C:/Users/seanf/Desktop/archive/cars_train/cars_train/07659.jpg,17
68,122,980,690,90,Dodge Dakota Crew Cab 2010,07660.jpg,C:/Users/seanf/Desktop/archive/cars_train/cars_train/07660.jpg,48
66,114,597,407,4,Acura TL Type-S 2008,07661.jpg,C:/Users/seanf/Desktop/archive/cars_train/cars_train/07661.jpg,174
20,11,1007,717,131,Hyundai Santa Fe SUV 2012,07662.jpg,C:/Users/seanf/Desktop/archive/cars_train/cars_train/07662.jpg,80
13,35,250,153,3,Acura TL Sedan 2012,07663.jpg,C:/Users/seanf/Desktop/archive/cars_train/cars_train/07663.jpg,1
15,56,243,183,69,Chevrolet Silverado 2500HD Regular Cab 2012,07664.jpg,C:/Users/seanf/Desktop/archive/cars_train/cars_train/07664.jpg,147
68,117,618,382,51,Cadillac CTS-V Sedan 2012,07665.jpg,C:/Users/seanf/Desktop/archive/cars_train/cars_train/07665.jpg,74
89,128,515,361,6,Acura Integra Type R 2001,07666.jpg,C:/Users/seanf/Desktop/archive/cars_train/cars_train/07666.jpg,123
20,201,1007,650,146,Jeep Wrangler SUV 2012,07667.jpg,C:/Users/seanf/Desktop/archive/cars_train/cars_train/07667.jpg,173
222,33,535,347,180,Spyker C8 Coupe 2009,07668.jpg,C:/Users/seanf/Desktop/archive/cars_train/cars_train/07668.jpg,26
78,169,913,563,29,BMW 3 Series Sedan 2012,07669.jpg,C:/Users/seanf/Desktop/archive/cars_train/cars_train/07669.jpg,59
35,121,485,272,59,Chevrolet Camaro Convertible 2012,07670.jpg,C:/Users/seanf/Desktop/archive/cars_train/cars_train/07670.jpg,63
151,347,1513,1072,170,Nissan Juke Hatchback 2012,07671.jpg,C:/Users/seanf/Desktop/archive/cars_train/cars_train/07671.jpg,22
85,86,672,442,36,BMW M6 Convertible 2010,07672.jpg,C:/Users/seanf/Desktop/archive/cars_train/cars_train/07672.jpg,20
394,259,920,609,45,Bugatti Veyron 16.4 Convertible 2009,07673.jpg,C:/Users/seanf/Desktop/archive/cars_train/cars_train/07673.jpg,119
90,82,914,360,105,Fisker Karma Sedan 2012,07674.jpg,C:/Users/seanf/Desktop/archive/cars_train/cars_train/07674.jpg,34
732,282,1633,963,164,Mercedes-Benz E-Class Sedan 2012,07675.jpg,C:/Users/seanf/Desktop/archive/cars_train/cars_train/07675.jpg,177
18,99,368,237,68,Chevrolet TrailBlazer SS 2009,07676.jpg,C:/Users/seanf/Desktop/archive/cars_train/cars_train/07676.jpg,114
14,32,633,440,109,Ford Expedition EL SUV 2009,07677.jpg,C:/Users/seanf/Desktop/archive/cars_train/cars_train/07677.jpg,87
519,438,1460,1152,33,BMW X6 SUV 2012,07678.jpg,C:/Users/seanf/Desktop/archive/cars_train/cars_train/07678.jpg,187
97,150,493,310,43,Bentley Continental GT Coupe 2007,07679.jpg,C:/Users/seanf/Desktop/archive/cars_train/cars_train/07679.jpg,65
34,105,433,322,70,Chevrolet Silverado 1500 Classic Extended Cab 2007,07680.jpg,C:/Users/seanf/Desktop/archive/cars_train/cars_train/07680.jpg,171
15,31,249,152,13,Audi A5 Coupe 2012,07681.jpg,C:/Users/seanf/Desktop/archive/cars_train/cars_train/07681.jpg,36
245,245,1379,791,120,GMC Yukon Hybrid SUV 2012,07682.jpg,C:/Users/seanf/Desktop/archive/cars_train/cars_train/07682.jpg,21
99,131,566,439,195,Volvo XC90 SUV 2007,07683.jpg,C:/Users/seanf/Desktop/archive/cars_train/cars_train/07683.jpg,131
14,18,148,107,1,AM General Hummer SUV 2000,07684.jpg,C:/Users/seanf/Desktop/archive/cars_train/cars_train/07684.jpg,107
162,466,1950,1202,120,GMC Yukon Hybrid SUV 2012,07685.jpg,C:/Users/seanf/Desktop/archive/cars_train/cars_train/07685.jpg,21
41,95,597,396,109,Ford Expedition EL SUV 2009,07686.jpg,C:/Users/seanf/Desktop/archive/cars_train/cars_train/07686.jpg,87
31,69,288,157,129,Honda Accord Sedan 2012,07687.jpg,C:/Users/seanf/Desktop/archive/cars_train/cars_train/07687.jpg,181
160,332,1112,708,164,Mercedes-Benz E-Class Sedan 2012,07688.jpg,C:/Users/seanf/Desktop/archive/cars_train/cars_train/07688.jpg,177
10,12,474,184,27,BMW 1 Series Convertible 2012,07689.jpg,C:/Users/seanf/Desktop/archive/cars_train/cars_train/07689.jpg,192
52,49,449,243,101,Ferrari FF Coupe 2012,07690.jpg,C:/Users/seanf/Desktop/archive/cars_train/cars_train/07690.jpg,52
13,49,250,168,141,Infiniti G Coupe IPL 2012,07691.jpg,C:/Users/seanf/Desktop/archive/cars_train/cars_train/07691.jpg,136
3,47,300,207,42,Bentley Continental GT Coupe 2012,07692.jpg,C:/Users/seanf/Desktop/archive/cars_train/cars_train/07692.jpg,42
21,57,554,278,17,Audi 100 Sedan 1994,07693.jpg,C:/Users/seanf/Desktop/archive/cars_train/cars_train/07693.jpg,55
22,60,604,384,163,Mercedes-Benz SL-Class Coupe 2009,07694.jpg,C:/Users/seanf/Desktop/archive/cars_train/cars_train/07694.jpg,111
27,122,671,390,129,Honda Accord Sedan 2012,07695.jpg,C:/Users/seanf/Desktop/archive/cars_train/cars_train/07695.jpg,181
42,4,750,469,6,Acura Integra Type R 2001,07696.jpg,C:/Users/seanf/Desktop/archive/cars_train/cars_train/07696.jpg,123
36,80,622,441,143,Isuzu Ascender SUV 2008,07697.jpg,C:/Users/seanf/Desktop/archive/cars_train/cars_train/07697.jpg,91
72,125,508,271,180,Spyker C8 Coupe 2009,07698.jpg,C:/Users/seanf/Desktop/archive/cars_train/cars_train/07698.jpg,26
12,45,639,421,54,Chevrolet Silverado 1500 Hybrid Crew Cab 2012,07699.jpg,C:/Users/seanf/Desktop/archive/cars_train/cars_train/07699.jpg,112
62,378,1228,880,81,Chrysler PT Cruiser Convertible 2008,07700.jpg,C:/Users/seanf/Desktop/archive/cars_train/cars_train/07700.jpg,182
34,82,600,398,165,Mercedes-Benz S-Class Sedan 2012,07701.jpg,C:/Users/seanf/Desktop/archive/cars_train/cars_train/07701.jpg,70
59,50,588,418,194,Volvo 240 Sedan 1993,07702.jpg,C:/Users/seanf/Desktop/archive/cars_train/cars_train/07702.jpg,23
151,120,393,267,65,Chevrolet Avalanche Crew Cab 2012,07703.jpg,C:/Users/seanf/Desktop/archive/cars_train/cars_train/07703.jpg,47
19,43,301,146,9,Aston Martin V8 Vantage Coupe 2012,07704.jpg,C:/Users/seanf/Desktop/archive/cars_train/cars_train/07704.jpg,165
55,63,577,398,117,Ford Fiesta Sedan 2012,07705.jpg,C:/Users/seanf/Desktop/archive/cars_train/cars_train/07705.jpg,168
89,134,1194,699,4,Acura TL Type-S 2008,07706.jpg,C:/Users/seanf/Desktop/archive/cars_train/cars_train/07706.jpg,174
42,38,615,417,184,Suzuki SX4 Sedan 2012,07707.jpg,C:/Users/seanf/Desktop/archive/cars_train/cars_train/07707.jpg,24
31,90,543,385,125,HUMMER H2 SUT Crew Cab 2009,07708.jpg,C:/Users/seanf/Desktop/archive/cars_train/cars_train/07708.jpg,115
3,116,475,341,38,BMW Z4 Convertible 2012,07709.jpg,C:/Users/seanf/Desktop/archive/cars_train/cars_train/07709.jpg,32
1,59,400,240,155,Land Rover LR2 SUV 2012,07710.jpg,C:/Users/seanf/Desktop/archive/cars_train/cars_train/07710.jpg,97
410,20,794,300,145,Jeep Patriot SUV 2012,07711.jpg,C:/Users/seanf/Desktop/archive/cars_train/cars_train/07711.jpg,68
36,18,1009,767,164,Mercedes-Benz E-Class Sedan 2012,07712.jpg,C:/Users/seanf/Desktop/archive/cars_train/cars_train/07712.jpg,177
44,17,235,167,67,Chevrolet Malibu Hybrid Sedan 2010,07713.jpg,C:/Users/seanf/Desktop/archive/cars_train/cars_train/07713.jpg,166
7,104,613,408,79,Chrysler 300 SRT-8 2010,07714.jpg,C:/Users/seanf/Desktop/archive/cars_train/cars_train/07714.jpg,19
63,137,730,417,182,Suzuki Kizashi Sedan 2012,07715.jpg,C:/Users/seanf/Desktop/archive/cars_train/cars_train/07715.jpg,160
13,74,450,333,111,Ford Ranger SuperCab 2011,07716.jpg,C:/Users/seanf/Desktop/archive/cars_train/cars_train/07716.jpg,56
52,72,333,284,157,MINI Cooper Roadster Convertible 2012,07717.jpg,C:/Users/seanf/Desktop/archive/cars_train/cars_train/07717.jpg,190
4,58,423,321,33,BMW X6 SUV 2012,07718.jpg,C:/Users/seanf/Desktop/archive/cars_train/cars_train/07718.jpg,187
258,349,966,786,146,Jeep Wrangler SUV 2012,07719.jpg,C:/Users/seanf/Desktop/archive/cars_train/cars_train/07719.jpg,173
74,79,549,311,154,Land Rover Range Rover SUV 2012,07720.jpg,C:/Users/seanf/Desktop/archive/cars_train/cars_train/07720.jpg,27
87,18,944,717,30,BMW 3 Series Wagon 2012,07721.jpg,C:/Users/seanf/Desktop/archive/cars_train/cars_train/07721.jpg,101
224,57,457,366,166,Mercedes-Benz Sprinter Van 2012,07722.jpg,C:/Users/seanf/Desktop/archive/cars_train/cars_train/07722.jpg,162
257,205,697,438,130,Hyundai Veloster Hatchback 2012,07723.jpg,C:/Users/seanf/Desktop/archive/cars_train/cars_train/07723.jpg,152
30,137,601,503,105,Fisker Karma Sedan 2012,07724.jpg,C:/Users/seanf/Desktop/archive/cars_train/cars_train/07724.jpg,34
18,94,397,300,188,Toyota Corolla Sedan 2012,07725.jpg,C:/Users/seanf/Desktop/archive/cars_train/cars_train/07725.jpg,62
135,208,982,617,66,Chevrolet Cobalt SS 2010,07726.jpg,C:/Users/seanf/Desktop/archive/cars_train/cars_train/07726.jpg,29
76,96,447,294,15,Audi R8 Coupe 2012,07727.jpg,C:/Users/seanf/Desktop/archive/cars_train/cars_train/07727.jpg,44
76,171,507,352,185,Tesla Model S Sedan 2012,07728.jpg,C:/Users/seanf/Desktop/archive/cars_train/cars_train/07728.jpg,150
51,9,384,309,143,Isuzu Ascender SUV 2008,07729.jpg,C:/Users/seanf/Desktop/archive/cars_train/cars_train/07729.jpg,91
90,163,547,439,120,GMC Yukon Hybrid SUV 2012,07730.jpg,C:/Users/seanf/Desktop/archive/cars_train/cars_train/07730.jpg,21
1,17,408,242,35,BMW M5 Sedan 2010,07731.jpg,C:/Users/seanf/Desktop/archive/cars_train/cars_train/07731.jpg,194
15,18,245,181,113,Ford F-150 Regular Cab 2012,07732.jpg,C:/Users/seanf/Desktop/archive/cars_train/cars_train/07732.jpg,167
9,14,296,223,155,Land Rover LR2 SUV 2012,07733.jpg,C:/Users/seanf/Desktop/archive/cars_train/cars_train/07733.jpg,97
432,174,804,348,79,Chrysler 300 SRT-8 2010,07734.jpg,C:/Users/seanf/Desktop/archive/cars_train/cars_train/07734.jpg,19
28,34,1022,756,81,Chrysler PT Cruiser Convertible 2008,07735.jpg,C:/Users/seanf/Desktop/archive/cars_train/cars_train/07735.jpg,182
11,15,1261,932,153,Lamborghini Diablo Coupe 2001,07736.jpg,C:/Users/seanf/Desktop/archive/cars_train/cars_train/07736.jpg,143
17,43,290,201,84,Dodge Caliber Wagon 2007,07737.jpg,C:/Users/seanf/Desktop/archive/cars_train/cars_train/07737.jpg,137
20,93,618,392,121,GMC Acadia SUV 2012,07738.jpg,C:/Users/seanf/Desktop/archive/cars_train/cars_train/07738.jpg,82
144,101,991,588,46,Bugatti Veyron 16.4 Coupe 2009,07739.jpg,C:/Users/seanf/Desktop/archive/cars_train/cars_train/07739.jpg,149
78,244,1218,696,11,Aston Martin Virage Coupe 2012,07740.jpg,C:/Users/seanf/Desktop/archive/cars_train/cars_train/07740.jpg,128
26,64,574,431,166,Mercedes-Benz Sprinter Van 2012,07741.jpg,C:/Users/seanf/Desktop/archive/cars_train/cars_train/07741.jpg,162
37,64,364,228,141,Infiniti G Coupe IPL 2012,07742.jpg,C:/Users/seanf/Desktop/archive/cars_train/cars_train/07742.jpg,136
36,61,560,309,179,Spyker C8 Convertible 2009,07743.jpg,C:/Users/seanf/Desktop/archive/cars_train/cars_train/07743.jpg,104
22,22,422,199,125,HUMMER H2 SUT Crew Cab 2009,07744.jpg,C:/Users/seanf/Desktop/archive/cars_train/cars_train/07744.jpg,115
24,148,528,343,66,Chevrolet Cobalt SS 2010,07745.jpg,C:/Users/seanf/Desktop/archive/cars_train/cars_train/07745.jpg,29
13,77,282,198,156,Lincoln Town Car Sedan 2011,07746.jpg,C:/Users/seanf/Desktop/archive/cars_train/cars_train/07746.jpg,153
1,15,640,319,161,Mercedes-Benz 300-Class Convertible 1993,07747.jpg,C:/Users/seanf/Desktop/archive/cars_train/cars_train/07747.jpg,86
102,237,934,644,167,Mitsubishi Lancer Sedan 2012,07748.jpg,C:/Users/seanf/Desktop/archive/cars_train/cars_train/07748.jpg,8
15,34,350,203,55,Chevrolet Corvette Convertible 2012,07749.jpg,C:/Users/seanf/Desktop/archive/cars_train/cars_train/07749.jpg,148
43,16,383,302,124,HUMMER H3T Crew Cab 2010,07750.jpg,C:/Users/seanf/Desktop/archive/cars_train/cars_train/07750.jpg,49
139,148,473,333,29,BMW 3 Series Sedan 2012,07751.jpg,C:/Users/seanf/Desktop/archive/cars_train/cars_train/07751.jpg,59
18,149,621,354,4,Acura TL Type-S 2008,07752.jpg,C:/Users/seanf/Desktop/archive/cars_train/cars_train/07752.jpg,174
110,149,1503,1079,145,Jeep Patriot SUV 2012,07753.jpg,C:/Users/seanf/Desktop/archive/cars_train/cars_train/07753.jpg,68
14,32,263,190,42,Bentley Continental GT Coupe 2012,07754.jpg,C:/Users/seanf/Desktop/archive/cars_train/cars_train/07754.jpg,42
94,307,969,733,129,Honda Accord Sedan 2012,07755.jpg,C:/Users/seanf/Desktop/archive/cars_train/cars_train/07755.jpg,181
30,81,372,244,73,Chevrolet Malibu Sedan 2007,07756.jpg,C:/Users/seanf/Desktop/archive/cars_train/cars_train/07756.jpg,16
42,78,572,341,120,GMC Yukon Hybrid SUV 2012,07757.jpg,C:/Users/seanf/Desktop/archive/cars_train/cars_train/07757.jpg,21
27,13,500,366,158,Maybach Landaulet Convertible 2012,07758.jpg,C:/Users/seanf/Desktop/archive/cars_train/cars_train/07758.jpg,158
31,121,476,315,36,BMW M6 Convertible 2010,07759.jpg,C:/Users/seanf/Desktop/archive/cars_train/cars_train/07759.jpg,20
51,73,606,329,140,Hyundai Azera Sedan 2012,07760.jpg,C:/Users/seanf/Desktop/archive/cars_train/cars_train/07760.jpg,98
1,145,1126,735,123,Geo Metro Convertible 1993,07761.jpg,C:/Users/seanf/Desktop/archive/cars_train/cars_train/07761.jpg,5
134,55,553,420,94,Dodge Durango SUV 2012,07762.jpg,C:/Users/seanf/Desktop/archive/cars_train/cars_train/07762.jpg,61
30,39,210,157,77,Chrysler Sebring Convertible 2010,07763.jpg,C:/Users/seanf/Desktop/archive/cars_train/cars_train/07763.jpg,122
49,129,458,334,36,BMW M6 Convertible 2010,07764.jpg,C:/Users/seanf/Desktop/archive/cars_train/cars_train/07764.jpg,20
71,35,587,375,14,Audi TTS Coupe 2012,07765.jpg,C:/Users/seanf/Desktop/archive/cars_train/cars_train/07765.jpg,0
27,180,670,401,46,Bugatti Veyron 16.4 Coupe 2009,07766.jpg,C:/Users/seanf/Desktop/archive/cars_train/cars_train/07766.jpg,149
7,2,259,178,33,BMW X6 SUV 2012,07767.jpg,C:/Users/seanf/Desktop/archive/cars_train/cars_train/07767.jpg,187
16,181,999,667,98,Eagle Talon Hatchback 1998,07768.jpg,C:/Users/seanf/Desktop/archive/cars_train/cars_train/07768.jpg,185
17,62,425,314,7,Acura ZDX Hatchback 2012,07769.jpg,C:/Users/seanf/Desktop/archive/cars_train/cars_train/07769.jpg,139
92,105,649,332,189,Toyota 4Runner SUV 2012,07770.jpg,C:/Users/seanf/Desktop/archive/cars_train/cars_train/07770.jpg,120
117,181,684,537,147,Jeep Liberty SUV 2012,07771.jpg,C:/Users/seanf/Desktop/archive/cars_train/cars_train/07771.jpg,85
55,1,685,531,115,Ford Focus Sedan 2007,07772.jpg,C:/Users/seanf/Desktop/archive/cars_train/cars_train/07772.jpg,169
55,127,526,378,131,Hyundai Santa Fe SUV 2012,07773.jpg,C:/Users/seanf/Desktop/archive/cars_train/cars_train/07773.jpg,80
1,79,300,202,17,Audi 100 Sedan 1994,07774.jpg,C:/Users/seanf/Desktop/archive/cars_train/cars_train/07774.jpg,55
39,55,203,164,106,Ford F-450 Super Duty Crew Cab 2012,07775.jpg,C:/Users/seanf/Desktop/archive/cars_train/cars_train/07775.jpg,4
51,118,465,360,122,GMC Canyon Extended Cab 2012,07776.jpg,C:/Users/seanf/Desktop/archive/cars_train/cars_train/07776.jpg,57
132,121,484,315,173,Porsche Panamera Sedan 2012,07777.jpg,C:/Users/seanf/Desktop/archive/cars_train/cars_train/07777.jpg,41
47,70,542,351,43,Bentley Continental GT Coupe 2007,07778.jpg,C:/Users/seanf/Desktop/archive/cars_train/cars_train/07778.jpg,65
1,163,1597,817,191,Volkswagen Golf Hatchback 1991,07779.jpg,C:/Users/seanf/Desktop/archive/cars_train/cars_train/07779.jpg,37
66,188,541,399,67,Chevrolet Malibu Hybrid Sedan 2010,07780.jpg,C:/Users/seanf/Desktop/archive/cars_train/cars_train/07780.jpg,166
1,15,212,159,88,Dodge Sprinter Cargo Van 2009,07781.jpg,C:/Users/seanf/Desktop/archive/cars_train/cars_train/07781.jpg,81
5,23,474,324,85,Dodge Caravan Minivan 1997,07782.jpg,C:/Users/seanf/Desktop/archive/cars_train/cars_train/07782.jpg,13
24,24,256,153,104,Ferrari 458 Italia Coupe 2012,07783.jpg,C:/Users/seanf/Desktop/archive/cars_train/cars_train/07783.jpg,31
17,47,252,177,68,Chevrolet TrailBlazer SS 2009,07784.jpg,C:/Users/seanf/Desktop/archive/cars_train/cars_train/07784.jpg,114
62,49,274,176,95,Dodge Durango SUV 2007,07785.jpg,C:/Users/seanf/Desktop/archive/cars_train/cars_train/07785.jpg,193
82,1,570,384,121,GMC Acadia SUV 2012,07786.jpg,C:/Users/seanf/Desktop/archive/cars_train/cars_train/07786.jpg,82
24,125,636,440,81,Chrysler PT Cruiser Convertible 2008,07787.jpg,C:/Users/seanf/Desktop/archive/cars_train/cars_train/07787.jpg,182
55,147,894,566,192,Volkswagen Beetle Hatchback 2012,07788.jpg,C:/Users/seanf/Desktop/archive/cars_train/cars_train/07788.jpg,17
7,10,491,298,44,Bentley Continental Flying Spur Sedan 2007,07789.jpg,C:/Users/seanf/Desktop/archive/cars_train/cars_train/07789.jpg,46
12,21,631,385,102,Ferrari California Convertible 2012,07790.jpg,C:/Users/seanf/Desktop/archive/cars_train/cars_train/07790.jpg,141
57,164,1005,504,171,Nissan 240SX Coupe 1998,07791.jpg,C:/Users/seanf/Desktop/archive/cars_train/cars_train/07791.jpg,92
61,73,587,405,186,Toyota Sequoia SUV 2012,07792.jpg,C:/Users/seanf/Desktop/archive/cars_train/cars_train/07792.jpg,11
51,99,566,359,31,BMW 6 Series Convertible 2007,07793.jpg,C:/Users/seanf/Desktop/archive/cars_train/cars_train/07793.jpg,145
13,16,254,172,121,GMC Acadia SUV 2012,07794.jpg,C:/Users/seanf/Desktop/archive/cars_train/cars_train/07794.jpg,82
60,143,609,425,143,Isuzu Ascender SUV 2008,07795.jpg,C:/Users/seanf/Desktop/archive/cars_train/cars_train/07795.jpg,91
110,126,813,404,173,Porsche Panamera Sedan 2012,07796.jpg,C:/Users/seanf/Desktop/archive/cars_train/cars_train/07796.jpg,41
28,50,389,255,44,Bentley Continental Flying Spur Sedan 2007,07797.jpg,C:/Users/seanf/Desktop/archive/cars_train/cars_train/07797.jpg,46
7,108,339,233,161,Mercedes-Benz 300-Class Convertible 1993,07798.jpg,C:/Users/seanf/Desktop/archive/cars_train/cars_train/07798.jpg,86
65,1,431,308,179,Spyker C8 Convertible 2009,07799.jpg,C:/Users/seanf/Desktop/archive/cars_train/cars_train/07799.jpg,104
30,200,680,452,6,Acura Integra Type R 2001,07800.jpg,C:/Users/seanf/Desktop/archive/cars_train/cars_train/07800.jpg,123
87,170,942,683,81,Chrysler PT Cruiser Convertible 2008,07801.jpg,C:/Users/seanf/Desktop/archive/cars_train/cars_train/07801.jpg,182
8,32,299,220,73,Chevrolet Malibu Sedan 2007,07802.jpg,C:/Users/seanf/Desktop/archive/cars_train/cars_train/07802.jpg,16
12,32,265,169,80,Chrysler Crossfire Convertible 2008,07803.jpg,C:/Users/seanf/Desktop/archive/cars_train/cars_train/07803.jpg,175
152,177,575,365,92,Dodge Magnum Wagon 2008,07804.jpg,C:/Users/seanf/Desktop/archive/cars_train/cars_train/07804.jpg,180
11,30,249,165,27,BMW 1 Series Convertible 2012,07805.jpg,C:/Users/seanf/Desktop/archive/cars_train/cars_train/07805.jpg,192
42,72,584,410,178,Scion xD Hatchback 2012,07806.jpg,C:/Users/seanf/Desktop/archive/cars_train/cars_train/07806.jpg,93
4,70,321,215,177,Rolls-Royce Phantom Sedan 2012,07807.jpg,C:/Users/seanf/Desktop/archive/cars_train/cars_train/07807.jpg,40
32,128,423,287,193,Volvo C30 Hatchback 2012,07808.jpg,C:/Users/seanf/Desktop/archive/cars_train/cars_train/07808.jpg,14
24,98,590,343,73,Chevrolet Malibu Sedan 2007,07809.jpg,C:/Users/seanf/Desktop/archive/cars_train/cars_train/07809.jpg,16
50,89,575,383,154,Land Rover Range Rover SUV 2012,07810.jpg,C:/Users/seanf/Desktop/archive/cars_train/cars_train/07810.jpg,27
26,30,246,165,148,Jeep Grand Cherokee SUV 2012,07811.jpg,C:/Users/seanf/Desktop/archive/cars_train/cars_train/07811.jpg,43
33,26,221,165,38,BMW Z4 Convertible 2012,07812.jpg,C:/Users/seanf/Desktop/archive/cars_train/cars_train/07812.jpg,32
27,95,395,274,111,Ford Ranger SuperCab 2011,07813.jpg,C:/Users/seanf/Desktop/archive/cars_train/cars_train/07813.jpg,56
14,67,616,353,173,Porsche Panamera Sedan 2012,07814.jpg,C:/Users/seanf/Desktop/archive/cars_train/cars_train/07814.jpg,41
119,168,697,423,189,Toyota 4Runner SUV 2012,07815.jpg,C:/Users/seanf/Desktop/archive/cars_train/cars_train/07815.jpg,120
77,125,601,399,132,Hyundai Tucson SUV 2012,07816.jpg,C:/Users/seanf/Desktop/archive/cars_train/cars_train/07816.jpg,138
70,332,1548,1044,161,Mercedes-Benz 300-Class Convertible 1993,07817.jpg,C:/Users/seanf/Desktop/archive/cars_train/cars_train/07817.jpg,86
20,56,616,350,91,Dodge Dakota Club Cab 2007,07818.jpg,C:/Users/seanf/Desktop/archive/cars_train/cars_train/07818.jpg,2
141,61,880,715,184,Suzuki SX4 Sedan 2012,07819.jpg,C:/Users/seanf/Desktop/archive/cars_train/cars_train/07819.jpg,24
99,301,1167,680,112,Ford GT Coupe 2006,07820.jpg,C:/Users/seanf/Desktop/archive/cars_train/cars_train/07820.jpg,73
35,27,605,429,172,Plymouth Neon Coupe 1999,07821.jpg,C:/Users/seanf/Desktop/archive/cars_train/cars_train/07821.jpg,15
2,40,259,166,19,Audi TT Hatchback 2011,07822.jpg,C:/Users/seanf/Desktop/archive/cars_train/cars_train/07822.jpg,110
21,23,244,149,190,Volkswagen Golf Hatchback 2012,07823.jpg,C:/Users/seanf/Desktop/archive/cars_train/cars_train/07823.jpg,51
25,101,615,297,73,Chevrolet Malibu Sedan 2007,07824.jpg,C:/Users/seanf/Desktop/archive/cars_train/cars_train/07824.jpg,16
51,44,481,269,162,Mercedes-Benz C-Class Sedan 2012,07825.jpg,C:/Users/seanf/Desktop/archive/cars_train/cars_train/07825.jpg,79
17,112,390,238,152,Lamborghini Gallardo LP 570-4 Superleggera 2012,07826.jpg,C:/Users/seanf/Desktop/archive/cars_train/cars_train/07826.jpg,176
27,106,407,275,175,Rolls-Royce Phantom Drophead Coupe Convertible 2012,07827.jpg,C:/Users/seanf/Desktop/archive/cars_train/cars_train/07827.jpg,72
41,133,990,642,119,GMC Savana Van 2012,07828.jpg,C:/Users/seanf/Desktop/archive/cars_train/cars_train/07828.jpg,38
7,162,621,388,102,Ferrari California Convertible 2012,07829.jpg,C:/Users/seanf/Desktop/archive/cars_train/cars_train/07829.jpg,141
27,9,471,280,110,Ford Edge SUV 2012,07830.jpg,C:/Users/seanf/Desktop/archive/cars_train/cars_train/07830.jpg,64
4,34,250,148,57,Chevrolet Corvette Ron Fellows Edition Z06 2007,07831.jpg,C:/Users/seanf/Desktop/archive/cars_train/cars_train/07831.jpg,18
40,76,584,315,96,Dodge Charger Sedan 2012,07832.jpg,C:/Users/seanf/Desktop/archive/cars_train/cars_train/07832.jpg,7
135,132,535,330,7,Acura ZDX Hatchback 2012,07833.jpg,C:/Users/seanf/Desktop/archive/cars_train/cars_train/07833.jpg,139
47,86,554,377,176,Rolls-Royce Ghost Sedan 2012,07834.jpg,C:/Users/seanf/Desktop/archive/cars_train/cars_train/07834.jpg,106
259,71,1258,833,157,MINI Cooper Roadster Convertible 2012,07835.jpg,C:/Users/seanf/Desktop/archive/cars_train/cars_train/07835.jpg,190
14,77,489,287,93,Dodge Challenger SRT8 2011,07836.jpg,C:/Users/seanf/Desktop/archive/cars_train/cars_train/07836.jpg,117
253,313,1372,919,112,Ford GT Coupe 2006,07837.jpg,C:/Users/seanf/Desktop/archive/cars_train/cars_train/07837.jpg,73
88,220,500,430,148,Jeep Grand Cherokee SUV 2012,07838.jpg,C:/Users/seanf/Desktop/archive/cars_train/cars_train/07838.jpg,43
3,1,122,96,174,Ram C/V Cargo Van Minivan 2012,07839.jpg,C:/Users/seanf/Desktop/archive/cars_train/cars_train/07839.jpg,103
54,8,595,349,105,Fisker Karma Sedan 2012,07840.jpg,C:/Users/seanf/Desktop/archive/cars_train/cars_train/07840.jpg,34
52,62,559,271,29,BMW 3 Series Sedan 2012,07841.jpg,C:/Users/seanf/Desktop/archive/cars_train/cars_train/07841.jpg,59
128,89,928,575,77,Chrysler Sebring Convertible 2010,07842.jpg,C:/Users/seanf/Desktop/archive/cars_train/cars_train/07842.jpg,122
14,54,481,323,117,Ford Fiesta Sedan 2012,07843.jpg,C:/Users/seanf/Desktop/archive/cars_train/cars_train/07843.jpg,168
37,71,668,441,120,GMC Yukon Hybrid SUV 2012,07844.jpg,C:/Users/seanf/Desktop/archive/cars_train/cars_train/07844.jpg,21
78,185,933,505,171,Nissan 240SX Coupe 1998,07845.jpg,C:/Users/seanf/Desktop/archive/cars_train/cars_train/07845.jpg,92
78,289,669,633,196,smart fortwo Convertible 2012,07846.jpg,C:/Users/seanf/Desktop/archive/cars_train/cars_train/07846.jpg,134
36,89,670,351,156,Lincoln Town Car Sedan 2011,07847.jpg,C:/Users/seanf/Desktop/archive/cars_train/cars_train/07847.jpg,153
142,52,639,475,50,Buick Enclave SUV 2012,07848.jpg,C:/Users/seanf/Desktop/archive/cars_train/cars_train/07848.jpg,113
60,99,625,380,102,Ferrari California Convertible 2012,07849.jpg,C:/Users/seanf/Desktop/archive/cars_train/cars_train/07849.jpg,141
157,180,1022,565,59,Chevrolet Camaro Convertible 2012,07850.jpg,C:/Users/seanf/Desktop/archive/cars_train/cars_train/07850.jpg,63
77,277,1160,763,164,Mercedes-Benz E-Class Sedan 2012,07851.jpg,C:/Users/seanf/Desktop/archive/cars_train/cars_train/07851.jpg,177
1,168,948,503,74,Chevrolet Silverado 1500 Extended Cab 2012,07852.jpg,C:/Users/seanf/Desktop/archive/cars_train/cars_train/07852.jpg,78
16,50,418,310,52,Cadillac SRX SUV 2012,07853.jpg,C:/Users/seanf/Desktop/archive/cars_train/cars_train/07853.jpg,189
91,337,1014,749,21,Audi S5 Convertible 2012,07854.jpg,C:/Users/seanf/Desktop/archive/cars_train/cars_train/07854.jpg,144
42,106,336,266,95,Dodge Durango SUV 2007,07855.jpg,C:/Users/seanf/Desktop/archive/cars_train/cars_train/07855.jpg,193
142,397,1477,835,156,Lincoln Town Car Sedan 2011,07856.jpg,C:/Users/seanf/Desktop/archive/cars_train/cars_train/07856.jpg,153
73,1,487,343,166,Mercedes-Benz Sprinter Van 2012,07857.jpg,C:/Users/seanf/Desktop/archive/cars_train/cars_train/07857.jpg,162
40,103,626,378,194,Volvo 240 Sedan 1993,07858.jpg,C:/Users/seanf/Desktop/archive/cars_train/cars_train/07858.jpg,23
49,173,991,620,172,Plymouth Neon Coupe 1999,07859.jpg,C:/Users/seanf/Desktop/archive/cars_train/cars_train/07859.jpg,15
58,73,570,387,6,Acura Integra Type R 2001,07860.jpg,C:/Users/seanf/Desktop/archive/cars_train/cars_train/07860.jpg,123
143,438,1954,1293,62,Chevrolet Tahoe Hybrid SUV 2012,07861.jpg,C:/Users/seanf/Desktop/archive/cars_train/cars_train/07861.jpg,161
27,50,228,162,123,Geo Metro Convertible 1993,07862.jpg,C:/Users/seanf/Desktop/archive/cars_train/cars_train/07862.jpg,5
34,116,955,589,74,Chevrolet Silverado 1500 Extended Cab 2012,07863.jpg,C:/Users/seanf/Desktop/archive/cars_train/cars_train/07863.jpg,78
98,183,949,686,132,Hyundai Tucson SUV 2012,07864.jpg,C:/Users/seanf/Desktop/archive/cars_train/cars_train/07864.jpg,138
7,51,290,181,153,Lamborghini Diablo Coupe 2001,07865.jpg,C:/Users/seanf/Desktop/archive/cars_train/cars_train/07865.jpg,143
42,70,820,461,191,Volkswagen Golf Hatchback 1991,07866.jpg,C:/Users/seanf/Desktop/archive/cars_train/cars_train/07866.jpg,37
133,318,1129,812,45,Bugatti Veyron 16.4 Convertible 2009,07867.jpg,C:/Users/seanf/Desktop/archive/cars_train/cars_train/07867.jpg,119
56,30,212,172,69,Chevrolet Silverado 2500HD Regular Cab 2012,07868.jpg,C:/Users/seanf/Desktop/archive/cars_train/cars_train/07868.jpg,147
8,54,255,135,92,Dodge Magnum Wagon 2008,07869.jpg,C:/Users/seanf/Desktop/archive/cars_train/cars_train/07869.jpg,180
1,57,244,187,104,Ferrari 458 Italia Coupe 2012,07870.jpg,C:/Users/seanf/Desktop/archive/cars_train/cars_train/07870.jpg,31
27,75,619,421,75,Chevrolet Silverado 1500 Regular Cab 2012,07871.jpg,C:/Users/seanf/Desktop/archive/cars_train/cars_train/07871.jpg,159
71,105,323,265,148,Jeep Grand Cherokee SUV 2012,07872.jpg,C:/Users/seanf/Desktop/archive/cars_train/cars_train/07872.jpg,43
25,50,625,431,145,Jeep Patriot SUV 2012,07873.jpg,C:/Users/seanf/Desktop/archive/cars_train/cars_train/07873.jpg,68
29,18,242,192,48,Buick Rainier SUV 2007,07874.jpg,C:/Users/seanf/Desktop/archive/cars_train/cars_train/07874.jpg,121
5,126,633,361,111,Ford Ranger SuperCab 2011,07875.jpg,C:/Users/seanf/Desktop/archive/cars_train/cars_train/07875.jpg,56
7,39,295,160,56,Chevrolet Corvette ZR1 2012,07876.jpg,C:/Users/seanf/Desktop/archive/cars_train/cars_train/07876.jpg,94
250,172,1594,980,160,McLaren MP4-12C Coupe 2012,07877.jpg,C:/Users/seanf/Desktop/archive/cars_train/cars_train/07877.jpg,116
13,71,417,242,24,Audi S4 Sedan 2007,07878.jpg,C:/Users/seanf/Desktop/archive/cars_train/cars_train/07878.jpg,105
138,268,1953,1088,19,Audi TT Hatchback 2011,07879.jpg,C:/Users/seanf/Desktop/archive/cars_train/cars_train/07879.jpg,110
8,13,622,267,26,BMW ActiveHybrid 5 Sedan 2012,07880.jpg,C:/Users/seanf/Desktop/archive/cars_train/cars_train/07880.jpg,140
30,49,482,314,130,Hyundai Veloster Hatchback 2012,07881.jpg,C:/Users/seanf/Desktop/archive/cars_train/cars_train/07881.jpg,152
241,358,1597,898,160,McLaren MP4-12C Coupe 2012,07882.jpg,C:/Users/seanf/Desktop/archive/cars_train/cars_train/07882.jpg,116
11,78,967,675,95,Dodge Durango SUV 2007,07883.jpg,C:/Users/seanf/Desktop/archive/cars_train/cars_train/07883.jpg,193
44,88,538,432,166,Mercedes-Benz Sprinter Van 2012,07884.jpg,C:/Users/seanf/Desktop/archive/cars_train/cars_train/07884.jpg,162
28,84,433,288,21,Audi S5 Convertible 2012,07885.jpg,C:/Users/seanf/Desktop/archive/cars_train/cars_train/07885.jpg,144
70,100,657,324,137,Hyundai Genesis Sedan 2012,07886.jpg,C:/Users/seanf/Desktop/archive/cars_train/cars_train/07886.jpg,83
27,48,279,175,134,Hyundai Sonata Hybrid Sedan 2012,07887.jpg,C:/Users/seanf/Desktop/archive/cars_train/cars_train/07887.jpg,3
712,346,1375,706,164,Mercedes-Benz E-Class Sedan 2012,07888.jpg,C:/Users/seanf/Desktop/archive/cars_train/cars_train/07888.jpg,177
40,67,275,160,24,Audi S4 Sedan 2007,07889.jpg,C:/Users/seanf/Desktop/archive/cars_train/cars_train/07889.jpg,105
54,74,1391,934,192,Volkswagen Beetle Hatchback 2012,07890.jpg,C:/Users/seanf/Desktop/archive/cars_train/cars_train/07890.jpg,17
9,114,568,313,152,Lamborghini Gallardo LP 570-4 Superleggera 2012,07891.jpg,C:/Users/seanf/Desktop/archive/cars_train/cars_train/07891.jpg,176
13,170,612,413,50,Buick Enclave SUV 2012,07892.jpg,C:/Users/seanf/Desktop/archive/cars_train/cars_train/07892.jpg,113
37,50,272,188,162,Mercedes-Benz C-Class Sedan 2012,07893.jpg,C:/Users/seanf/Desktop/archive/cars_train/cars_train/07893.jpg,79
170,381,885,735,50,Buick Enclave SUV 2012,07894.jpg,C:/Users/seanf/Desktop/archive/cars_train/cars_train/07894.jpg,113
31,6,494,272,196,smart fortwo Convertible 2012,07895.jpg,C:/Users/seanf/Desktop/archive/cars_train/cars_train/07895.jpg,134
10,12,783,437,35,BMW M5 Sedan 2010,07896.jpg,C:/Users/seanf/Desktop/archive/cars_train/cars_train/07896.jpg,194
18,141,603,367,2,Acura RL Sedan 2012,07897.jpg,C:/Users/seanf/Desktop/archive/cars_train/cars_train/07897.jpg,191
107,123,554,422,93,Dodge Challenger SRT8 2011,07898.jpg,C:/Users/seanf/Desktop/archive/cars_train/cars_train/07898.jpg,117
55,181,1237,583,93,Dodge Challenger SRT8 2011,07899.jpg,C:/Users/seanf/Desktop/archive/cars_train/cars_train/07899.jpg,117
78,83,594,419,194,Volvo 240 Sedan 1993,07900.jpg,C:/Users/seanf/Desktop/archive/cars_train/cars_train/07900.jpg,23
60,58,536,389,38,BMW Z4 Convertible 2012,07901.jpg,C:/Users/seanf/Desktop/archive/cars_train/cars_train/07901.jpg,32
1,337,835,712,147,Jeep Liberty SUV 2012,07902.jpg,C:/Users/seanf/Desktop/archive/cars_train/cars_train/07902.jpg,85
42,95,640,356,159,Mazda Tribute SUV 2011,07903.jpg,C:/Users/seanf/Desktop/archive/cars_train/cars_train/07903.jpg,183
74,50,315,157,74,Chevrolet Silverado 1500 Extended Cab 2012,07904.jpg,C:/Users/seanf/Desktop/archive/cars_train/cars_train/07904.jpg,78
15,41,383,184,107,Ford Mustang Convertible 2007,07905.jpg,C:/Users/seanf/Desktop/archive/cars_train/cars_train/07905.jpg,132
68,134,524,425,119,GMC Savana Van 2012,07906.jpg,C:/Users/seanf/Desktop/archive/cars_train/cars_train/07906.jpg,38
6,16,272,167,68,Chevrolet TrailBlazer SS 2009,07907.jpg,C:/Users/seanf/Desktop/archive/cars_train/cars_train/07907.jpg,114
79,150,531,326,49,Buick Verano Sedan 2012,07908.jpg,C:/Users/seanf/Desktop/archive/cars_train/cars_train/07908.jpg,10
103,72,649,402,100,FIAT 500 Convertible 2012,07909.jpg,C:/Users/seanf/Desktop/archive/cars_train/cars_train/07909.jpg,151
24,51,276,192,51,Cadillac CTS-V Sedan 2012,07910.jpg,C:/Users/seanf/Desktop/archive/cars_train/cars_train/07910.jpg,74
43,53,455,319,74,Chevrolet Silverado 1500 Extended Cab 2012,07911.jpg,C:/Users/seanf/Desktop/archive/cars_train/cars_train/07911.jpg,78
42,29,602,406,96,Dodge Charger Sedan 2012,07912.jpg,C:/Users/seanf/Desktop/archive/cars_train/cars_train/07912.jpg,7
138,38,559,294,81,Chrysler PT Cruiser Convertible 2008,07913.jpg,C:/Users/seanf/Desktop/archive/cars_train/cars_train/07913.jpg,182
53,276,1330,723,161,Mercedes-Benz 300-Class Convertible 1993,07914.jpg,C:/Users/seanf/Desktop/archive/cars_train/cars_train/07914.jpg,86
48,171,678,400,136,Hyundai Accent Sedan 2012,07915.jpg,C:/Users/seanf/Desktop/archive/cars_train/cars_train/07915.jpg,90
78,153,594,421,4,Acura TL Type-S 2008,07916.jpg,C:/Users/seanf/Desktop/archive/cars_train/cars_train/07916.jpg,174
45,55,590,391,188,Toyota Corolla Sedan 2012,07917.jpg,C:/Users/seanf/Desktop/archive/cars_train/cars_train/07917.jpg,62
13,22,477,357,116,Ford E-Series Wagon Van 2012,07918.jpg,C:/Users/seanf/Desktop/archive/cars_train/cars_train/07918.jpg,67
1,2,476,415,171,Nissan 240SX Coupe 1998,07919.jpg,C:/Users/seanf/Desktop/archive/cars_train/cars_train/07919.jpg,92
10,122,371,256,141,Infiniti G Coupe IPL 2012,07920.jpg,C:/Users/seanf/Desktop/archive/cars_train/cars_train/07920.jpg,136
32,122,486,286,47,Buick Regal GS 2012,07921.jpg,C:/Users/seanf/Desktop/archive/cars_train/cars_train/07921.jpg,100
24,152,460,314,34,BMW M3 Coupe 2012,07922.jpg,C:/Users/seanf/Desktop/archive/cars_train/cars_train/07922.jpg,184
44,282,1151,867,95,Dodge Durango SUV 2007,07923.jpg,C:/Users/seanf/Desktop/archive/cars_train/cars_train/07923.jpg,193
7,143,994,733,94,Dodge Durango SUV 2012,07924.jpg,C:/Users/seanf/Desktop/archive/cars_train/cars_train/07924.jpg,61
73,141,702,435,55,Chevrolet Corvette Convertible 2012,07925.jpg,C:/Users/seanf/Desktop/archive/cars_train/cars_train/07925.jpg,148
155,18,637,493,172,Plymouth Neon Coupe 1999,07926.jpg,C:/Users/seanf/Desktop/archive/cars_train/cars_train/07926.jpg,15
36,112,526,357,119,GMC Savana Van 2012,07927.jpg,C:/Users/seanf/Desktop/archive/cars_train/cars_train/07927.jpg,38
116,122,969,621,159,Mazda Tribute SUV 2011,07928.jpg,C:/Users/seanf/Desktop/archive/cars_train/cars_train/07928.jpg,183
26,49,591,432,184,Suzuki SX4 Sedan 2012,07929.jpg,C:/Users/seanf/Desktop/archive/cars_train/cars_train/07929.jpg,24
23,100,577,381,16,Audi V8 Sedan 1994,07930.jpg,C:/Users/seanf/Desktop/archive/cars_train/cars_train/07930.jpg,124
35,168,959,614,56,Chevrolet Corvette ZR1 2012,07931.jpg,C:/Users/seanf/Desktop/archive/cars_train/cars_train/07931.jpg,94
20,74,984,548,173,Porsche Panamera Sedan 2012,07932.jpg,C:/Users/seanf/Desktop/archive/cars_train/cars_train/07932.jpg,41
116,185,546,413,108,Ford Freestar Minivan 2007,07933.jpg,C:/Users/seanf/Desktop/archive/cars_train/cars_train/07933.jpg,108
189,213,499,378,183,Suzuki SX4 Hatchback 2012,07934.jpg,C:/Users/seanf/Desktop/archive/cars_train/cars_train/07934.jpg,118
49,30,747,484,179,Spyker C8 Convertible 2009,07935.jpg,C:/Users/seanf/Desktop/archive/cars_train/cars_train/07935.jpg,104
53,275,2769,1378,167,Mitsubishi Lancer Sedan 2012,07936.jpg,C:/Users/seanf/Desktop/archive/cars_train/cars_train/07936.jpg,8
45,90,582,407,109,Ford Expedition EL SUV 2009,07937.jpg,C:/Users/seanf/Desktop/archive/cars_train/cars_train/07937.jpg,87
20,61,421,306,24,Audi S4 Sedan 2007,07938.jpg,C:/Users/seanf/Desktop/archive/cars_train/cars_train/07938.jpg,105
51,30,572,328,189,Toyota 4Runner SUV 2012,07939.jpg,C:/Users/seanf/Desktop/archive/cars_train/cars_train/07939.jpg,120
180,48,805,460,47,Buick Regal GS 2012,07940.jpg,C:/Users/seanf/Desktop/archive/cars_train/cars_train/07940.jpg,100
111,94,421,289,157,MINI Cooper Roadster Convertible 2012,07941.jpg,C:/Users/seanf/Desktop/archive/cars_train/cars_train/07941.jpg,190
2,6,300,213,131,Hyundai Santa Fe SUV 2012,07942.jpg,C:/Users/seanf/Desktop/archive/cars_train/cars_train/07942.jpg,80
13,75,421,243,62,Chevrolet Tahoe Hybrid SUV 2012,07943.jpg,C:/Users/seanf/Desktop/archive/cars_train/cars_train/07943.jpg,161
29,158,745,354,158,Maybach Landaulet Convertible 2012,07944.jpg,C:/Users/seanf/Desktop/archive/cars_train/cars_train/07944.jpg,158
15,42,291,174,128,Honda Accord Coupe 2012,07945.jpg,C:/Users/seanf/Desktop/archive/cars_train/cars_train/07945.jpg,126
26,69,227,194,143,Isuzu Ascender SUV 2008,07946.jpg,C:/Users/seanf/Desktop/archive/cars_train/cars_train/07946.jpg,91
92,87,593,383,89,Dodge Journey SUV 2012,07947.jpg,C:/Users/seanf/Desktop/archive/cars_train/cars_train/07947.jpg,6
18,261,633,464,44,Bentley Continental Flying Spur Sedan 2007,07948.jpg,C:/Users/seanf/Desktop/archive/cars_train/cars_train/07948.jpg,46
31,71,1775,1010,191,Volkswagen Golf Hatchback 1991,07949.jpg,C:/Users/seanf/Desktop/archive/cars_train/cars_train/07949.jpg,37
62,118,422,353,120,GMC Yukon Hybrid SUV 2012,07950.jpg,C:/Users/seanf/Desktop/archive/cars_train/cars_train/07950.jpg,21
60,135,657,336,49,Buick Verano Sedan 2012,07951.jpg,C:/Users/seanf/Desktop/archive/cars_train/cars_train/07951.jpg,10
30,60,280,158,128,Honda Accord Coupe 2012,07952.jpg,C:/Users/seanf/Desktop/archive/cars_train/cars_train/07952.jpg,126
24,67,432,327,77,Chrysler Sebring Convertible 2010,07953.jpg,C:/Users/seanf/Desktop/archive/cars_train/cars_train/07953.jpg,122
5,29,265,166,56,Chevrolet Corvette ZR1 2012,07954.jpg,C:/Users/seanf/Desktop/archive/cars_train/cars_train/07954.jpg,94
21,56,623,376,117,Ford Fiesta Sedan 2012,07955.jpg,C:/Users/seanf/Desktop/archive/cars_train/cars_train/07955.jpg,168
15,64,290,158,51,Cadillac CTS-V Sedan 2012,07956.jpg,C:/Users/seanf/Desktop/archive/cars_train/cars_train/07956.jpg,74
29,79,1260,647,181,Suzuki Aerio Sedan 2007,07957.jpg,C:/Users/seanf/Desktop/archive/cars_train/cars_train/07957.jpg,163
44,36,2313,1495,192,Volkswagen Beetle Hatchback 2012,07958.jpg,C:/Users/seanf/Desktop/archive/cars_train/cars_train/07958.jpg,17
1,57,150,136,157,MINI Cooper Roadster Convertible 2012,07959.jpg,C:/Users/seanf/Desktop/archive/cars_train/cars_train/07959.jpg,190
2,24,288,129,2,Acura RL Sedan 2012,07960.jpg,C:/Users/seanf/Desktop/archive/cars_train/cars_train/07960.jpg,191
8,61,295,156,128,Honda Accord Coupe 2012,07961.jpg,C:/Users/seanf/Desktop/archive/cars_train/cars_train/07961.jpg,126
73,219,533,371,129,Honda Accord Sedan 2012,07962.jpg,C:/Users/seanf/Desktop/archive/cars_train/cars_train/07962.jpg,181
86,158,537,401,69,Chevrolet Silverado 2500HD Regular Cab 2012,07963.jpg,C:/Users/seanf/Desktop/archive/cars_train/cars_train/07963.jpg,147
21,22,248,183,42,Bentley Continental GT Coupe 2012,07964.jpg,C:/Users/seanf/Desktop/archive/cars_train/cars_train/07964.jpg,42
6,55,265,150,82,Daewoo Nubira Wagon 2002,07965.jpg,C:/Users/seanf/Desktop/archive/cars_train/cars_train/07965.jpg,186
79,469,1537,1198,1,AM General Hummer SUV 2000,07966.jpg,C:/Users/seanf/Desktop/archive/cars_train/cars_train/07966.jpg,107
42,48,405,299,95,Dodge Durango SUV 2007,07967.jpg,C:/Users/seanf/Desktop/archive/cars_train/cars_train/07967.jpg,193
91,142,417,295,52,Cadillac SRX SUV 2012,07968.jpg,C:/Users/seanf/Desktop/archive/cars_train/cars_train/07968.jpg,189
173,139,960,576,62,Chevrolet Tahoe Hybrid SUV 2012,07969.jpg,C:/Users/seanf/Desktop/archive/cars_train/cars_train/07969.jpg,161
22,71,280,166,171,Nissan 240SX Coupe 1998,07970.jpg,C:/Users/seanf/Desktop/archive/cars_train/cars_train/07970.jpg,92
51,78,444,349,99,FIAT 500 Abarth 2012,07971.jpg,C:/Users/seanf/Desktop/archive/cars_train/cars_train/07971.jpg,135
40,70,574,317,107,Ford Mustang Convertible 2007,07972.jpg,C:/Users/seanf/Desktop/archive/cars_train/cars_train/07972.jpg,132
67,204,614,480,82,Daewoo Nubira Wagon 2002,07973.jpg,C:/Users/seanf/Desktop/archive/cars_train/cars_train/07973.jpg,186
6,87,256,194,53,Cadillac Escalade EXT Crew Cab 2007,07974.jpg,C:/Users/seanf/Desktop/archive/cars_train/cars_train/07974.jpg,45
74,150,370,324,175,Rolls-Royce Phantom Drophead Coupe Convertible 2012,07975.jpg,C:/Users/seanf/Desktop/archive/cars_train/cars_train/07975.jpg,72
36,162,982,675,13,Audi A5 Coupe 2012,07976.jpg,C:/Users/seanf/Desktop/archive/cars_train/cars_train/07976.jpg,36
213,31,842,397,168,Nissan Leaf Hatchback 2012,07977.jpg,C:/Users/seanf/Desktop/archive/cars_train/cars_train/07977.jpg,142
68,238,872,525,151,Lamborghini Aventador Coupe 2012,07978.jpg,C:/Users/seanf/Desktop/archive/cars_train/cars_train/07978.jpg,154
62,83,449,274,82,Daewoo Nubira Wagon 2002,07979.jpg,C:/Users/seanf/Desktop/archive/cars_train/cars_train/07979.jpg,186
49,177,774,544,70,Chevrolet Silverado 1500 Classic Extended Cab 2007,07980.jpg,C:/Users/seanf/Desktop/archive/cars_train/cars_train/07980.jpg,171
104,111,453,309,93,Dodge Challenger SRT8 2011,07981.jpg,C:/Users/seanf/Desktop/archive/cars_train/cars_train/07981.jpg,117
21,111,626,317,176,Rolls-Royce Ghost Sedan 2012,07982.jpg,C:/Users/seanf/Desktop/archive/cars_train/cars_train/07982.jpg,106
23,33,467,232,93,Dodge Challenger SRT8 2011,07983.jpg,C:/Users/seanf/Desktop/archive/cars_train/cars_train/07983.jpg,117
150,137,441,289,179,Spyker C8 Convertible 2009,07984.jpg,C:/Users/seanf/Desktop/archive/cars_train/cars_train/07984.jpg,104
73,81,674,446,119,GMC Savana Van 2012,07985.jpg,C:/Users/seanf/Desktop/archive/cars_train/cars_train/07985.jpg,38
42,165,789,498,145,Jeep Patriot SUV 2012,07986.jpg,C:/Users/seanf/Desktop/archive/cars_train/cars_train/07986.jpg,68
38,224,947,519,187,Toyota Camry Sedan 2012,07987.jpg,C:/Users/seanf/Desktop/archive/cars_train/cars_train/07987.jpg,53
52,4,485,257,134,Hyundai Sonata Hybrid Sedan 2012,07988.jpg,C:/Users/seanf/Desktop/archive/cars_train/cars_train/07988.jpg,3
10,32,292,181,190,Volkswagen Golf Hatchback 2012,07989.jpg,C:/Users/seanf/Desktop/archive/cars_train/cars_train/07989.jpg,51
42,75,509,372,43,Bentley Continental GT Coupe 2007,07990.jpg,C:/Users/seanf/Desktop/archive/cars_train/cars_train/07990.jpg,65
13,18,533,283,154,Land Rover Range Rover SUV 2012,07991.jpg,C:/Users/seanf/Desktop/archive/cars_train/cars_train/07991.jpg,27
47,106,880,447,137,Hyundai Genesis Sedan 2012,07992.jpg,C:/Users/seanf/Desktop/archive/cars_train/cars_train/07992.jpg,83
20,112,604,348,103,Ferrari 458 Italia Convertible 2012,07993.jpg,C:/Users/seanf/Desktop/archive/cars_train/cars_train/07993.jpg,146
6,26,254,120,31,BMW 6 Series Convertible 2007,07994.jpg,C:/Users/seanf/Desktop/archive/cars_train/cars_train/07994.jpg,145
16,37,247,184,108,Ford Freestar Minivan 2007,07995.jpg,C:/Users/seanf/Desktop/archive/cars_train/cars_train/07995.jpg,108
6,6,245,180,171,Nissan 240SX Coupe 1998,07996.jpg,C:/Users/seanf/Desktop/archive/cars_train/cars_train/07996.jpg,92
67,69,412,256,142,Infiniti QX56 SUV 2011,07997.jpg,C:/Users/seanf/Desktop/archive/cars_train/cars_train/07997.jpg,35
6,82,245,181,76,Chrysler Aspen SUV 2009,07998.jpg,C:/Users/seanf/Desktop/archive/cars_train/cars_train/07998.jpg,99
1,96,631,363,70,Chevrolet Silverado 1500 Classic Extended Cab 2007,07999.jpg,C:/Users/seanf/Desktop/archive/cars_train/cars_train/07999.jpg,171
99,200,1103,668,162,Mercedes-Benz C-Class Sedan 2012,08000.jpg,C:/Users/seanf/Desktop/archive/cars_train/cars_train/08000.jpg,79
24,18,627,434,149,Jeep Compass SUV 2012,08001.jpg,C:/Users/seanf/Desktop/archive/cars_train/cars_train/08001.jpg,102
57,111,691,413,161,Mercedes-Benz 300-Class Convertible 1993,08002.jpg,C:/Users/seanf/Desktop/archive/cars_train/cars_train/08002.jpg,86
20,58,243,162,131,Hyundai Santa Fe SUV 2012,08003.jpg,C:/Users/seanf/Desktop/archive/cars_train/cars_train/08003.jpg,80
90,175,626,411,30,BMW 3 Series Wagon 2012,08004.jpg,C:/Users/seanf/Desktop/archive/cars_train/cars_train/08004.jpg,101
131,124,537,329,3,Acura TL Sedan 2012,08005.jpg,C:/Users/seanf/Desktop/archive/cars_train/cars_train/08005.jpg,1
30,146,666,378,140,Hyundai Azera Sedan 2012,08006.jpg,C:/Users/seanf/Desktop/archive/cars_train/cars_train/08006.jpg,98
27,147,1240,836,36,BMW M6 Convertible 2010,08007.jpg,C:/Users/seanf/Desktop/archive/cars_train/cars_train/08007.jpg,20
349,229,1237,907,66,Chevrolet Cobalt SS 2010,08008.jpg,C:/Users/seanf/Desktop/archive/cars_train/cars_train/08008.jpg,29
12,339,1437,1073,162,Mercedes-Benz C-Class Sedan 2012,08009.jpg,C:/Users/seanf/Desktop/archive/cars_train/cars_train/08009.jpg,79
35,73,372,248,17,Audi 100 Sedan 1994,08010.jpg,C:/Users/seanf/Desktop/archive/cars_train/cars_train/08010.jpg,55
10,6,250,110,1,AM General Hummer SUV 2000,08011.jpg,C:/Users/seanf/Desktop/archive/cars_train/cars_train/08011.jpg,107
60,136,1165,617,150,Lamborghini Reventon Coupe 2008,08012.jpg,C:/Users/seanf/Desktop/archive/cars_train/cars_train/08012.jpg,188
28,229,1022,679,119,GMC Savana Van 2012,08013.jpg,C:/Users/seanf/Desktop/archive/cars_train/cars_train/08013.jpg,38
6,40,400,246,12,Audi RS 4 Convertible 2008,08014.jpg,C:/Users/seanf/Desktop/archive/cars_train/cars_train/08014.jpg,125
80,517,1235,901,40,Bentley Arnage Sedan 2009,08015.jpg,C:/Users/seanf/Desktop/archive/cars_train/cars_train/08015.jpg,95
69,50,204,156,5,Acura TSX Sedan 2012,08016.jpg,C:/Users/seanf/Desktop/archive/cars_train/cars_train/08016.jpg,58
16,14,247,170,65,Chevrolet Avalanche Crew Cab 2012,08017.jpg,C:/Users/seanf/Desktop/archive/cars_train/cars_train/08017.jpg,47
181,51,427,232,6,Acura Integra Type R 2001,08018.jpg,C:/Users/seanf/Desktop/archive/cars_train/cars_train/08018.jpg,123
24,27,616,346,138,Hyundai Sonata Sedan 2012,08019.jpg,C:/Users/seanf/Desktop/archive/cars_train/cars_train/08019.jpg,71
32,194,584,452,87,Dodge Ram Pickup 3500 Quad Cab 2009,08020.jpg,C:/Users/seanf/Desktop/archive/cars_train/cars_train/08020.jpg,155
49,264,976,669,28,BMW 1 Series Coupe 2012,08021.jpg,C:/Users/seanf/Desktop/archive/cars_train/cars_train/08021.jpg,88
58,141,701,446,152,Lamborghini Gallardo LP 570-4 Superleggera 2012,08022.jpg,C:/Users/seanf/Desktop/archive/cars_train/cars_train/08022.jpg,176
50,177,976,632,141,Infiniti G Coupe IPL 2012,08023.jpg,C:/Users/seanf/Desktop/archive/cars_train/cars_train/08023.jpg,136
152,195,595,446,159,Mazda Tribute SUV 2011,08024.jpg,C:/Users/seanf/Desktop/archive/cars_train/cars_train/08024.jpg,183
1,20,140,82,119,GMC Savana Van 2012,08025.jpg,C:/Users/seanf/Desktop/archive/cars_train/cars_train/08025.jpg,38
208,157,811,583,24,Audi S4 Sedan 2007,08026.jpg,C:/Users/seanf/Desktop/archive/cars_train/cars_train/08026.jpg,105
8,61,500,273,13,Audi A5 Coupe 2012,08027.jpg,C:/Users/seanf/Desktop/archive/cars_train/cars_train/08027.jpg,36
85,59,774,522,13,Audi A5 Coupe 2012,08028.jpg,C:/Users/seanf/Desktop/archive/cars_train/cars_train/08028.jpg,36
22,26,281,182,106,Ford F-450 Super Duty Crew Cab 2012,08029.jpg,C:/Users/seanf/Desktop/archive/cars_train/cars_train/08029.jpg,4
111,101,350,281,99,FIAT 500 Abarth 2012,08030.jpg,C:/Users/seanf/Desktop/archive/cars_train/cars_train/08030.jpg,135
12,16,117,71,1,AM General Hummer SUV 2000,08031.jpg,C:/Users/seanf/Desktop/archive/cars_train/cars_train/08031.jpg,107
42,107,481,313,34,BMW M3 Coupe 2012,08032.jpg,C:/Users/seanf/Desktop/archive/cars_train/cars_train/08032.jpg,184
48,68,488,273,36,BMW M6 Convertible 2010,08033.jpg,C:/Users/seanf/Desktop/archive/cars_train/cars_train/08033.jpg,20
48,123,708,480,138,Hyundai Sonata Sedan 2012,08034.jpg,C:/Users/seanf/Desktop/archive/cars_train/cars_train/08034.jpg,71
83,68,561,373,73,Chevrolet Malibu Sedan 2007,08035.jpg,C:/Users/seanf/Desktop/archive/cars_train/cars_train/08035.jpg,16
41,392,984,719,187,Toyota Camry Sedan 2012,08036.jpg,C:/Users/seanf/Desktop/archive/cars_train/cars_train/08036.jpg,53
55,210,1007,665,71,Chevrolet Express Van 2007,08037.jpg,C:/Users/seanf/Desktop/archive/cars_train/cars_train/08037.jpg,76
16,91,257,177,80,Chrysler Crossfire Convertible 2008,08038.jpg,C:/Users/seanf/Desktop/archive/cars_train/cars_train/08038.jpg,175
417,32,1664,1262,147,Jeep Liberty SUV 2012,08039.jpg,C:/Users/seanf/Desktop/archive/cars_train/cars_train/08039.jpg,85
88,21,928,601,57,Chevrolet Corvette Ron Fellows Edition Z06 2007,08040.jpg,C:/Users/seanf/Desktop/archive/cars_train/cars_train/08040.jpg,18
14,44,241,154,165,Mercedes-Benz S-Class Sedan 2012,08041.jpg,C:/Users/seanf/Desktop/archive/cars_train/cars_train/08041.jpg,70
77,229,588,433,50,Buick Enclave SUV 2012,08042.jpg,C:/Users/seanf/Desktop/archive/cars_train/cars_train/08042.jpg,113
1,146,533,357,17,Audi 100 Sedan 1994,08043.jpg,C:/Users/seanf/Desktop/archive/cars_train/cars_train/08043.jpg,55
32,121,651,410,10,Aston Martin Virage Convertible 2012,08044.jpg,C:/Users/seanf/Desktop/archive/cars_train/cars_train/08044.jpg,133
40,97,614,456,139,Hyundai Elantra Touring Hatchback 2012,08045.jpg,C:/Users/seanf/Desktop/archive/cars_train/cars_train/08045.jpg,28
168,162,633,416,188,Toyota Corolla Sedan 2012,08046.jpg,C:/Users/seanf/Desktop/archive/cars_train/cars_train/08046.jpg,62
226,481,1531,1126,79,Chrysler 300 SRT-8 2010,08047.jpg,C:/Users/seanf/Desktop/archive/cars_train/cars_train/08047.jpg,19
31,86,456,410,36,BMW M6 Convertible 2010,08048.jpg,C:/Users/seanf/Desktop/archive/cars_train/cars_train/08048.jpg,20
65,40,477,387,64,Chevrolet Express Cargo Van 2007,08049.jpg,C:/Users/seanf/Desktop/archive/cars_train/cars_train/08049.jpg,178
79,191,595,476,94,Dodge Durango SUV 2012,08050.jpg,C:/Users/seanf/Desktop/archive/cars_train/cars_train/08050.jpg,61
82,92,1178,753,11,Aston Martin Virage Coupe 2012,08051.jpg,C:/Users/seanf/Desktop/archive/cars_train/cars_train/08051.jpg,128
36,201,1918,933,154,Land Rover Range Rover SUV 2012,08052.jpg,C:/Users/seanf/Desktop/archive/cars_train/cars_train/08052.jpg,27
35,96,434,315,24,Audi S4 Sedan 2007,08053.jpg,C:/Users/seanf/Desktop/archive/cars_train/cars_train/08053.jpg,105
31,71,541,284,117,Ford Fiesta Sedan 2012,08054.jpg,C:/Users/seanf/Desktop/archive/cars_train/cars_train/08054.jpg,168
228,564,1436,1025,22,Audi S5 Coupe 2012,08055.jpg,C:/Users/seanf/Desktop/archive/cars_train/cars_train/08055.jpg,164
62,98,583,416,119,GMC Savana Van 2012,08056.jpg,C:/Users/seanf/Desktop/archive/cars_train/cars_train/08056.jpg,38
5,43,258,181,143,Isuzu Ascender SUV 2008,08057.jpg,C:/Users/seanf/Desktop/archive/cars_train/cars_train/08057.jpg,91
10,48,292,219,32,BMW X5 SUV 2007,08058.jpg,C:/Users/seanf/Desktop/archive/cars_train/cars_train/08058.jpg,172
89,69,332,274,121,GMC Acadia SUV 2012,08059.jpg,C:/Users/seanf/Desktop/archive/cars_train/cars_train/08059.jpg,82
40,44,1253,885,145,Jeep Patriot SUV 2012,08060.jpg,C:/Users/seanf/Desktop/archive/cars_train/cars_train/08060.jpg,68
14,41,547,343,166,Mercedes-Benz Sprinter Van 2012,08061.jpg,C:/Users/seanf/Desktop/archive/cars_train/cars_train/08061.jpg,162
6,30,258,170,54,Chevrolet Silverado 1500 Hybrid Crew Cab 2012,08062.jpg,C:/Users/seanf/Desktop/archive/cars_train/cars_train/08062.jpg,112
35,119,766,460,121,GMC Acadia SUV 2012,08063.jpg,C:/Users/seanf/Desktop/archive/cars_train/cars_train/08063.jpg,82
20,69,576,480,132,Hyundai Tucson SUV 2012,08064.jpg,C:/Users/seanf/Desktop/archive/cars_train/cars_train/08064.jpg,138
134,15,530,317,148,Jeep Grand Cherokee SUV 2012,08065.jpg,C:/Users/seanf/Desktop/archive/cars_train/cars_train/08065.jpg,43
49,197,594,409,115,Ford Focus Sedan 2007,08066.jpg,C:/Users/seanf/Desktop/archive/cars_train/cars_train/08066.jpg,169
70,102,569,360,150,Lamborghini Reventon Coupe 2008,08067.jpg,C:/Users/seanf/Desktop/archive/cars_train/cars_train/08067.jpg,188
201,77,634,294,37,BMW X3 SUV 2012,08068.jpg,C:/Users/seanf/Desktop/archive/cars_train/cars_train/08068.jpg,75
42,33,390,276,155,Land Rover LR2 SUV 2012,08069.jpg,C:/Users/seanf/Desktop/archive/cars_train/cars_train/08069.jpg,97
34,17,223,94,62,Chevrolet Tahoe Hybrid SUV 2012,08070.jpg,C:/Users/seanf/Desktop/archive/cars_train/cars_train/08070.jpg,161
12,89,453,353,193,Volvo C30 Hatchback 2012,08071.jpg,C:/Users/seanf/Desktop/archive/cars_train/cars_train/08071.jpg,14
1,63,500,265,126,Honda Odyssey Minivan 2012,08072.jpg,C:/Users/seanf/Desktop/archive/cars_train/cars_train/08072.jpg,60
40,119,575,349,42,Bentley Continental GT Coupe 2012,08073.jpg,C:/Users/seanf/Desktop/archive/cars_train/cars_train/08073.jpg,42
70,502,977,951,63,Chevrolet Sonic Sedan 2012,08074.jpg,C:/Users/seanf/Desktop/archive/cars_train/cars_train/08074.jpg,129
90,47,807,499,63,Chevrolet Sonic Sedan 2012,08075.jpg,C:/Users/seanf/Desktop/archive/cars_train/cars_train/08075.jpg,129
44,271,970,532,105,Fisker Karma Sedan 2012,08076.jpg,C:/Users/seanf/Desktop/archive/cars_train/cars_train/08076.jpg,34
44,90,550,298,66,Chevrolet Cobalt SS 2010,08077.jpg,C:/Users/seanf/Desktop/archive/cars_train/cars_train/08077.jpg,29
85,141,1201,622,182,Suzuki Kizashi Sedan 2012,08078.jpg,C:/Users/seanf/Desktop/archive/cars_train/cars_train/08078.jpg,160
80,93,932,558,114,Ford F-150 Regular Cab 2007,08079.jpg,C:/Users/seanf/Desktop/archive/cars_train/cars_train/08079.jpg,50
20,146,629,384,75,Chevrolet Silverado 1500 Regular Cab 2012,08080.jpg,C:/Users/seanf/Desktop/archive/cars_train/cars_train/08080.jpg,159
19,25,287,217,23,Audi S4 Sedan 2012,08081.jpg,C:/Users/seanf/Desktop/archive/cars_train/cars_train/08081.jpg,127
9,87,490,357,37,BMW X3 SUV 2012,08082.jpg,C:/Users/seanf/Desktop/archive/cars_train/cars_train/08082.jpg,75
111,231,917,634,164,Mercedes-Benz E-Class Sedan 2012,08083.jpg,C:/Users/seanf/Desktop/archive/cars_train/cars_train/08083.jpg,177
111,58,451,312,130,Hyundai Veloster Hatchback 2012,08084.jpg,C:/Users/seanf/Desktop/archive/cars_train/cars_train/08084.jpg,152
92,107,632,416,10,Aston Martin Virage Convertible 2012,08085.jpg,C:/Users/seanf/Desktop/archive/cars_train/cars_train/08085.jpg,133
41,60,318,268,12,Audi RS 4 Convertible 2008,08086.jpg,C:/Users/seanf/Desktop/archive/cars_train/cars_train/08086.jpg,125
5,14,84,55,123,Geo Metro Convertible 1993,08087.jpg,C:/Users/seanf/Desktop/archive/cars_train/cars_train/08087.jpg,5
30,42,241,159,190,Volkswagen Golf Hatchback 2012,08088.jpg,C:/Users/seanf/Desktop/archive/cars_train/cars_train/08088.jpg,51
42,13,246,171,129,Honda Accord Sedan 2012,08089.jpg,C:/Users/seanf/Desktop/archive/cars_train/cars_train/08089.jpg,181
19,180,596,439,90,Dodge Dakota Crew Cab 2010,08090.jpg,C:/Users/seanf/Desktop/archive/cars_train/cars_train/08090.jpg,48
55,91,614,439,95,Dodge Durango SUV 2007,08091.jpg,C:/Users/seanf/Desktop/archive/cars_train/cars_train/08091.jpg,193
11,168,626,385,87,Dodge Ram Pickup 3500 Quad Cab 2009,08092.jpg,C:/Users/seanf/Desktop/archive/cars_train/cars_train/08092.jpg,155
85,273,493,425,102,Ferrari California Convertible 2012,08093.jpg,C:/Users/seanf/Desktop/archive/cars_train/cars_train/08093.jpg,141
59,85,615,411,54,Chevrolet Silverado 1500 Hybrid Crew Cab 2012,08094.jpg,C:/Users/seanf/Desktop/archive/cars_train/cars_train/08094.jpg,112
268,269,641,454,45,Bugatti Veyron 16.4 Convertible 2009,08095.jpg,C:/Users/seanf/Desktop/archive/cars_train/cars_train/08095.jpg,119
25,118,319,232,8,Aston Martin V8 Vantage Convertible 2012,08096.jpg,C:/Users/seanf/Desktop/archive/cars_train/cars_train/08096.jpg,54
39,138,649,339,55,Chevrolet Corvette Convertible 2012,08097.jpg,C:/Users/seanf/Desktop/archive/cars_train/cars_train/08097.jpg,148
10,12,445,251,181,Suzuki Aerio Sedan 2007,08098.jpg,C:/Users/seanf/Desktop/archive/cars_train/cars_train/08098.jpg,163
17,42,297,158,116,Ford E-Series Wagon Van 2012,08099.jpg,C:/Users/seanf/Desktop/archive/cars_train/cars_train/08099.jpg,67
23,68,626,450,81,Chrysler PT Cruiser Convertible 2008,08100.jpg,C:/Users/seanf/Desktop/archive/cars_train/cars_train/08100.jpg,182
63,85,587,394,168,Nissan Leaf Hatchback 2012,08101.jpg,C:/Users/seanf/Desktop/archive/cars_train/cars_train/08101.jpg,142
222,337,1764,942,164,Mercedes-Benz E-Class Sedan 2012,08102.jpg,C:/Users/seanf/Desktop/archive/cars_train/cars_train/08102.jpg,177
78,164,741,495,189,Toyota 4Runner SUV 2012,08103.jpg,C:/Users/seanf/Desktop/archive/cars_train/cars_train/08103.jpg,120
31,61,551,425,187,Toyota Camry Sedan 2012,08104.jpg,C:/Users/seanf/Desktop/archive/cars_train/cars_train/08104.jpg,53
30,80,1740,694,85,Dodge Caravan Minivan 1997,08105.jpg,C:/Users/seanf/Desktop/archive/cars_train/cars_train/08105.jpg,13
33,73,396,307,151,Lamborghini Aventador Coupe 2012,08106.jpg,C:/Users/seanf/Desktop/archive/cars_train/cars_train/08106.jpg,154
95,174,1215,770,79,Chrysler 300 SRT-8 2010,08107.jpg,C:/Users/seanf/Desktop/archive/cars_train/cars_train/08107.jpg,19
11,42,249,156,60,Chevrolet HHR SS 2010,08108.jpg,C:/Users/seanf/Desktop/archive/cars_train/cars_train/08108.jpg,96
52,135,422,284,155,Land Rover LR2 SUV 2012,08109.jpg,C:/Users/seanf/Desktop/archive/cars_train/cars_train/08109.jpg,97
22,13,289,200,186,Toyota Sequoia SUV 2012,08110.jpg,C:/Users/seanf/Desktop/archive/cars_train/cars_train/08110.jpg,11
148,85,1504,1036,170,Nissan Juke Hatchback 2012,08111.jpg,C:/Users/seanf/Desktop/archive/cars_train/cars_train/08111.jpg,22
44,51,253,144,97,Dodge Charger SRT-8 2009,08112.jpg,C:/Users/seanf/Desktop/archive/cars_train/cars_train/08112.jpg,33
50,53,431,305,117,Ford Fiesta Sedan 2012,08113.jpg,C:/Users/seanf/Desktop/archive/cars_train/cars_train/08113.jpg,168
12,137,540,368,166,Mercedes-Benz Sprinter Van 2012,08114.jpg,C:/Users/seanf/Desktop/archive/cars_train/cars_train/08114.jpg,162
1015,664,1525,989,160,McLaren MP4-12C Coupe 2012,08115.jpg,C:/Users/seanf/Desktop/archive/cars_train/cars_train/08115.jpg,116
25,46,775,555,163,Mercedes-Benz SL-Class Coupe 2009,08116.jpg,C:/Users/seanf/Desktop/archive/cars_train/cars_train/08116.jpg,111
107,151,932,656,75,Chevrolet Silverado 1500 Regular Cab 2012,08117.jpg,C:/Users/seanf/Desktop/archive/cars_train/cars_train/08117.jpg,159
21,127,628,413,32,BMW X5 SUV 2007,08118.jpg,C:/Users/seanf/Desktop/archive/cars_train/cars_train/08118.jpg,172
27,53,242,148,67,Chevrolet Malibu Hybrid Sedan 2010,08119.jpg,C:/Users/seanf/Desktop/archive/cars_train/cars_train/08119.jpg,166
37,111,582,391,128,Honda Accord Coupe 2012,08120.jpg,C:/Users/seanf/Desktop/archive/cars_train/cars_train/08120.jpg,126
20,32,280,188,153,Lamborghini Diablo Coupe 2001,08121.jpg,C:/Users/seanf/Desktop/archive/cars_train/cars_train/08121.jpg,143
15,42,475,318,52,Cadillac SRX SUV 2012,08122.jpg,C:/Users/seanf/Desktop/archive/cars_train/cars_train/08122.jpg,189
65,55,437,271,178,Scion xD Hatchback 2012,08123.jpg,C:/Users/seanf/Desktop/archive/cars_train/cars_train/08123.jpg,93
10,54,374,212,40,Bentley Arnage Sedan 2009,08124.jpg,C:/Users/seanf/Desktop/archive/cars_train/cars_train/08124.jpg,95
24,85,225,159,55,Chevrolet Corvette Convertible 2012,08125.jpg,C:/Users/seanf/Desktop/archive/cars_train/cars_train/08125.jpg,148
69,60,603,345,117,Ford Fiesta Sedan 2012,08126.jpg,C:/Users/seanf/Desktop/archive/cars_train/cars_train/08126.jpg,168
38,29,380,177,5,Acura TSX Sedan 2012,08127.jpg,C:/Users/seanf/Desktop/archive/cars_train/cars_train/08127.jpg,58
61,138,768,526,112,Ford GT Coupe 2006,08128.jpg,C:/Users/seanf/Desktop/archive/cars_train/cars_train/08128.jpg,73
529,463,1306,808,46,Bugatti Veyron 16.4 Coupe 2009,08129.jpg,C:/Users/seanf/Desktop/archive/cars_train/cars_train/08129.jpg,149
46,31,572,417,46,Bugatti Veyron 16.4 Coupe 2009,08130.jpg,C:/Users/seanf/Desktop/archive/cars_train/cars_train/08130.jpg,149
19,77,619,398,119,GMC Savana Van 2012,08131.jpg,C:/Users/seanf/Desktop/archive/cars_train/cars_train/08131.jpg,38
53,65,424,269,153,Lamborghini Diablo Coupe 2001,08132.jpg,C:/Users/seanf/Desktop/archive/cars_train/cars_train/08132.jpg,143
57,236,881,569,3,Acura TL Sedan 2012,08133.jpg,C:/Users/seanf/Desktop/archive/cars_train/cars_train/08133.jpg,1
26,26,300,222,124,HUMMER H3T Crew Cab 2010,08134.jpg,C:/Users/seanf/Desktop/archive/cars_train/cars_train/08134.jpg,49
53,44,430,293,85,Dodge Caravan Minivan 1997,08135.jpg,C:/Users/seanf/Desktop/archive/cars_train/cars_train/08135.jpg,13
54,122,942,590,187,Toyota Camry Sedan 2012,08136.jpg,C:/Users/seanf/Desktop/archive/cars_train/cars_train/08136.jpg,53
30,287,999,658,17,Audi 100 Sedan 1994,08137.jpg,C:/Users/seanf/Desktop/archive/cars_train/cars_train/08137.jpg,55
50,155,637,392,181,Suzuki Aerio Sedan 2007,08138.jpg,C:/Users/seanf/Desktop/archive/cars_train/cars_train/08138.jpg,163
117,84,583,403,188,Toyota Corolla Sedan 2012,08139.jpg,C:/Users/seanf/Desktop/archive/cars_train/cars_train/08139.jpg,62
3,44,423,336,78,Chrysler Town and Country Minivan 2012,08140.jpg,C:/Users/seanf/Desktop/archive/cars_train/cars_train/08140.jpg,195
138,150,706,523,196,smart fortwo Convertible 2012,08141.jpg,C:/Users/seanf/Desktop/archive/cars_train/cars_train/08141.jpg,134
26,246,660,449,163,Mercedes-Benz SL-Class Coupe 2009,08142.jpg,C:/Users/seanf/Desktop/archive/cars_train/cars_train/08142.jpg,111
78,526,1489,908,112,Ford GT Coupe 2006,08143.jpg,C:/Users/seanf/Desktop/archive/cars_train/cars_train/08143.jpg,73
20,240,862,677,17,Audi 100 Sedan 1994,08144.jpg,C:/Users/seanf/Desktop/archive/cars_train/cars_train/08144.jpg,55
